fold,source_row_index,id,dialogue_id,window_start_turn,window_end_turn,recommendation_type,target,model,gold,prediction,score,text
0,49,gwenshap_modamart__6_w001_004,modamart__6,1,4,handle_objection,unresolved_customer_concern,majority,1,0,0.0,"manager: Thank you for calling ModaMart. This is Alex. How can I help you today?
client: Hi Alex. I’m Lisa. I’ve been looking at your website, but I’m not sure about the sizes for a few items. They seem to vary a lot.
manager: I understand, Lisa. Sizes can be tricky. Are there specific items you’re concerned about?
client: Yes, the summer dresses. I’m usually a medium, but sometimes a small fits better. It’s confusing."
0,50,gwenshap_modamart__6_w003_006,modamart__6,3,6,handle_objection,unresolved_customer_concern,majority,1,0,0.0,"manager: I understand, Lisa. Sizes can be tricky. Are there specific items you’re concerned about?
client: Yes, the summer dresses. I’m usually a medium, but sometimes a small fits better. It’s confusing.
manager: Got it. We actually have a detailed size chart for each product. Have you had a chance to look at those?
client: I saw the size chart but I’ve had problems with online size charts before. They don't always match up with the actual fit."
0,51,gwenshap_modamart__6_w005_008,modamart__6,5,8,handle_objection,unresolved_customer_concern,majority,1,0,0.0,"manager: Got it. We actually have a detailed size chart for each product. Have you had a chance to look at those?
client: I saw the size chart but I’ve had problems with online size charts before. They don't always match up with the actual fit.
manager: That's a common issue. One thing we offer is a virtual stylist service. Would you be interested in setting up a quick consultation to get the best fit recommendations?
client: That sounds helpful, but I’m also worried about the return policy if things don’t fit. Is it easy to return items?"
0,52,gwenshap_modamart__6_w007_010,modamart__6,7,10,handle_objection,unresolved_customer_concern,majority,1,0,0.0,"manager: That's a common issue. One thing we offer is a virtual stylist service. Would you be interested in setting up a quick consultation to get the best fit recommendations?
client: That sounds helpful, but I’m also worried about the return policy if things don’t fit. Is it easy to return items?
manager: Absolutely. You have a 30-day window to return items for a full refund. We also offer free return shipping for all online purchases.
client: That sounds good. But I'm also hesitant because I’ve had bad experiences with slow shipping."
0,53,gwenshap_modamart__6_w009_012,modamart__6,9,12,fix_next_step,unresolved_customer_concern,majority,0,0,0.0,"manager: Absolutely. You have a 30-day window to return items for a full refund. We also offer free return shipping for all online purchases.
client: That sounds good. But I'm also hesitant because I’ve had bad experiences with slow shipping.
manager: We hear you, Lisa. At ModaMart, we prioritize fast and reliable shipping. Most of our orders arrive within 5 business days. Plus, we offer expedited shipping if you need your items sooner.
client: Alright, that’s reassuring. How do I set up the virtual stylist consultation?"
0,54,gwenshap_modamart__6_w011_014,modamart__6,11,14,no_action,unresolved_customer_concern,majority,0,0,0.0,"manager: We hear you, Lisa. At ModaMart, we prioritize fast and reliable shipping. Most of our orders arrive within 5 business days. Plus, we offer expedited shipping if you need your items sooner.
client: Alright, that’s reassuring. How do I set up the virtual stylist consultation?
manager: You can easily schedule it on our website or I can set it up for you right now. What’s your preferred time and date?
client: I’m free tomorrow afternoon. Maybe around 2 PM?"
0,55,gwenshap_modamart__6_w013_016,modamart__6,13,16,no_action,unresolved_customer_concern,majority,0,0,0.0,"manager: You can easily schedule it on our website or I can set it up for you right now. What’s your preferred time and date?
client: I’m free tomorrow afternoon. Maybe around 2 PM?
manager: Perfect. I’ve scheduled your virtual stylist consultation for tomorrow at 2 PM. You’ll receive a confirmation email shortly. Is there anything else I can assist you with?
client: No, that’s all for now. Thanks, Alex."
0,56,gwenshap_modamart__6_w015_018,modamart__6,15,18,no_action,unresolved_customer_concern,majority,0,0,0.0,"manager: Perfect. I’ve scheduled your virtual stylist consultation for tomorrow at 2 PM. You’ll receive a confirmation email shortly. Is there anything else I can assist you with?
client: No, that’s all for now. Thanks, Alex.
manager: My pleasure, Lisa. Have a great day and we’ll talk to you tomorrow.
client: Thanks, bye!"
0,84,gwenshap_nexiv-solutions__0_w001_004,nexiv-solutions__0,1,4,avoid_early_presentation,unresolved_customer_concern,majority,0,0,0.0,"manager: Good afternoon! My name is Kelly from Nexiv Solutions. How are you today?
client: Hi Kelly, I’m doing well, thanks. How about you?
manager: I'm great, thanks for asking! I wanted to take a few minutes to discuss how Nexiv Solutions might be able to help streamline your tech operations. Do you have some time right now?
client: Sure, I have a few minutes."
0,85,gwenshap_nexiv-solutions__0_w003_006,nexiv-solutions__0,3,6,anchor_value,unresolved_customer_concern,majority,0,0,0.0,"manager: I'm great, thanks for asking! I wanted to take a few minutes to discuss how Nexiv Solutions might be able to help streamline your tech operations. Do you have some time right now?
client: Sure, I have a few minutes.
manager: Fantastic. Can you tell me a bit about your current tech setup and any challenges you’re facing?
client: Well, we are currently using multiple platforms to manage our customer data, and it's becoming increasingly difficult to keep everything synchronized. We often have data discrepancies and it's a real pain point for us."
0,86,gwenshap_nexiv-solutions__0_w005_008,nexiv-solutions__0,5,8,anchor_value,unresolved_customer_concern,majority,0,0,0.0,"manager: Fantastic. Can you tell me a bit about your current tech setup and any challenges you’re facing?
client: Well, we are currently using multiple platforms to manage our customer data, and it's becoming increasingly difficult to keep everything synchronized. We often have data discrepancies and it's a real pain point for us.
manager: I understand. Data inconsistencies can be very frustrating. How much time do you think your team spends dealing with these issues?
client: Honestly, we’re spending several hours each week just trying to reconcile data from different sources. It's not just time-consuming but also affects our productivity."
0,87,gwenshap_nexiv-solutions__0_w007_010,nexiv-solutions__0,7,10,anchor_value,unresolved_customer_concern,majority,0,0,0.0,"manager: I understand. Data inconsistencies can be very frustrating. How much time do you think your team spends dealing with these issues?
client: Honestly, we’re spending several hours each week just trying to reconcile data from different sources. It's not just time-consuming but also affects our productivity.
manager: That sounds really tough. What have you tried so far to address this issue?
client: We've tried using third-party integration tools, but they have their own limitations and often create more problems than they solve."
0,88,gwenshap_nexiv-solutions__0_w009_012,nexiv-solutions__0,9,12,handle_objection,unresolved_customer_concern,majority,1,0,0.0,"manager: That sounds really tough. What have you tried so far to address this issue?
client: We've tried using third-party integration tools, but they have their own limitations and often create more problems than they solve.
manager: I see. It's crucial to have a reliable solution. At Nexiv Solutions, we offer a unified platform that can integrate seamlessly with your existing systems and centralize your customer data to ensure consistency. Would that be something you’re interested in?
client: It sounds promising, but we’re concerned about the implementation process. We can’t afford much downtime."
0,89,gwenshap_nexiv-solutions__0_w011_014,nexiv-solutions__0,11,14,handle_objection,unresolved_customer_concern,majority,1,0,0.0,"manager: I see. It's crucial to have a reliable solution. At Nexiv Solutions, we offer a unified platform that can integrate seamlessly with your existing systems and centralize your customer data to ensure consistency. Would that be something you’re interested in?
client: It sounds promising, but we’re concerned about the implementation process. We can’t afford much downtime.
manager: That’s a valid concern. Our solution is designed to integrate with minimal disruption to your operations. We also provide comprehensive support during the implementation process to ensure a smooth transition. How does that align with your needs?
client: It does sound reassuring, but we’re also on a tight budget. Can you give me an idea of the cost?"
0,90,gwenshap_nexiv-solutions__0_w013_016,nexiv-solutions__0,13,16,fix_next_step,unresolved_customer_concern,majority,0,0,0.0,"manager: That’s a valid concern. Our solution is designed to integrate with minimal disruption to your operations. We also provide comprehensive support during the implementation process to ensure a smooth transition. How does that align with your needs?
client: It does sound reassuring, but we’re also on a tight budget. Can you give me an idea of the cost?
manager: Absolutely. While it varies based on the specific package and the size of your operation, I'd be happy to provide a detailed quote after understanding more about your requirements. We often find that the efficiency gained offsets the initial investment quite quickly.
client: Okay, that makes sense. Can you send over some more information?"
0,91,gwenshap_nexiv-solutions__0_w015_018,nexiv-solutions__0,15,18,no_action,unresolved_customer_concern,majority,0,0,0.0,"manager: Absolutely. While it varies based on the specific package and the size of your operation, I'd be happy to provide a detailed quote after understanding more about your requirements. We often find that the efficiency gained offsets the initial investment quite quickly.
client: Okay, that makes sense. Can you send over some more information?
manager: Of course. I’ll email you a detailed proposal along with case studies that demonstrate how we've helped similar companies. Can we schedule a follow-up call for later this week to discuss any questions you might have?
client: Sure, I am available on Thursday afternoon."
0,92,gwenshap_nexiv-solutions__0_w017_020,nexiv-solutions__0,17,20,no_action,unresolved_customer_concern,majority,0,0,0.0,"manager: Of course. I’ll email you a detailed proposal along with case studies that demonstrate how we've helped similar companies. Can we schedule a follow-up call for later this week to discuss any questions you might have?
client: Sure, I am available on Thursday afternoon.
manager: Perfect! I'll set up a meeting for Thursday at 2 PM. I’ll send a calendar invite shortly. Is there anything else you’d like to discuss today?
client: No, that covers it for now. Thanks, Kelly."
0,93,gwenshap_nexiv-solutions__0_w019_022,nexiv-solutions__0,19,22,no_action,unresolved_customer_concern,majority,0,0,0.0,"manager: Perfect! I'll set up a meeting for Thursday at 2 PM. I’ll send a calendar invite shortly. Is there anything else you’d like to discuss today?
client: No, that covers it for now. Thanks, Kelly.
manager: You're welcome! Looking forward to our call on Thursday. Have a great day.
client: You too, bye."
1,26,gwenshap_modamart__3_w001_004,modamart__3,1,4,handle_objection,unresolved_customer_concern,majority,1,0,0.0,"manager: Good afternoon! Thank you for calling ModaMart. My name is Alex. How can I assist you today?
client: Hi, Alex. I'm looking to revamp my wardrobe and I've heard good things about ModaMart, but I've had some bad experiences with online shopping in the past. I'm not sure if I should give it another try.
manager: I understand your concerns. Online shopping can be tricky sometimes. Could you tell me more about what issues you've faced before?
client: Well, the last few times, the clothes didn't fit right and returning them was such a hassle. Plus, the quality wasn't as good as advertised."
1,27,gwenshap_modamart__3_w003_006,modamart__3,3,6,handle_objection,unresolved_customer_concern,majority,1,0,0.0,"manager: I understand your concerns. Online shopping can be tricky sometimes. Could you tell me more about what issues you've faced before?
client: Well, the last few times, the clothes didn't fit right and returning them was such a hassle. Plus, the quality wasn't as good as advertised.
manager: I'm really sorry to hear that. At ModaMart, we offer a detailed sizing guide to help with the fit, and our return process is designed to be hassle-free. You can return items within 30 days for a full refund. As for quality, all our products go through rigorous quality checks before being shipped.
client: That sounds better, but I'm still skeptical about the fit. How accurate are your sizing charts?"
1,28,gwenshap_modamart__3_w005_008,modamart__3,5,8,handle_objection,unresolved_customer_concern,majority,1,0,0.0,"manager: I'm really sorry to hear that. At ModaMart, we offer a detailed sizing guide to help with the fit, and our return process is designed to be hassle-free. You can return items within 30 days for a full refund. As for quality, all our products go through rigorous quality checks before being shipped.
client: That sounds better, but I'm still skeptical about the fit. How accurate are your sizing charts?
manager: Our sizing charts are updated regularly based on customer feedback and measurements. Additionally, we offer a virtual fitting room feature where you can input your measurements and see how different sizes might fit you.
client: Hmm. That sounds helpful, but it's still a leap of faith for me. I hate dealing with returns."
1,29,gwenshap_modamart__3_w007_010,modamart__3,7,10,handle_objection,unresolved_customer_concern,majority,1,0,0.0,"manager: Our sizing charts are updated regularly based on customer feedback and measurements. Additionally, we offer a virtual fitting room feature where you can input your measurements and see how different sizes might fit you.
client: Hmm. That sounds helpful, but it's still a leap of faith for me. I hate dealing with returns.
manager: I completely understand. To make it even easier, we can provide you with a prepaid return label along with your order, so you don't have to worry about shipping costs if something doesn't fit.
client: That’s a nice touch. I’m also concerned about the pricing. I want good quality but at a reasonable price."
1,30,gwenshap_modamart__3_w009_012,modamart__3,9,12,fix_next_step,unresolved_customer_concern,majority,0,0,0.0,"manager: I completely understand. To make it even easier, we can provide you with a prepaid return label along with your order, so you don't have to worry about shipping costs if something doesn't fit.
client: That’s a nice touch. I’m also concerned about the pricing. I want good quality but at a reasonable price.
manager: We strive to offer quality products at competitive prices. Plus, if you sign up for our ModaMart Rewards program, you’ll receive exclusive discounts and early access to sales. As a new customer, we can offer you a 20% discount on your first purchase.
client: That’s pretty tempting. I might give it a try. What are the next steps?"
1,31,gwenshap_modamart__3_w011_014,modamart__3,11,14,no_action,unresolved_customer_concern,majority,0,0,0.0,"manager: We strive to offer quality products at competitive prices. Plus, if you sign up for our ModaMart Rewards program, you’ll receive exclusive discounts and early access to sales. As a new customer, we can offer you a 20% discount on your first purchase.
client: That’s pretty tempting. I might give it a try. What are the next steps?
manager: Great to hear! You can visit our website and sign up for the ModaMart Rewards program right away. If you need any assistance with sizing or product details, feel free to reach out to our customer service team. They'll be more than happy to help.
client: Alright, I’ll check it out. Thank you for addressing my concerns, Alex."
1,32,gwenshap_modamart__3_w013_016,modamart__3,13,16,no_action,unresolved_customer_concern,majority,0,0,0.0,"manager: Great to hear! You can visit our website and sign up for the ModaMart Rewards program right away. If you need any assistance with sizing or product details, feel free to reach out to our customer service team. They'll be more than happy to help.
client: Alright, I’ll check it out. Thank you for addressing my concerns, Alex.
manager: It’s my pleasure. Thank you for considering ModaMart. Have a great day, and happy shopping!
client: Thanks, you too. Bye."
1,42,gwenshap_modamart__5_w001_004,modamart__5,1,4,no_action,unresolved_customer_concern,majority,0,0,0.0,"manager: Good afternoon! Thanks for calling ModaMart. My name is Jessica. How can I assist you today?
client: Hi Jessica. I'm considering buying some new clothes for the fall season, but I'm a bit overwhelmed by the options. I usually shop in-store, and online shopping's got me confused with sizing and returns.
manager: I completely understand. Finding the right fit online can be tricky. Are there specific items or styles you're looking for?
client: Yes, I'm looking for some casual and business-casual pieces like sweaters, blouses, and maybe a new pair of jeans."
1,43,gwenshap_modamart__5_w003_006,modamart__5,3,6,handle_objection,unresolved_customer_concern,majority,1,0,0.0,"manager: I completely understand. Finding the right fit online can be tricky. Are there specific items or styles you're looking for?
client: Yes, I'm looking for some casual and business-casual pieces like sweaters, blouses, and maybe a new pair of jeans.
manager: Great choice for the fall season! At ModaMart, we have detailed size charts and fit guides that can help you determine the best size. Additionally, our return policy is pretty flexible. If something doesn't fit, you can return or exchange it within 30 days.
client: That sounds helpful. But what about the quality? Sometimes online products don’t match the pictures and descriptions."
1,44,gwenshap_modamart__5_w005_008,modamart__5,5,8,handle_objection,unresolved_customer_concern,majority,1,0,0.0,"manager: Great choice for the fall season! At ModaMart, we have detailed size charts and fit guides that can help you determine the best size. Additionally, our return policy is pretty flexible. If something doesn't fit, you can return or exchange it within 30 days.
client: That sounds helpful. But what about the quality? Sometimes online products don’t match the pictures and descriptions.
manager: That's a common concern. ModaMart ensures high quality for all our products, and we provide customer reviews and ratings for most items. This way, you can see what other customers think before making a purchase. Our customer service team is also available to help with any issues you might have once you receive your order.
client: That’s reassuring. Still, I'm worried about the hassle of returns if I don’t like something. I've had bad experiences with other retailers."
1,45,gwenshap_modamart__5_w007_010,modamart__5,7,10,handle_objection,unresolved_customer_concern,majority,1,0,0.0,"manager: That's a common concern. ModaMart ensures high quality for all our products, and we provide customer reviews and ratings for most items. This way, you can see what other customers think before making a purchase. Our customer service team is also available to help with any issues you might have once you receive your order.
client: That’s reassuring. Still, I'm worried about the hassle of returns if I don’t like something. I've had bad experiences with other retailers.
manager: I hear you. ModaMart aims to make the returns process as smooth as possible. You can initiate a return directly from your online account, and we provide a prepaid shipping label to send items back without any additional cost.
client: Okay, that does sound convenient. How long does the refund process usually take?"
1,46,gwenshap_modamart__5_w009_012,modamart__5,9,12,fix_next_step,unresolved_customer_concern,majority,0,0,0.0,"manager: I hear you. ModaMart aims to make the returns process as smooth as possible. You can initiate a return directly from your online account, and we provide a prepaid shipping label to send items back without any additional cost.
client: Okay, that does sound convenient. How long does the refund process usually take?
manager: Once we receive the returned items, refunds are typically processed within 3 to 5 business days. You'll receive an email confirmation when the refund has been issued.
client: That sounds fair. I think I’ll give it a try. How do I get started?"
1,47,gwenshap_modamart__5_w011_014,modamart__5,11,14,no_action,unresolved_customer_concern,majority,0,0,0.0,"manager: Once we receive the returned items, refunds are typically processed within 3 to 5 business days. You'll receive an email confirmation when the refund has been issued.
client: That sounds fair. I think I’ll give it a try. How do I get started?
manager: Fantastic! You can start by visiting our website and browsing the fall collection. If you have any questions at any point, feel free to contact us via chat, phone, or email. We’re here to help.
client: Thanks, Jessica. You've been very helpful."
1,48,gwenshap_modamart__5_w013_016,modamart__5,13,16,no_action,unresolved_customer_concern,majority,0,0,0.0,"manager: Fantastic! You can start by visiting our website and browsing the fall collection. If you have any questions at any point, feel free to contact us via chat, phone, or email. We’re here to help.
client: Thanks, Jessica. You've been very helpful.
manager: It’s my pleasure! Have a great day shopping with ModaMart, and enjoy your new fall wardrobe!
client: Thanks again. Bye!"
1,65,gwenshap_modamart__8_w001_004,modamart__8,1,4,anchor_value,unresolved_customer_concern,majority,0,0,0.0,"manager: Thank you for calling ModaMart! This is Sarah, how can I assist you today?
client: Hi, I'm looking for some information on your latest winter collection. I'm particularly interested in jackets.
manager: Absolutely! Our new winter collection just launched, and we have some great jackets in various styles. Are you looking for something more casual or formal?
client: I'm going to need something versatile. You know, something I can wear to work but also on weekends. And it has to be warm because the last jacket I bought from another store wasn’t warm enough."
1,66,gwenshap_modamart__8_w003_006,modamart__8,3,6,handle_objection,unresolved_customer_concern,majority,1,0,0.0,"manager: Absolutely! Our new winter collection just launched, and we have some great jackets in various styles. Are you looking for something more casual or formal?
client: I'm going to need something versatile. You know, something I can wear to work but also on weekends. And it has to be warm because the last jacket I bought from another store wasn’t warm enough.
manager: I understand. Staying warm in winter is crucial. All our winter jackets are insulated, but for a versatile option, I recommend our ""Everest"" jacket. It's designed to be both work-appropriate and casual.
client: That sounds good, but I'm also concerned about the fit. I'm tall and often find it hard to get a good fit off the rack."
1,67,gwenshap_modamart__8_w005_008,modamart__8,5,8,no_action,unresolved_customer_concern,majority,0,0,0.0,"manager: I understand. Staying warm in winter is crucial. All our winter jackets are insulated, but for a versatile option, I recommend our ""Everest"" jacket. It's designed to be both work-appropriate and casual.
client: That sounds good, but I'm also concerned about the fit. I'm tall and often find it hard to get a good fit off the rack.
manager: I hear you. Fit can be a tricky issue. The ""Everest"" jacket comes in a variety of sizes, including tall options. If you like, I can check the availability in your size and possibly suggest some alternatives.
client: Sure, that would be helpful."
1,68,gwenshap_modamart__8_w007_010,modamart__8,7,10,no_action,unresolved_customer_concern,majority,0,0,0.0,"manager: I hear you. Fit can be a tricky issue. The ""Everest"" jacket comes in a variety of sizes, including tall options. If you like, I can check the availability in your size and possibly suggest some alternatives.
client: Sure, that would be helpful.
manager: Great, can you tell me your size? That will help me narrow it down.
client: I usually wear a large, but like I said, I need it in tall sizes."
1,69,gwenshap_modamart__8_w009_012,modamart__8,9,12,handle_objection,unresolved_customer_concern,majority,1,0,0.0,"manager: Great, can you tell me your size? That will help me narrow it down.
client: I usually wear a large, but like I said, I need it in tall sizes.
manager: Understood. Let me check our inventory... Yes, we have the ""Everest"" in large tall. We also have a similar style called ""Alpine"" which is a bit more fitted but equally warm and versatile.
client: Okay, that sounds good. But what if it doesn't fit right? Can I return it easily?"
1,70,gwenshap_modamart__8_w011_014,modamart__8,11,14,fix_next_step,unresolved_customer_concern,majority,0,0,0.0,"manager: Understood. Let me check our inventory... Yes, we have the ""Everest"" in large tall. We also have a similar style called ""Alpine"" which is a bit more fitted but equally warm and versatile.
client: Okay, that sounds good. But what if it doesn't fit right? Can I return it easily?
manager: Definitely, we have a hassle-free return policy. You can return or exchange any item within 30 days of purchase, no questions asked.
client: Alright. I think I'll go with the ""Everest"" jacket. Can you help me place the order?"
1,71,gwenshap_modamart__8_w013_016,modamart__8,13,16,no_action,unresolved_customer_concern,majority,0,0,0.0,"manager: Definitely, we have a hassle-free return policy. You can return or exchange any item within 30 days of purchase, no questions asked.
client: Alright. I think I'll go with the ""Everest"" jacket. Can you help me place the order?
manager: Of course! I’ll need a few details to complete the order. How would you like to make the payment?
client: I’ll use my credit card."
1,72,gwenshap_modamart__8_w015_018,modamart__8,15,18,no_action,unresolved_customer_concern,majority,0,0,0.0,"manager: Of course! I’ll need a few details to complete the order. How would you like to make the payment?
client: I’ll use my credit card.
manager: Perfect. I'll just need your shipping address and payment details to complete your order. Would you like an email confirmation?
client: Yes, please. How long will the shipping take?"
1,73,gwenshap_modamart__8_w017_020,modamart__8,17,20,no_action,unresolved_customer_concern,majority,0,0,0.0,"manager: Perfect. I'll just need your shipping address and payment details to complete your order. Would you like an email confirmation?
client: Yes, please. How long will the shipping take?
manager: Standard shipping typically takes 3-5 business days. You’ll receive tracking information via email once the order has been shipped.
client: Great, I appreciate the help!"
1,74,gwenshap_modamart__8_w019_022,modamart__8,19,22,no_action,unresolved_customer_concern,majority,0,0,0.0,"manager: Standard shipping typically takes 3-5 business days. You’ll receive tracking information via email once the order has been shipped.
client: Great, I appreciate the help!
manager: My pleasure! Your order will be processed shortly. If you have any other questions or need further assistance, don't hesitate to reach out.
client: Will do. Thanks again!"
2,17,gwenshap_modamart__2_w001_004,modamart__2,1,4,handle_objection,unresolved_customer_concern,majority,1,0,0.0,"manager: Hi there, this is Jake from ModaMart. How are you today?
client: Hi Jake, I'm doing okay. Just busy with work. What can I help you with?
manager: I completely understand! I'll keep it brief. I wanted to touch base about your recent online browsing and see if you had any questions or needed assistance with anything.
client: Well, I have been looking at some of your new fall collection, but I'm honestly not sure about a few things."
2,18,gwenshap_modamart__2_w003_006,modamart__2,3,6,handle_objection,unresolved_customer_concern,majority,1,0,0.0,"manager: I completely understand! I'll keep it brief. I wanted to touch base about your recent online browsing and see if you had any questions or needed assistance with anything.
client: Well, I have been looking at some of your new fall collection, but I'm honestly not sure about a few things.
manager: That's great to hear you've been checking out our new collection! What specifically has you unsure?
client: The main thing is sizing. I've found that with some brands, the sizes are all over the place. I'm worried about ordering something that doesn't fit right."
2,19,gwenshap_modamart__2_w005_008,modamart__2,5,8,handle_objection,unresolved_customer_concern,majority,1,0,0.0,"manager: That's great to hear you've been checking out our new collection! What specifically has you unsure?
client: The main thing is sizing. I've found that with some brands, the sizes are all over the place. I'm worried about ordering something that doesn't fit right.
manager: Got it. Sizing can definitely be tricky. At ModaMart, we actually provide detailed sizing charts for each brand. Have you had a chance to look at those?
client: I saw them, but I'm still skeptical. Returning items is just such a hassle."
2,20,gwenshap_modamart__2_w007_010,modamart__2,7,10,handle_objection,unresolved_customer_concern,majority,1,0,0.0,"manager: Got it. Sizing can definitely be tricky. At ModaMart, we actually provide detailed sizing charts for each brand. Have you had a chance to look at those?
client: I saw them, but I'm still skeptical. Returning items is just such a hassle.
manager: I hear you. To make the process easier, we offer free returns and exchanges within 30 days. We can even schedule a pickup for the return. Does that address your concern?
client: That does help, but I'm also a bit concerned about the quality. I've had bad experiences with online shopping before."
2,21,gwenshap_modamart__2_w009_012,modamart__2,9,12,no_action,unresolved_customer_concern,majority,0,0,0.0,"manager: I hear you. To make the process easier, we offer free returns and exchanges within 30 days. We can even schedule a pickup for the return. Does that address your concern?
client: That does help, but I'm also a bit concerned about the quality. I've had bad experiences with online shopping before.
manager: I understand your concerns. At ModaMart, we pride ourselves on offering high-quality products, but we also have customer reviews for most items. Reading them might give you a better sense of the quality. Have you checked those out?
client: No, I haven't really looked at the reviews yet."
2,22,gwenshap_modamart__2_w011_014,modamart__2,11,14,handle_objection,unresolved_customer_concern,majority,1,0,0.0,"manager: I understand your concerns. At ModaMart, we pride ourselves on offering high-quality products, but we also have customer reviews for most items. Reading them might give you a better sense of the quality. Have you checked those out?
client: No, I haven't really looked at the reviews yet.
manager: I highly recommend it. They can be very informative. Plus, if you find that you're still not satisfied with the product, our customer service team is here to ensure you have a positive experience.
client: Alright, I'll take a look at the reviews. One more thing—do you have any promotions or discounts going on right now?"
2,23,gwenshap_modamart__2_w013_016,modamart__2,13,16,no_action,unresolved_customer_concern,majority,0,0,0.0,"manager: I highly recommend it. They can be very informative. Plus, if you find that you're still not satisfied with the product, our customer service team is here to ensure you have a positive experience.
client: Alright, I'll take a look at the reviews. One more thing—do you have any promotions or discounts going on right now?
manager: I'm glad you asked! We currently have a 15% off promotion for first-time online customers. I can send you a discount code if you're interested.
client: That sounds good. Yeah, please send me the code."
2,24,gwenshap_modamart__2_w015_018,modamart__2,15,18,no_action,unresolved_customer_concern,majority,0,0,0.0,"manager: I'm glad you asked! We currently have a 15% off promotion for first-time online customers. I can send you a discount code if you're interested.
client: That sounds good. Yeah, please send me the code.
manager: Will do! I'll email the discount code to you right after this call. Is there anything else I can assist you with today?
client: No, I think that covers my questions for now. Thanks for your help."
2,25,gwenshap_modamart__2_w017_020,modamart__2,17,20,no_action,unresolved_customer_concern,majority,0,0,0.0,"manager: Will do! I'll email the discount code to you right after this call. Is there anything else I can assist you with today?
client: No, I think that covers my questions for now. Thanks for your help.
manager: You're welcome! Don't hesitate to reach out if you have any more questions, and enjoy shopping at ModaMart. Have a great day!
client: Thanks, Jake. You too."
2,75,gwenshap_modamart__9_w001_004,modamart__9,1,4,no_action,unresolved_customer_concern,majority,0,0,0.0,"manager: Hi, thank you for calling ModaMart. This is Jamie, how can I assist you today?
client: Hi Jamie, I’ve been having some issues with an order I recently placed.
manager: I’m sorry to hear that. Could you provide me with your order number so I can look into it?
client: Sure, it’s 56789."
2,76,gwenshap_modamart__9_w003_006,modamart__9,3,6,no_action,unresolved_customer_concern,majority,0,0,0.0,"manager: I’m sorry to hear that. Could you provide me with your order number so I can look into it?
client: Sure, it’s 56789.
manager: Alright, let me pull that up. While I'm doing that, can you tell me exactly what's been going wrong?
client: The main thing is that the dress I received is a different color than what was shown online. Also, it doesn’t fit as expected."
2,77,gwenshap_modamart__9_w005_008,modamart__9,5,8,no_action,unresolved_customer_concern,majority,0,0,0.0,"manager: Alright, let me pull that up. While I'm doing that, can you tell me exactly what's been going wrong?
client: The main thing is that the dress I received is a different color than what was shown online. Also, it doesn’t fit as expected.
manager: I see. I apologize for that inconvenience. Let me first address the color issue. Can you describe the discrepancy between the color you saw online and the one you received?
client: The dress was supposed to be a light blue, but what I got is more of a teal."
2,78,gwenshap_modamart__9_w007_010,modamart__9,7,10,handle_objection,unresolved_customer_concern,majority,1,0,0.0,"manager: I see. I apologize for that inconvenience. Let me first address the color issue. Can you describe the discrepancy between the color you saw online and the one you received?
client: The dress was supposed to be a light blue, but what I got is more of a teal.
manager: Thank you for pointing that out. Sometimes colors can appear differently due to screen settings. We can certainly look into that for you. Regarding the fit, did you use our sizing guide when you placed the order?
client: Yes, I did, but it’s still too tight around the waist."
2,79,gwenshap_modamart__9_w009_012,modamart__9,9,12,handle_objection,unresolved_customer_concern,majority,1,0,0.0,"manager: Thank you for pointing that out. Sometimes colors can appear differently due to screen settings. We can certainly look into that for you. Regarding the fit, did you use our sizing guide when you placed the order?
client: Yes, I did, but it’s still too tight around the waist.
manager: I'm really sorry to hear that. We do our best to create accurate sizing guides, but it sounds like this one didn't match up for you. We can process an exchange for a different size or even a return if you prefer.
client: I think I’d rather return it. But what about the return shipping, do I have to pay for that?"
2,80,gwenshap_modamart__9_w011_014,modamart__9,11,14,fix_next_step,unresolved_customer_concern,majority,0,0,0.0,"manager: I'm really sorry to hear that. We do our best to create accurate sizing guides, but it sounds like this one didn't match up for you. We can process an exchange for a different size or even a return if you prefer.
client: I think I’d rather return it. But what about the return shipping, do I have to pay for that?
manager: For cases where the item is not as described or doesn't fit as expected despite following our sizing guide, we cover the return shipping costs. I'll email you a prepaid return label and instructions on how to send it back.
client: Okay, that sounds good. What’s the next step after I send it back?"
2,81,gwenshap_modamart__9_w013_016,modamart__9,13,16,handle_objection,unresolved_customer_concern,majority,1,0,0.0,"manager: For cases where the item is not as described or doesn't fit as expected despite following our sizing guide, we cover the return shipping costs. I'll email you a prepaid return label and instructions on how to send it back.
client: Okay, that sounds good. What’s the next step after I send it back?
manager: Once we receive the returned dress, we’ll process your refund within 3-5 business days and send you a confirmation email. Is there anything else I can help you with today?
client: Actually, I was looking at another dress on your website. Can you tell me about your exchange policy?"
2,82,gwenshap_modamart__9_w015_018,modamart__9,15,18,no_action,unresolved_customer_concern,majority,0,0,0.0,"manager: Once we receive the returned dress, we’ll process your refund within 3-5 business days and send you a confirmation email. Is there anything else I can help you with today?
client: Actually, I was looking at another dress on your website. Can you tell me about your exchange policy?
manager: Certainly! If you decide on another dress and it ends up not being right, you have a 30-day window to return or exchange it. Just keep the tags on and bring the original receipt.
client: Alright, that covers everything. Thanks for your help."
2,83,gwenshap_modamart__9_w017_020,modamart__9,17,20,no_action,unresolved_customer_concern,majority,0,0,0.0,"manager: Certainly! If you decide on another dress and it ends up not being right, you have a 30-day window to return or exchange it. Just keep the tags on and bring the original receipt.
client: Alright, that covers everything. Thanks for your help.
manager: You’re welcome! I'll send that return label shortly. Have a great day, and feel free to contact us if you have any more questions.
client: Will do, thanks."
3,0,gwenshap_modamart__0_w001_004,modamart__0,1,4,handle_objection,unresolved_customer_concern,majority,1,0,0.0,"manager: Hi there! Thank you for taking the time to speak with me today. My name is Jamie, and I’m a sales representative from ModaMart. How are you today?
client: Hi Jamie. I'm doing well, thanks. How about you?
manager: I’m great, thank you! So, I understand you’ve been browsing our online store. Is there anything specific you’re looking for today?
client: Well, I've been looking at some winter jackets, but I'm not sure about the quality and if they're worth the price."
3,1,gwenshap_modamart__0_w003_006,modamart__0,3,6,no_action,unresolved_customer_concern,majority,0,0,0.0,"manager: I’m great, thank you! So, I understand you’ve been browsing our online store. Is there anything specific you’re looking for today?
client: Well, I've been looking at some winter jackets, but I'm not sure about the quality and if they're worth the price.
manager: I completely understand your concerns. Our winter jackets are made from high-quality materials designed to keep you warm even in the harshest conditions. May I ask what specifically you’re looking for in a jacket?
client: I mostly need something that’s really warm but also lightweight. I don’t want to feel like I'm carrying a heavy blanket around."
3,2,gwenshap_modamart__0_w005_008,modamart__0,5,8,handle_objection,unresolved_customer_concern,majority,1,0,0.0,"manager: I completely understand your concerns. Our winter jackets are made from high-quality materials designed to keep you warm even in the harshest conditions. May I ask what specifically you’re looking for in a jacket?
client: I mostly need something that’s really warm but also lightweight. I don’t want to feel like I'm carrying a heavy blanket around.
manager: That makes total sense. Nobody likes to feel weighed down. We have a range of jackets filled with high-loft down, which is incredibly warm yet very lightweight. Have you had a chance to read any reviews or check out our customer ratings?
client: I did see some reviews, but I’m always a bit skeptical. Sometimes reviews can be misleading."
3,3,gwenshap_modamart__0_w007_010,modamart__0,7,10,handle_objection,unresolved_customer_concern,majority,1,0,0.0,"manager: That makes total sense. Nobody likes to feel weighed down. We have a range of jackets filled with high-loft down, which is incredibly warm yet very lightweight. Have you had a chance to read any reviews or check out our customer ratings?
client: I did see some reviews, but I’m always a bit skeptical. Sometimes reviews can be misleading.
manager: That’s a valid point. If you’re interested, I can send you a few detailed testimonials from customers who specifically mentioned how lightweight and warm our jackets are. Would that help?
client: Yeah, that would be helpful. But I'm also concerned about sizing. I’ve had issues with ordering clothes online that don’t fit well."
3,4,gwenshap_modamart__0_w009_012,modamart__0,9,12,no_action,unresolved_customer_concern,majority,0,0,0.0,"manager: That’s a valid point. If you’re interested, I can send you a few detailed testimonials from customers who specifically mentioned how lightweight and warm our jackets are. Would that help?
client: Yeah, that would be helpful. But I'm also concerned about sizing. I’ve had issues with ordering clothes online that don’t fit well.
manager: I hear you. Getting the right fit is crucial. We offer detailed sizing charts on our website, and we also have a very flexible return and exchange policy. If the size isn’t quite right, you can easily exchange it. Plus, I can guide you through finding the right size now. What size do you usually wear?
client: I normally wear a medium, but sometimes I need a large depending on the brand."
3,5,gwenshap_modamart__0_w011_014,modamart__0,11,14,fix_next_step,unresolved_customer_concern,majority,0,0,0.0,"manager: I hear you. Getting the right fit is crucial. We offer detailed sizing charts on our website, and we also have a very flexible return and exchange policy. If the size isn’t quite right, you can easily exchange it. Plus, I can guide you through finding the right size now. What size do you usually wear?
client: I normally wear a medium, but sometimes I need a large depending on the brand.
manager: Understood. Our sizing tends to be true to fit, but I’d recommend measuring yourself using our online guide to ensure accuracy. I can also offer you a 10% discount on your first purchase, which might make taking the plunge a bit easier. How does that sound?
client: That sounds pretty good. I definitely feel more comfortable with the return policy and the discount."
3,6,gwenshap_modamart__0_w013_016,modamart__0,13,16,no_action,unresolved_customer_concern,majority,0,0,0.0,"manager: Understood. Our sizing tends to be true to fit, but I’d recommend measuring yourself using our online guide to ensure accuracy. I can also offer you a 10% discount on your first purchase, which might make taking the plunge a bit easier. How does that sound?
client: That sounds pretty good. I definitely feel more comfortable with the return policy and the discount.
manager: I’m glad to hear that. I’ll send you the testimonials and the sizing guide right after our call. Is there anything else you’d like to know about our winter jackets?
client: No, I think that covers it."
3,7,gwenshap_modamart__0_w015_018,modamart__0,15,18,no_action,unresolved_customer_concern,majority,0,0,0.0,"manager: I’m glad to hear that. I’ll send you the testimonials and the sizing guide right after our call. Is there anything else you’d like to know about our winter jackets?
client: No, I think that covers it.
manager: Fantastic. I’ll email you the information, and if you have any more questions or need further assistance, feel free to reach out. We’re here to help. Thank you for your time and have a great day!
client: Thank you, Jamie. I appreciate your help. Take care!"
3,33,gwenshap_modamart__4_w001_004,modamart__4,1,4,handle_objection,unresolved_customer_concern,majority,1,0,0.0,"manager: Good afternoon, thank you for calling ModaMart. My name is Sarah, how can I assist you today?
client: Hi Sarah, I'm considering making a big purchase, but I have some concerns. Can you help me with that?
manager: Of course! What products are you looking at, and what concerns do you have?
client: I'm looking at the winter jackets, specifically the Model X. It seems a bit pricey, and I'm not sure if it's worth the investment."
3,34,gwenshap_modamart__4_w003_006,modamart__4,3,6,handle_objection,unresolved_customer_concern,majority,1,0,0.0,"manager: Of course! What products are you looking at, and what concerns do you have?
client: I'm looking at the winter jackets, specifically the Model X. It seems a bit pricey, and I'm not sure if it's worth the investment.
manager: I understand your concern. The Model X jacket is one of our premium products made with high-quality insulation and weather-resistant materials. It’s designed to keep you warm and dry in extreme conditions. Are you planning on using it for everyday wear, or just for specific activities?
client: Mostly for commuting to work, but I also do some hiking on the weekends. My main issue is that I bought a different jacket last winter, and it didn't hold up well at all."
3,35,gwenshap_modamart__4_w005_008,modamart__4,5,8,handle_objection,unresolved_customer_concern,majority,1,0,0.0,"manager: I understand your concern. The Model X jacket is one of our premium products made with high-quality insulation and weather-resistant materials. It’s designed to keep you warm and dry in extreme conditions. Are you planning on using it for everyday wear, or just for specific activities?
client: Mostly for commuting to work, but I also do some hiking on the weekends. My main issue is that I bought a different jacket last winter, and it didn't hold up well at all.
manager: I'm sorry to hear that. Do you remember what brand or model it was? Maybe I can understand better what went wrong last time.
client: It was another brand's mid-tier model. It started to lose its warmth after a couple of months and the zipper broke."
3,36,gwenshap_modamart__4_w007_010,modamart__4,7,10,handle_objection,unresolved_customer_concern,majority,1,0,0.0,"manager: I'm sorry to hear that. Do you remember what brand or model it was? Maybe I can understand better what went wrong last time.
client: It was another brand's mid-tier model. It started to lose its warmth after a couple of months and the zipper broke.
manager: That’s definitely frustrating. The Model X jacket has a reinforced zipper and double-stitched seams for durability. Plus, it comes with a one-year warranty that covers any manufacturing defects, so you won’t have to worry about those issues again.
client: That sounds reassuring, but it's still quite a lot of money. Do you offer any payment plans?"
3,37,gwenshap_modamart__4_w009_012,modamart__4,9,12,handle_objection,unresolved_customer_concern,majority,1,0,0.0,"manager: That’s definitely frustrating. The Model X jacket has a reinforced zipper and double-stitched seams for durability. Plus, it comes with a one-year warranty that covers any manufacturing defects, so you won’t have to worry about those issues again.
client: That sounds reassuring, but it's still quite a lot of money. Do you offer any payment plans?
manager: Yes, we do offer financing options. You can break down the cost into manageable monthly payments at 0% interest if paid within 6 months. We also have a 30-day return policy if you’re not completely satisfied with your purchase.
client: That definitely helps. Another thing, how do I know if it will fit well? I have a hard time finding jackets that fit just right."
3,38,gwenshap_modamart__4_w011_014,modamart__4,11,14,no_action,unresolved_customer_concern,majority,0,0,0.0,"manager: Yes, we do offer financing options. You can break down the cost into manageable monthly payments at 0% interest if paid within 6 months. We also have a 30-day return policy if you’re not completely satisfied with your purchase.
client: That definitely helps. Another thing, how do I know if it will fit well? I have a hard time finding jackets that fit just right.
manager: We offer a comprehensive size guide on our website, but I can also help you over the phone. Could you provide me with your measurements? Additionally, if the size you choose doesn’t fit, you can exchange it free of charge.
client: Great. I’m about 5'8"" and around 160 pounds."
3,39,gwenshap_modamart__4_w013_016,modamart__4,13,16,fix_next_step,unresolved_customer_concern,majority,0,0,0.0,"manager: We offer a comprehensive size guide on our website, but I can also help you over the phone. Could you provide me with your measurements? Additionally, if the size you choose doesn’t fit, you can exchange it free of charge.
client: Great. I’m about 5'8"" and around 160 pounds.
manager: Based on that, I would recommend a size Medium. However, it might be a good idea to check our size guide online for more detailed measurements.
client: Okay, I'll check the size guide and think it over. Can I call back if I decide to make the purchase?"
3,40,gwenshap_modamart__4_w015_018,modamart__4,15,18,fix_next_step,unresolved_customer_concern,majority,0,0,0.0,"manager: Based on that, I would recommend a size Medium. However, it might be a good idea to check our size guide online for more detailed measurements.
client: Okay, I'll check the size guide and think it over. Can I call back if I decide to make the purchase?
manager: Absolutely, you can call us anytime, or you can order directly through our website at your convenience. Is there anything else I can assist you with right now?
client: No, I think that's it for now. Thanks for all the information, Sarah. You've been very helpful."
3,41,gwenshap_modamart__4_w017_020,modamart__4,17,20,no_action,unresolved_customer_concern,majority,0,0,0.0,"manager: Absolutely, you can call us anytime, or you can order directly through our website at your convenience. Is there anything else I can assist you with right now?
client: No, I think that's it for now. Thanks for all the information, Sarah. You've been very helpful.
manager: My pleasure! Feel free to reach out if you have any more questions. Have a great day!
client: You too, thanks!"
3,94,gwenshap_nexiv-solutions__1_w001_004,nexiv-solutions__1,1,4,avoid_early_presentation,unresolved_customer_concern,majority,0,0,0.0,"manager: Hi, this is Alex from Nexiv Solutions. Am I speaking with Jamie?
client: Yes, this is Jamie. How can I help you?
manager: Great to speak with you, Jamie. I wanted to introduce you to some of the solutions Nexiv offers. We're helping companies like yours streamline their operations with our integrated software suite. Could I ask, what are some of the challenges you're facing with your current tech setup?
client: Honestly, we're struggling with data consolidation. We have different systems for inventory, sales, and customer management, and it's a hassle to get a clear view of everything."
3,95,gwenshap_nexiv-solutions__1_w003_006,nexiv-solutions__1,3,6,anchor_value,unresolved_customer_concern,majority,0,0,0.0,"manager: Great to speak with you, Jamie. I wanted to introduce you to some of the solutions Nexiv offers. We're helping companies like yours streamline their operations with our integrated software suite. Could I ask, what are some of the challenges you're facing with your current tech setup?
client: Honestly, we're struggling with data consolidation. We have different systems for inventory, sales, and customer management, and it's a hassle to get a clear view of everything.
manager: I hear that a lot. Data fragmentation can be a real headache. How much time would you say your team spends on manual data reconciliation each week?
client: Probably around ten hours or more. It's really inefficient."
3,96,gwenshap_nexiv-solutions__1_w005_008,nexiv-solutions__1,5,8,handle_objection,unresolved_customer_concern,majority,1,0,0.0,"manager: I hear that a lot. Data fragmentation can be a real headache. How much time would you say your team spends on manual data reconciliation each week?
client: Probably around ten hours or more. It's really inefficient.
manager: That sounds frustrating. Our platform offers a unified dashboard that brings all your data into one place, reducing the need for manual efforts. Could that help reduce those ten hours for your team?
client: It sounds promising, but we’ve tried new systems before, and the transition is always difficult. We're worried about the downtime and the learning curve."
3,97,gwenshap_nexiv-solutions__1_w007_010,nexiv-solutions__1,7,10,handle_objection,unresolved_customer_concern,majority,1,0,0.0,"manager: That sounds frustrating. Our platform offers a unified dashboard that brings all your data into one place, reducing the need for manual efforts. Could that help reduce those ten hours for your team?
client: It sounds promising, but we’ve tried new systems before, and the transition is always difficult. We're worried about the downtime and the learning curve.
manager: I understand your concern. Rolling out new software can be challenging. At Nexiv, we provide dedicated onboarding and training support to ensure a smooth transition. Plus, our customer success team is always on hand to assist with any issues. Would that help alleviate some of your concerns?
client: It might, but we're also cautious about the cost. Budget is a big factor for us right now."
3,98,gwenshap_nexiv-solutions__1_w009_012,nexiv-solutions__1,9,12,fix_next_step,unresolved_customer_concern,majority,0,0,0.0,"manager: I understand your concern. Rolling out new software can be challenging. At Nexiv, we provide dedicated onboarding and training support to ensure a smooth transition. Plus, our customer success team is always on hand to assist with any issues. Would that help alleviate some of your concerns?
client: It might, but we're also cautious about the cost. Budget is a big factor for us right now.
manager: Absolutely, cost is a key consideration. Our solutions are scalable, and we can tailor a package that fits both your needs and your budget. More often than not, our customers find that the efficiencies they gain actually save them money in the long run. How does that sound?
client: It's worth exploring. What would be the next steps if we were interested in finding out more?"
3,99,gwenshap_nexiv-solutions__1_w011_014,nexiv-solutions__1,11,14,no_action,unresolved_customer_concern,majority,0,0,0.0,"manager: Absolutely, cost is a key consideration. Our solutions are scalable, and we can tailor a package that fits both your needs and your budget. More often than not, our customers find that the efficiencies they gain actually save them money in the long run. How does that sound?
client: It's worth exploring. What would be the next steps if we were interested in finding out more?
manager: Great to hear! We can set up a demo tailored to your specific processes and pain points. From there, we would scope out a custom plan and provide a detailed quote. Could we schedule a time for the demo this week?
client: Sure, I have some availability on Thursday afternoon."
4,8,gwenshap_modamart__1_w001_004,modamart__1,1,4,handle_objection,unresolved_customer_concern,majority,1,0,0.0,"manager: ** Good morning, this is Sarah from ModaMart. How can I assist you today?
client: ** Hi, this is John. I’ve been looking at some jackets on your website, but I’m not sure which one to choose. They all look pretty similar.
manager: ** Hi John! Thanks for reaching out. I’d be happy to help you find the perfect jacket. Are you looking for something specific, like a certain material or style?
client: ** Well, I’m mainly looking for something warm and stylish for the winter. I noticed some of the jackets say they're insulated, but I’m not sure how warm they really are."
4,9,gwenshap_modamart__1_w003_006,modamart__1,3,6,handle_objection,unresolved_customer_concern,majority,1,0,0.0,"manager: ** Hi John! Thanks for reaching out. I’d be happy to help you find the perfect jacket. Are you looking for something specific, like a certain material or style?
client: ** Well, I’m mainly looking for something warm and stylish for the winter. I noticed some of the jackets say they're insulated, but I’m not sure how warm they really are.
manager: ** I understand. Our insulated jackets are designed to keep you warm even in very cold temperatures. We use high-quality down and synthetic materials. Do you have any preferences between down or synthetic insulation?
client: ** I’ve heard down is warmer, but I’m worried about how it holds up in wet weather."
4,10,gwenshap_modamart__1_w005_008,modamart__1,5,8,handle_objection,unresolved_customer_concern,majority,1,0,0.0,"manager: ** I understand. Our insulated jackets are designed to keep you warm even in very cold temperatures. We use high-quality down and synthetic materials. Do you have any preferences between down or synthetic insulation?
client: ** I’ve heard down is warmer, but I’m worried about how it holds up in wet weather.
manager: ** That’s a great point. Down is incredibly warm, but it can lose its insulating properties when wet. Synthetic insulation, on the other hand, retains warmth even when damp. If you’re expecting to face wet conditions, I’d recommend going with a synthetic option.
client: ** Got it. Also, some of the reviews mention sizing issues. I don’t want to go through the hassle of returning something that doesn’t fit."
4,11,gwenshap_modamart__1_w007_010,modamart__1,7,10,no_action,unresolved_customer_concern,majority,0,0,0.0,"manager: ** That’s a great point. Down is incredibly warm, but it can lose its insulating properties when wet. Synthetic insulation, on the other hand, retains warmth even when damp. If you’re expecting to face wet conditions, I’d recommend going with a synthetic option.
client: ** Got it. Also, some of the reviews mention sizing issues. I don’t want to go through the hassle of returning something that doesn’t fit.
manager: ** Understandable. Our jackets tend to run true to size, but I can give you more precise advice if you can tell me your typical jacket size and any specific measurements.
client: ** I'm usually a medium, but sometimes jackets feel tight around my shoulders."
4,12,gwenshap_modamart__1_w009_012,modamart__1,9,12,handle_objection,unresolved_customer_concern,majority,1,0,0.0,"manager: ** Understandable. Our jackets tend to run true to size, but I can give you more precise advice if you can tell me your typical jacket size and any specific measurements.
client: ** I'm usually a medium, but sometimes jackets feel tight around my shoulders.
manager: ** Thanks for that info. If you’re concerned about the fit around the shoulders, I’d suggest going for a medium with a relaxed fit, or possibly sizing up to a large, especially with brands like NordicEdge that we carry. They offer more room in the shoulder area without making the jacket look oversized.
client: ** That sounds like a good idea. I'll also need the jacket relatively soon. How long does shipping usually take?"
4,13,gwenshap_modamart__1_w011_014,modamart__1,11,14,no_action,unresolved_customer_concern,majority,0,0,0.0,"manager: ** Thanks for that info. If you’re concerned about the fit around the shoulders, I’d suggest going for a medium with a relaxed fit, or possibly sizing up to a large, especially with brands like NordicEdge that we carry. They offer more room in the shoulder area without making the jacket look oversized.
client: ** That sounds like a good idea. I'll also need the jacket relatively soon. How long does shipping usually take?
manager: ** Our standard shipping typically takes 3-5 business days, and we offer expedited options if you need it sooner. Are you looking to receive it by a particular date?
client: ** I'd like to have it within the next week if possible."
4,14,gwenshap_modamart__1_w013_016,modamart__1,13,16,fix_next_step,unresolved_customer_concern,majority,0,0,0.0,"manager: ** Our standard shipping typically takes 3-5 business days, and we offer expedited options if you need it sooner. Are you looking to receive it by a particular date?
client: ** I'd like to have it within the next week if possible.
manager: ** In that case, I’d recommend our express shipping option. Let’s finalize your choice of jacket first. Are you leaning towards a specific model?
client: ** I think I’ll go with the NordicEdge Synthetic Insulated Jacket in large, like you mentioned."
4,15,gwenshap_modamart__1_w015_018,modamart__1,15,18,no_action,unresolved_customer_concern,majority,0,0,0.0,"manager: ** In that case, I’d recommend our express shipping option. Let’s finalize your choice of jacket first. Are you leaning towards a specific model?
client: ** I think I’ll go with the NordicEdge Synthetic Insulated Jacket in large, like you mentioned.
manager: ** Great choice! I’ll get that set up for you with express shipping. You should receive it within 2-3 business days. Can I assist you with anything else today?
client: ** No, that's all for now. Thanks for your help!"
4,16,gwenshap_modamart__1_w017_020,modamart__1,17,20,no_action,unresolved_customer_concern,majority,0,0,0.0,"manager: ** Great choice! I’ll get that set up for you with express shipping. You should receive it within 2-3 business days. Can I assist you with anything else today?
client: ** No, that's all for now. Thanks for your help!
manager: ** You're welcome, John! If you have any other questions, feel free to contact us. Have a great day!
client: ** Thanks, you too."
4,57,gwenshap_modamart__7_w001_004,modamart__7,1,4,anchor_value,unresolved_customer_concern,majority,0,0,0.0,"manager: Good afternoon, this is Alex from ModaMart. How can I help you today?
client: Hi, Alex. I'm looking to update my wardrobe for the upcoming season, but I'm having trouble finding items that fit well and are in my budget.
manager: I understand. Finding the perfect fit and staying within budget can be challenging. Could you tell me a bit more about what you're specifically looking for?
client: Sure. I'm looking for casual clothes like jeans and tops, but I also want a couple of more formal outfits for work. My budget is around $300."
4,58,gwenshap_modamart__7_w003_006,modamart__7,3,6,no_action,unresolved_customer_concern,majority,0,0,0.0,"manager: I understand. Finding the perfect fit and staying within budget can be challenging. Could you tell me a bit more about what you're specifically looking for?
client: Sure. I'm looking for casual clothes like jeans and tops, but I also want a couple of more formal outfits for work. My budget is around $300.
manager: Great, thanks for sharing that. At ModaMart, we specialize in high-quality, affordable fashion. What sizes are you requiring, and do you have any particular styles or colors in mind?
client: I'm a size 12 for jeans and medium for tops. I prefer neutral colors like black, white, and navy. As for style, I like classic, timeless pieces."
4,59,gwenshap_modamart__7_w005_008,modamart__7,5,8,handle_objection,unresolved_customer_concern,majority,1,0,0.0,"manager: Great, thanks for sharing that. At ModaMart, we specialize in high-quality, affordable fashion. What sizes are you requiring, and do you have any particular styles or colors in mind?
client: I'm a size 12 for jeans and medium for tops. I prefer neutral colors like black, white, and navy. As for style, I like classic, timeless pieces.
manager: Got it. We have a range of jeans that are known for their great fit, like our High-Waist Slim Jeans. For tops, we recently launched a line of classic blouses that would pair nicely with those jeans for both casual and formal settings.
client: That sounds good, but I'm worried about the quality. I’ve bought clothes online before that ended up looking cheap or falling apart after a few washes."
4,60,gwenshap_modamart__7_w007_010,modamart__7,7,10,handle_objection,unresolved_customer_concern,majority,1,0,0.0,"manager: Got it. We have a range of jeans that are known for their great fit, like our High-Waist Slim Jeans. For tops, we recently launched a line of classic blouses that would pair nicely with those jeans for both casual and formal settings.
client: That sounds good, but I'm worried about the quality. I’ve bought clothes online before that ended up looking cheap or falling apart after a few washes.
manager: I completely understand your concern. What sets ModaMart apart is our commitment to quality. We offer a 90-day return policy and quality guarantees on all our items. Plus, we have thousands of customer reviews if you'd like to read about their experiences.
client: That’s reassuring. But how do I know if the fit will be right? Online shopping can be a bit hit or miss for me."
4,61,gwenshap_modamart__7_w009_012,modamart__7,9,12,fix_next_step,unresolved_customer_concern,majority,0,0,0.0,"manager: I completely understand your concern. What sets ModaMart apart is our commitment to quality. We offer a 90-day return policy and quality guarantees on all our items. Plus, we have thousands of customer reviews if you'd like to read about their experiences.
client: That’s reassuring. But how do I know if the fit will be right? Online shopping can be a bit hit or miss for me.
manager: A good fit is crucial. Each of our product pages includes detailed sizing charts and customer reviews specifically mentioning fit. Additionally, we offer free returns, so you can try on items risk-free and return or exchange anything that doesn't work.
client: That’s helpful to know. It sounds pretty good, but I’d like to think it over and maybe browse your site before making a decision."
4,62,gwenshap_modamart__7_w011_014,modamart__7,11,14,no_action,unresolved_customer_concern,majority,0,0,0.0,"manager: A good fit is crucial. Each of our product pages includes detailed sizing charts and customer reviews specifically mentioning fit. Additionally, we offer free returns, so you can try on items risk-free and return or exchange anything that doesn't work.
client: That’s helpful to know. It sounds pretty good, but I’d like to think it over and maybe browse your site before making a decision.
manager: Of course, take all the time you need. If you’d like, I can also send you an email with direct links to our bestsellers within your criteria. That way, you can easily find what you’re looking for.
client: Yes, please do. That would make it easier for me to browse."
4,63,gwenshap_modamart__7_w013_016,modamart__7,13,16,no_action,unresolved_customer_concern,majority,0,0,0.0,"manager: Of course, take all the time you need. If you’d like, I can also send you an email with direct links to our bestsellers within your criteria. That way, you can easily find what you’re looking for.
client: Yes, please do. That would make it easier for me to browse.
manager: Absolutely. I'll get that email over to you right after we hang up. If you have any other questions, feel free to reach out to me directly. My contact information will also be in the email.
client: Thank you, Alex. You've been very helpful."
4,64,gwenshap_modamart__7_w015_018,modamart__7,15,18,no_action,unresolved_customer_concern,majority,0,0,0.0,"manager: Absolutely. I'll get that email over to you right after we hang up. If you have any other questions, feel free to reach out to me directly. My contact information will also be in the email.
client: Thank you, Alex. You've been very helpful.
manager: You’re welcome! Have a great day, and I look forward to helping you find the perfect outfits at ModaMart.
client: Thanks, you too."
0,49,gwenshap_modamart__6_w001_004,modamart__6,1,4,handle_objection,unresolved_customer_concern,open_concern_rule,1,0,0.0,"manager: Thank you for calling ModaMart. This is Alex. How can I help you today?
client: Hi Alex. I’m Lisa. I’ve been looking at your website, but I’m not sure about the sizes for a few items. They seem to vary a lot.
manager: I understand, Lisa. Sizes can be tricky. Are there specific items you’re concerned about?
client: Yes, the summer dresses. I’m usually a medium, but sometimes a small fits better. It’s confusing."
0,50,gwenshap_modamart__6_w003_006,modamart__6,3,6,handle_objection,unresolved_customer_concern,open_concern_rule,1,1,1.0,"manager: I understand, Lisa. Sizes can be tricky. Are there specific items you’re concerned about?
client: Yes, the summer dresses. I’m usually a medium, but sometimes a small fits better. It’s confusing.
manager: Got it. We actually have a detailed size chart for each product. Have you had a chance to look at those?
client: I saw the size chart but I’ve had problems with online size charts before. They don't always match up with the actual fit."
0,51,gwenshap_modamart__6_w005_008,modamart__6,5,8,handle_objection,unresolved_customer_concern,open_concern_rule,1,1,1.0,"manager: Got it. We actually have a detailed size chart for each product. Have you had a chance to look at those?
client: I saw the size chart but I’ve had problems with online size charts before. They don't always match up with the actual fit.
manager: That's a common issue. One thing we offer is a virtual stylist service. Would you be interested in setting up a quick consultation to get the best fit recommendations?
client: That sounds helpful, but I’m also worried about the return policy if things don’t fit. Is it easy to return items?"
0,52,gwenshap_modamart__6_w007_010,modamart__6,7,10,handle_objection,unresolved_customer_concern,open_concern_rule,1,1,1.0,"manager: That's a common issue. One thing we offer is a virtual stylist service. Would you be interested in setting up a quick consultation to get the best fit recommendations?
client: That sounds helpful, but I’m also worried about the return policy if things don’t fit. Is it easy to return items?
manager: Absolutely. You have a 30-day window to return items for a full refund. We also offer free return shipping for all online purchases.
client: That sounds good. But I'm also hesitant because I’ve had bad experiences with slow shipping."
0,53,gwenshap_modamart__6_w009_012,modamart__6,9,12,fix_next_step,unresolved_customer_concern,open_concern_rule,0,0,0.0,"manager: Absolutely. You have a 30-day window to return items for a full refund. We also offer free return shipping for all online purchases.
client: That sounds good. But I'm also hesitant because I’ve had bad experiences with slow shipping.
manager: We hear you, Lisa. At ModaMart, we prioritize fast and reliable shipping. Most of our orders arrive within 5 business days. Plus, we offer expedited shipping if you need your items sooner.
client: Alright, that’s reassuring. How do I set up the virtual stylist consultation?"
0,54,gwenshap_modamart__6_w011_014,modamart__6,11,14,no_action,unresolved_customer_concern,open_concern_rule,0,0,0.0,"manager: We hear you, Lisa. At ModaMart, we prioritize fast and reliable shipping. Most of our orders arrive within 5 business days. Plus, we offer expedited shipping if you need your items sooner.
client: Alright, that’s reassuring. How do I set up the virtual stylist consultation?
manager: You can easily schedule it on our website or I can set it up for you right now. What’s your preferred time and date?
client: I’m free tomorrow afternoon. Maybe around 2 PM?"
0,55,gwenshap_modamart__6_w013_016,modamart__6,13,16,no_action,unresolved_customer_concern,open_concern_rule,0,0,0.0,"manager: You can easily schedule it on our website or I can set it up for you right now. What’s your preferred time and date?
client: I’m free tomorrow afternoon. Maybe around 2 PM?
manager: Perfect. I’ve scheduled your virtual stylist consultation for tomorrow at 2 PM. You’ll receive a confirmation email shortly. Is there anything else I can assist you with?
client: No, that’s all for now. Thanks, Alex."
0,56,gwenshap_modamart__6_w015_018,modamart__6,15,18,no_action,unresolved_customer_concern,open_concern_rule,0,0,0.0,"manager: Perfect. I’ve scheduled your virtual stylist consultation for tomorrow at 2 PM. You’ll receive a confirmation email shortly. Is there anything else I can assist you with?
client: No, that’s all for now. Thanks, Alex.
manager: My pleasure, Lisa. Have a great day and we’ll talk to you tomorrow.
client: Thanks, bye!"
0,84,gwenshap_nexiv-solutions__0_w001_004,nexiv-solutions__0,1,4,avoid_early_presentation,unresolved_customer_concern,open_concern_rule,0,0,0.0,"manager: Good afternoon! My name is Kelly from Nexiv Solutions. How are you today?
client: Hi Kelly, I’m doing well, thanks. How about you?
manager: I'm great, thanks for asking! I wanted to take a few minutes to discuss how Nexiv Solutions might be able to help streamline your tech operations. Do you have some time right now?
client: Sure, I have a few minutes."
0,85,gwenshap_nexiv-solutions__0_w003_006,nexiv-solutions__0,3,6,anchor_value,unresolved_customer_concern,open_concern_rule,0,1,1.0,"manager: I'm great, thanks for asking! I wanted to take a few minutes to discuss how Nexiv Solutions might be able to help streamline your tech operations. Do you have some time right now?
client: Sure, I have a few minutes.
manager: Fantastic. Can you tell me a bit about your current tech setup and any challenges you’re facing?
client: Well, we are currently using multiple platforms to manage our customer data, and it's becoming increasingly difficult to keep everything synchronized. We often have data discrepancies and it's a real pain point for us."
0,86,gwenshap_nexiv-solutions__0_w005_008,nexiv-solutions__0,5,8,anchor_value,unresolved_customer_concern,open_concern_rule,0,0,0.0,"manager: Fantastic. Can you tell me a bit about your current tech setup and any challenges you’re facing?
client: Well, we are currently using multiple platforms to manage our customer data, and it's becoming increasingly difficult to keep everything synchronized. We often have data discrepancies and it's a real pain point for us.
manager: I understand. Data inconsistencies can be very frustrating. How much time do you think your team spends dealing with these issues?
client: Honestly, we’re spending several hours each week just trying to reconcile data from different sources. It's not just time-consuming but also affects our productivity."
0,87,gwenshap_nexiv-solutions__0_w007_010,nexiv-solutions__0,7,10,anchor_value,unresolved_customer_concern,open_concern_rule,0,0,0.0,"manager: I understand. Data inconsistencies can be very frustrating. How much time do you think your team spends dealing with these issues?
client: Honestly, we’re spending several hours each week just trying to reconcile data from different sources. It's not just time-consuming but also affects our productivity.
manager: That sounds really tough. What have you tried so far to address this issue?
client: We've tried using third-party integration tools, but they have their own limitations and often create more problems than they solve."
0,88,gwenshap_nexiv-solutions__0_w009_012,nexiv-solutions__0,9,12,handle_objection,unresolved_customer_concern,open_concern_rule,1,1,1.0,"manager: That sounds really tough. What have you tried so far to address this issue?
client: We've tried using third-party integration tools, but they have their own limitations and often create more problems than they solve.
manager: I see. It's crucial to have a reliable solution. At Nexiv Solutions, we offer a unified platform that can integrate seamlessly with your existing systems and centralize your customer data to ensure consistency. Would that be something you’re interested in?
client: It sounds promising, but we’re concerned about the implementation process. We can’t afford much downtime."
0,89,gwenshap_nexiv-solutions__0_w011_014,nexiv-solutions__0,11,14,handle_objection,unresolved_customer_concern,open_concern_rule,1,1,1.0,"manager: I see. It's crucial to have a reliable solution. At Nexiv Solutions, we offer a unified platform that can integrate seamlessly with your existing systems and centralize your customer data to ensure consistency. Would that be something you’re interested in?
client: It sounds promising, but we’re concerned about the implementation process. We can’t afford much downtime.
manager: That’s a valid concern. Our solution is designed to integrate with minimal disruption to your operations. We also provide comprehensive support during the implementation process to ensure a smooth transition. How does that align with your needs?
client: It does sound reassuring, but we’re also on a tight budget. Can you give me an idea of the cost?"
0,90,gwenshap_nexiv-solutions__0_w013_016,nexiv-solutions__0,13,16,fix_next_step,unresolved_customer_concern,open_concern_rule,0,0,0.0,"manager: That’s a valid concern. Our solution is designed to integrate with minimal disruption to your operations. We also provide comprehensive support during the implementation process to ensure a smooth transition. How does that align with your needs?
client: It does sound reassuring, but we’re also on a tight budget. Can you give me an idea of the cost?
manager: Absolutely. While it varies based on the specific package and the size of your operation, I'd be happy to provide a detailed quote after understanding more about your requirements. We often find that the efficiency gained offsets the initial investment quite quickly.
client: Okay, that makes sense. Can you send over some more information?"
0,91,gwenshap_nexiv-solutions__0_w015_018,nexiv-solutions__0,15,18,no_action,unresolved_customer_concern,open_concern_rule,0,0,0.0,"manager: Absolutely. While it varies based on the specific package and the size of your operation, I'd be happy to provide a detailed quote after understanding more about your requirements. We often find that the efficiency gained offsets the initial investment quite quickly.
client: Okay, that makes sense. Can you send over some more information?
manager: Of course. I’ll email you a detailed proposal along with case studies that demonstrate how we've helped similar companies. Can we schedule a follow-up call for later this week to discuss any questions you might have?
client: Sure, I am available on Thursday afternoon."
0,92,gwenshap_nexiv-solutions__0_w017_020,nexiv-solutions__0,17,20,no_action,unresolved_customer_concern,open_concern_rule,0,0,0.0,"manager: Of course. I’ll email you a detailed proposal along with case studies that demonstrate how we've helped similar companies. Can we schedule a follow-up call for later this week to discuss any questions you might have?
client: Sure, I am available on Thursday afternoon.
manager: Perfect! I'll set up a meeting for Thursday at 2 PM. I’ll send a calendar invite shortly. Is there anything else you’d like to discuss today?
client: No, that covers it for now. Thanks, Kelly."
0,93,gwenshap_nexiv-solutions__0_w019_022,nexiv-solutions__0,19,22,no_action,unresolved_customer_concern,open_concern_rule,0,0,0.0,"manager: Perfect! I'll set up a meeting for Thursday at 2 PM. I’ll send a calendar invite shortly. Is there anything else you’d like to discuss today?
client: No, that covers it for now. Thanks, Kelly.
manager: You're welcome! Looking forward to our call on Thursday. Have a great day.
client: You too, bye."
1,26,gwenshap_modamart__3_w001_004,modamart__3,1,4,handle_objection,unresolved_customer_concern,open_concern_rule,1,1,1.0,"manager: Good afternoon! Thank you for calling ModaMart. My name is Alex. How can I assist you today?
client: Hi, Alex. I'm looking to revamp my wardrobe and I've heard good things about ModaMart, but I've had some bad experiences with online shopping in the past. I'm not sure if I should give it another try.
manager: I understand your concerns. Online shopping can be tricky sometimes. Could you tell me more about what issues you've faced before?
client: Well, the last few times, the clothes didn't fit right and returning them was such a hassle. Plus, the quality wasn't as good as advertised."
1,27,gwenshap_modamart__3_w003_006,modamart__3,3,6,handle_objection,unresolved_customer_concern,open_concern_rule,1,1,1.0,"manager: I understand your concerns. Online shopping can be tricky sometimes. Could you tell me more about what issues you've faced before?
client: Well, the last few times, the clothes didn't fit right and returning them was such a hassle. Plus, the quality wasn't as good as advertised.
manager: I'm really sorry to hear that. At ModaMart, we offer a detailed sizing guide to help with the fit, and our return process is designed to be hassle-free. You can return items within 30 days for a full refund. As for quality, all our products go through rigorous quality checks before being shipped.
client: That sounds better, but I'm still skeptical about the fit. How accurate are your sizing charts?"
1,28,gwenshap_modamart__3_w005_008,modamart__3,5,8,handle_objection,unresolved_customer_concern,open_concern_rule,1,1,1.0,"manager: I'm really sorry to hear that. At ModaMart, we offer a detailed sizing guide to help with the fit, and our return process is designed to be hassle-free. You can return items within 30 days for a full refund. As for quality, all our products go through rigorous quality checks before being shipped.
client: That sounds better, but I'm still skeptical about the fit. How accurate are your sizing charts?
manager: Our sizing charts are updated regularly based on customer feedback and measurements. Additionally, we offer a virtual fitting room feature where you can input your measurements and see how different sizes might fit you.
client: Hmm. That sounds helpful, but it's still a leap of faith for me. I hate dealing with returns."
1,29,gwenshap_modamart__3_w007_010,modamart__3,7,10,handle_objection,unresolved_customer_concern,open_concern_rule,1,1,1.0,"manager: Our sizing charts are updated regularly based on customer feedback and measurements. Additionally, we offer a virtual fitting room feature where you can input your measurements and see how different sizes might fit you.
client: Hmm. That sounds helpful, but it's still a leap of faith for me. I hate dealing with returns.
manager: I completely understand. To make it even easier, we can provide you with a prepaid return label along with your order, so you don't have to worry about shipping costs if something doesn't fit.
client: That’s a nice touch. I’m also concerned about the pricing. I want good quality but at a reasonable price."
1,30,gwenshap_modamart__3_w009_012,modamart__3,9,12,fix_next_step,unresolved_customer_concern,open_concern_rule,0,0,0.0,"manager: I completely understand. To make it even easier, we can provide you with a prepaid return label along with your order, so you don't have to worry about shipping costs if something doesn't fit.
client: That’s a nice touch. I’m also concerned about the pricing. I want good quality but at a reasonable price.
manager: We strive to offer quality products at competitive prices. Plus, if you sign up for our ModaMart Rewards program, you’ll receive exclusive discounts and early access to sales. As a new customer, we can offer you a 20% discount on your first purchase.
client: That’s pretty tempting. I might give it a try. What are the next steps?"
1,31,gwenshap_modamart__3_w011_014,modamart__3,11,14,no_action,unresolved_customer_concern,open_concern_rule,0,1,1.0,"manager: We strive to offer quality products at competitive prices. Plus, if you sign up for our ModaMart Rewards program, you’ll receive exclusive discounts and early access to sales. As a new customer, we can offer you a 20% discount on your first purchase.
client: That’s pretty tempting. I might give it a try. What are the next steps?
manager: Great to hear! You can visit our website and sign up for the ModaMart Rewards program right away. If you need any assistance with sizing or product details, feel free to reach out to our customer service team. They'll be more than happy to help.
client: Alright, I’ll check it out. Thank you for addressing my concerns, Alex."
1,32,gwenshap_modamart__3_w013_016,modamart__3,13,16,no_action,unresolved_customer_concern,open_concern_rule,0,0,0.0,"manager: Great to hear! You can visit our website and sign up for the ModaMart Rewards program right away. If you need any assistance with sizing or product details, feel free to reach out to our customer service team. They'll be more than happy to help.
client: Alright, I’ll check it out. Thank you for addressing my concerns, Alex.
manager: It’s my pleasure. Thank you for considering ModaMart. Have a great day, and happy shopping!
client: Thanks, you too. Bye."
1,42,gwenshap_modamart__5_w001_004,modamart__5,1,4,no_action,unresolved_customer_concern,open_concern_rule,0,0,0.0,"manager: Good afternoon! Thanks for calling ModaMart. My name is Jessica. How can I assist you today?
client: Hi Jessica. I'm considering buying some new clothes for the fall season, but I'm a bit overwhelmed by the options. I usually shop in-store, and online shopping's got me confused with sizing and returns.
manager: I completely understand. Finding the right fit online can be tricky. Are there specific items or styles you're looking for?
client: Yes, I'm looking for some casual and business-casual pieces like sweaters, blouses, and maybe a new pair of jeans."
1,43,gwenshap_modamart__5_w003_006,modamart__5,3,6,handle_objection,unresolved_customer_concern,open_concern_rule,1,1,1.0,"manager: I completely understand. Finding the right fit online can be tricky. Are there specific items or styles you're looking for?
client: Yes, I'm looking for some casual and business-casual pieces like sweaters, blouses, and maybe a new pair of jeans.
manager: Great choice for the fall season! At ModaMart, we have detailed size charts and fit guides that can help you determine the best size. Additionally, our return policy is pretty flexible. If something doesn't fit, you can return or exchange it within 30 days.
client: That sounds helpful. But what about the quality? Sometimes online products don’t match the pictures and descriptions."
1,44,gwenshap_modamart__5_w005_008,modamart__5,5,8,handle_objection,unresolved_customer_concern,open_concern_rule,1,1,1.0,"manager: Great choice for the fall season! At ModaMart, we have detailed size charts and fit guides that can help you determine the best size. Additionally, our return policy is pretty flexible. If something doesn't fit, you can return or exchange it within 30 days.
client: That sounds helpful. But what about the quality? Sometimes online products don’t match the pictures and descriptions.
manager: That's a common concern. ModaMart ensures high quality for all our products, and we provide customer reviews and ratings for most items. This way, you can see what other customers think before making a purchase. Our customer service team is also available to help with any issues you might have once you receive your order.
client: That’s reassuring. Still, I'm worried about the hassle of returns if I don’t like something. I've had bad experiences with other retailers."
1,45,gwenshap_modamart__5_w007_010,modamart__5,7,10,handle_objection,unresolved_customer_concern,open_concern_rule,1,0,0.0,"manager: That's a common concern. ModaMart ensures high quality for all our products, and we provide customer reviews and ratings for most items. This way, you can see what other customers think before making a purchase. Our customer service team is also available to help with any issues you might have once you receive your order.
client: That’s reassuring. Still, I'm worried about the hassle of returns if I don’t like something. I've had bad experiences with other retailers.
manager: I hear you. ModaMart aims to make the returns process as smooth as possible. You can initiate a return directly from your online account, and we provide a prepaid shipping label to send items back without any additional cost.
client: Okay, that does sound convenient. How long does the refund process usually take?"
1,46,gwenshap_modamart__5_w009_012,modamart__5,9,12,fix_next_step,unresolved_customer_concern,open_concern_rule,0,0,0.0,"manager: I hear you. ModaMart aims to make the returns process as smooth as possible. You can initiate a return directly from your online account, and we provide a prepaid shipping label to send items back without any additional cost.
client: Okay, that does sound convenient. How long does the refund process usually take?
manager: Once we receive the returned items, refunds are typically processed within 3 to 5 business days. You'll receive an email confirmation when the refund has been issued.
client: That sounds fair. I think I’ll give it a try. How do I get started?"
1,47,gwenshap_modamart__5_w011_014,modamart__5,11,14,no_action,unresolved_customer_concern,open_concern_rule,0,0,0.0,"manager: Once we receive the returned items, refunds are typically processed within 3 to 5 business days. You'll receive an email confirmation when the refund has been issued.
client: That sounds fair. I think I’ll give it a try. How do I get started?
manager: Fantastic! You can start by visiting our website and browsing the fall collection. If you have any questions at any point, feel free to contact us via chat, phone, or email. We’re here to help.
client: Thanks, Jessica. You've been very helpful."
1,48,gwenshap_modamart__5_w013_016,modamart__5,13,16,no_action,unresolved_customer_concern,open_concern_rule,0,0,0.0,"manager: Fantastic! You can start by visiting our website and browsing the fall collection. If you have any questions at any point, feel free to contact us via chat, phone, or email. We’re here to help.
client: Thanks, Jessica. You've been very helpful.
manager: It’s my pleasure! Have a great day shopping with ModaMart, and enjoy your new fall wardrobe!
client: Thanks again. Bye!"
1,65,gwenshap_modamart__8_w001_004,modamart__8,1,4,anchor_value,unresolved_customer_concern,open_concern_rule,0,0,0.0,"manager: Thank you for calling ModaMart! This is Sarah, how can I assist you today?
client: Hi, I'm looking for some information on your latest winter collection. I'm particularly interested in jackets.
manager: Absolutely! Our new winter collection just launched, and we have some great jackets in various styles. Are you looking for something more casual or formal?
client: I'm going to need something versatile. You know, something I can wear to work but also on weekends. And it has to be warm because the last jacket I bought from another store wasn’t warm enough."
1,66,gwenshap_modamart__8_w003_006,modamart__8,3,6,handle_objection,unresolved_customer_concern,open_concern_rule,1,1,1.0,"manager: Absolutely! Our new winter collection just launched, and we have some great jackets in various styles. Are you looking for something more casual or formal?
client: I'm going to need something versatile. You know, something I can wear to work but also on weekends. And it has to be warm because the last jacket I bought from another store wasn’t warm enough.
manager: I understand. Staying warm in winter is crucial. All our winter jackets are insulated, but for a versatile option, I recommend our ""Everest"" jacket. It's designed to be both work-appropriate and casual.
client: That sounds good, but I'm also concerned about the fit. I'm tall and often find it hard to get a good fit off the rack."
1,67,gwenshap_modamart__8_w005_008,modamart__8,5,8,no_action,unresolved_customer_concern,open_concern_rule,0,0,0.0,"manager: I understand. Staying warm in winter is crucial. All our winter jackets are insulated, but for a versatile option, I recommend our ""Everest"" jacket. It's designed to be both work-appropriate and casual.
client: That sounds good, but I'm also concerned about the fit. I'm tall and often find it hard to get a good fit off the rack.
manager: I hear you. Fit can be a tricky issue. The ""Everest"" jacket comes in a variety of sizes, including tall options. If you like, I can check the availability in your size and possibly suggest some alternatives.
client: Sure, that would be helpful."
1,68,gwenshap_modamart__8_w007_010,modamart__8,7,10,no_action,unresolved_customer_concern,open_concern_rule,0,0,0.0,"manager: I hear you. Fit can be a tricky issue. The ""Everest"" jacket comes in a variety of sizes, including tall options. If you like, I can check the availability in your size and possibly suggest some alternatives.
client: Sure, that would be helpful.
manager: Great, can you tell me your size? That will help me narrow it down.
client: I usually wear a large, but like I said, I need it in tall sizes."
1,69,gwenshap_modamart__8_w009_012,modamart__8,9,12,handle_objection,unresolved_customer_concern,open_concern_rule,1,1,1.0,"manager: Great, can you tell me your size? That will help me narrow it down.
client: I usually wear a large, but like I said, I need it in tall sizes.
manager: Understood. Let me check our inventory... Yes, we have the ""Everest"" in large tall. We also have a similar style called ""Alpine"" which is a bit more fitted but equally warm and versatile.
client: Okay, that sounds good. But what if it doesn't fit right? Can I return it easily?"
1,70,gwenshap_modamart__8_w011_014,modamart__8,11,14,fix_next_step,unresolved_customer_concern,open_concern_rule,0,0,0.0,"manager: Understood. Let me check our inventory... Yes, we have the ""Everest"" in large tall. We also have a similar style called ""Alpine"" which is a bit more fitted but equally warm and versatile.
client: Okay, that sounds good. But what if it doesn't fit right? Can I return it easily?
manager: Definitely, we have a hassle-free return policy. You can return or exchange any item within 30 days of purchase, no questions asked.
client: Alright. I think I'll go with the ""Everest"" jacket. Can you help me place the order?"
1,71,gwenshap_modamart__8_w013_016,modamart__8,13,16,no_action,unresolved_customer_concern,open_concern_rule,0,0,0.0,"manager: Definitely, we have a hassle-free return policy. You can return or exchange any item within 30 days of purchase, no questions asked.
client: Alright. I think I'll go with the ""Everest"" jacket. Can you help me place the order?
manager: Of course! I’ll need a few details to complete the order. How would you like to make the payment?
client: I’ll use my credit card."
1,72,gwenshap_modamart__8_w015_018,modamart__8,15,18,no_action,unresolved_customer_concern,open_concern_rule,0,1,1.0,"manager: Of course! I’ll need a few details to complete the order. How would you like to make the payment?
client: I’ll use my credit card.
manager: Perfect. I'll just need your shipping address and payment details to complete your order. Would you like an email confirmation?
client: Yes, please. How long will the shipping take?"
1,73,gwenshap_modamart__8_w017_020,modamart__8,17,20,no_action,unresolved_customer_concern,open_concern_rule,0,0,0.0,"manager: Perfect. I'll just need your shipping address and payment details to complete your order. Would you like an email confirmation?
client: Yes, please. How long will the shipping take?
manager: Standard shipping typically takes 3-5 business days. You’ll receive tracking information via email once the order has been shipped.
client: Great, I appreciate the help!"
1,74,gwenshap_modamart__8_w019_022,modamart__8,19,22,no_action,unresolved_customer_concern,open_concern_rule,0,0,0.0,"manager: Standard shipping typically takes 3-5 business days. You’ll receive tracking information via email once the order has been shipped.
client: Great, I appreciate the help!
manager: My pleasure! Your order will be processed shortly. If you have any other questions or need further assistance, don't hesitate to reach out.
client: Will do. Thanks again!"
2,17,gwenshap_modamart__2_w001_004,modamart__2,1,4,handle_objection,unresolved_customer_concern,open_concern_rule,1,1,1.0,"manager: Hi there, this is Jake from ModaMart. How are you today?
client: Hi Jake, I'm doing okay. Just busy with work. What can I help you with?
manager: I completely understand! I'll keep it brief. I wanted to touch base about your recent online browsing and see if you had any questions or needed assistance with anything.
client: Well, I have been looking at some of your new fall collection, but I'm honestly not sure about a few things."
2,18,gwenshap_modamart__2_w003_006,modamart__2,3,6,handle_objection,unresolved_customer_concern,open_concern_rule,1,1,1.0,"manager: I completely understand! I'll keep it brief. I wanted to touch base about your recent online browsing and see if you had any questions or needed assistance with anything.
client: Well, I have been looking at some of your new fall collection, but I'm honestly not sure about a few things.
manager: That's great to hear you've been checking out our new collection! What specifically has you unsure?
client: The main thing is sizing. I've found that with some brands, the sizes are all over the place. I'm worried about ordering something that doesn't fit right."
2,19,gwenshap_modamart__2_w005_008,modamart__2,5,8,handle_objection,unresolved_customer_concern,open_concern_rule,1,1,1.0,"manager: That's great to hear you've been checking out our new collection! What specifically has you unsure?
client: The main thing is sizing. I've found that with some brands, the sizes are all over the place. I'm worried about ordering something that doesn't fit right.
manager: Got it. Sizing can definitely be tricky. At ModaMart, we actually provide detailed sizing charts for each brand. Have you had a chance to look at those?
client: I saw them, but I'm still skeptical. Returning items is just such a hassle."
2,20,gwenshap_modamart__2_w007_010,modamart__2,7,10,handle_objection,unresolved_customer_concern,open_concern_rule,1,1,1.0,"manager: Got it. Sizing can definitely be tricky. At ModaMart, we actually provide detailed sizing charts for each brand. Have you had a chance to look at those?
client: I saw them, but I'm still skeptical. Returning items is just such a hassle.
manager: I hear you. To make the process easier, we offer free returns and exchanges within 30 days. We can even schedule a pickup for the return. Does that address your concern?
client: That does help, but I'm also a bit concerned about the quality. I've had bad experiences with online shopping before."
2,21,gwenshap_modamart__2_w009_012,modamart__2,9,12,no_action,unresolved_customer_concern,open_concern_rule,0,0,0.0,"manager: I hear you. To make the process easier, we offer free returns and exchanges within 30 days. We can even schedule a pickup for the return. Does that address your concern?
client: That does help, but I'm also a bit concerned about the quality. I've had bad experiences with online shopping before.
manager: I understand your concerns. At ModaMart, we pride ourselves on offering high-quality products, but we also have customer reviews for most items. Reading them might give you a better sense of the quality. Have you checked those out?
client: No, I haven't really looked at the reviews yet."
2,22,gwenshap_modamart__2_w011_014,modamart__2,11,14,handle_objection,unresolved_customer_concern,open_concern_rule,1,0,0.0,"manager: I understand your concerns. At ModaMart, we pride ourselves on offering high-quality products, but we also have customer reviews for most items. Reading them might give you a better sense of the quality. Have you checked those out?
client: No, I haven't really looked at the reviews yet.
manager: I highly recommend it. They can be very informative. Plus, if you find that you're still not satisfied with the product, our customer service team is here to ensure you have a positive experience.
client: Alright, I'll take a look at the reviews. One more thing—do you have any promotions or discounts going on right now?"
2,23,gwenshap_modamart__2_w013_016,modamart__2,13,16,no_action,unresolved_customer_concern,open_concern_rule,0,0,0.0,"manager: I highly recommend it. They can be very informative. Plus, if you find that you're still not satisfied with the product, our customer service team is here to ensure you have a positive experience.
client: Alright, I'll take a look at the reviews. One more thing—do you have any promotions or discounts going on right now?
manager: I'm glad you asked! We currently have a 15% off promotion for first-time online customers. I can send you a discount code if you're interested.
client: That sounds good. Yeah, please send me the code."
2,24,gwenshap_modamart__2_w015_018,modamart__2,15,18,no_action,unresolved_customer_concern,open_concern_rule,0,0,0.0,"manager: I'm glad you asked! We currently have a 15% off promotion for first-time online customers. I can send you a discount code if you're interested.
client: That sounds good. Yeah, please send me the code.
manager: Will do! I'll email the discount code to you right after this call. Is there anything else I can assist you with today?
client: No, I think that covers my questions for now. Thanks for your help."
2,25,gwenshap_modamart__2_w017_020,modamart__2,17,20,no_action,unresolved_customer_concern,open_concern_rule,0,0,0.0,"manager: Will do! I'll email the discount code to you right after this call. Is there anything else I can assist you with today?
client: No, I think that covers my questions for now. Thanks for your help.
manager: You're welcome! Don't hesitate to reach out if you have any more questions, and enjoy shopping at ModaMart. Have a great day!
client: Thanks, Jake. You too."
2,75,gwenshap_modamart__9_w001_004,modamart__9,1,4,no_action,unresolved_customer_concern,open_concern_rule,0,0,0.0,"manager: Hi, thank you for calling ModaMart. This is Jamie, how can I assist you today?
client: Hi Jamie, I’ve been having some issues with an order I recently placed.
manager: I’m sorry to hear that. Could you provide me with your order number so I can look into it?
client: Sure, it’s 56789."
2,76,gwenshap_modamart__9_w003_006,modamart__9,3,6,no_action,unresolved_customer_concern,open_concern_rule,0,1,1.0,"manager: I’m sorry to hear that. Could you provide me with your order number so I can look into it?
client: Sure, it’s 56789.
manager: Alright, let me pull that up. While I'm doing that, can you tell me exactly what's been going wrong?
client: The main thing is that the dress I received is a different color than what was shown online. Also, it doesn’t fit as expected."
2,77,gwenshap_modamart__9_w005_008,modamart__9,5,8,no_action,unresolved_customer_concern,open_concern_rule,0,0,0.0,"manager: Alright, let me pull that up. While I'm doing that, can you tell me exactly what's been going wrong?
client: The main thing is that the dress I received is a different color than what was shown online. Also, it doesn’t fit as expected.
manager: I see. I apologize for that inconvenience. Let me first address the color issue. Can you describe the discrepancy between the color you saw online and the one you received?
client: The dress was supposed to be a light blue, but what I got is more of a teal."
2,78,gwenshap_modamart__9_w007_010,modamart__9,7,10,handle_objection,unresolved_customer_concern,open_concern_rule,1,0,0.0,"manager: I see. I apologize for that inconvenience. Let me first address the color issue. Can you describe the discrepancy between the color you saw online and the one you received?
client: The dress was supposed to be a light blue, but what I got is more of a teal.
manager: Thank you for pointing that out. Sometimes colors can appear differently due to screen settings. We can certainly look into that for you. Regarding the fit, did you use our sizing guide when you placed the order?
client: Yes, I did, but it’s still too tight around the waist."
2,79,gwenshap_modamart__9_w009_012,modamart__9,9,12,handle_objection,unresolved_customer_concern,open_concern_rule,1,1,1.0,"manager: Thank you for pointing that out. Sometimes colors can appear differently due to screen settings. We can certainly look into that for you. Regarding the fit, did you use our sizing guide when you placed the order?
client: Yes, I did, but it’s still too tight around the waist.
manager: I'm really sorry to hear that. We do our best to create accurate sizing guides, but it sounds like this one didn't match up for you. We can process an exchange for a different size or even a return if you prefer.
client: I think I’d rather return it. But what about the return shipping, do I have to pay for that?"
2,80,gwenshap_modamart__9_w011_014,modamart__9,11,14,fix_next_step,unresolved_customer_concern,open_concern_rule,0,0,0.0,"manager: I'm really sorry to hear that. We do our best to create accurate sizing guides, but it sounds like this one didn't match up for you. We can process an exchange for a different size or even a return if you prefer.
client: I think I’d rather return it. But what about the return shipping, do I have to pay for that?
manager: For cases where the item is not as described or doesn't fit as expected despite following our sizing guide, we cover the return shipping costs. I'll email you a prepaid return label and instructions on how to send it back.
client: Okay, that sounds good. What’s the next step after I send it back?"
2,81,gwenshap_modamart__9_w013_016,modamart__9,13,16,handle_objection,unresolved_customer_concern,open_concern_rule,1,0,0.0,"manager: For cases where the item is not as described or doesn't fit as expected despite following our sizing guide, we cover the return shipping costs. I'll email you a prepaid return label and instructions on how to send it back.
client: Okay, that sounds good. What’s the next step after I send it back?
manager: Once we receive the returned dress, we’ll process your refund within 3-5 business days and send you a confirmation email. Is there anything else I can help you with today?
client: Actually, I was looking at another dress on your website. Can you tell me about your exchange policy?"
2,82,gwenshap_modamart__9_w015_018,modamart__9,15,18,no_action,unresolved_customer_concern,open_concern_rule,0,0,0.0,"manager: Once we receive the returned dress, we’ll process your refund within 3-5 business days and send you a confirmation email. Is there anything else I can help you with today?
client: Actually, I was looking at another dress on your website. Can you tell me about your exchange policy?
manager: Certainly! If you decide on another dress and it ends up not being right, you have a 30-day window to return or exchange it. Just keep the tags on and bring the original receipt.
client: Alright, that covers everything. Thanks for your help."
2,83,gwenshap_modamart__9_w017_020,modamart__9,17,20,no_action,unresolved_customer_concern,open_concern_rule,0,0,0.0,"manager: Certainly! If you decide on another dress and it ends up not being right, you have a 30-day window to return or exchange it. Just keep the tags on and bring the original receipt.
client: Alright, that covers everything. Thanks for your help.
manager: You’re welcome! I'll send that return label shortly. Have a great day, and feel free to contact us if you have any more questions.
client: Will do, thanks."
3,0,gwenshap_modamart__0_w001_004,modamart__0,1,4,handle_objection,unresolved_customer_concern,open_concern_rule,1,1,1.0,"manager: Hi there! Thank you for taking the time to speak with me today. My name is Jamie, and I’m a sales representative from ModaMart. How are you today?
client: Hi Jamie. I'm doing well, thanks. How about you?
manager: I’m great, thank you! So, I understand you’ve been browsing our online store. Is there anything specific you’re looking for today?
client: Well, I've been looking at some winter jackets, but I'm not sure about the quality and if they're worth the price."
3,1,gwenshap_modamart__0_w003_006,modamart__0,3,6,no_action,unresolved_customer_concern,open_concern_rule,0,0,0.0,"manager: I’m great, thank you! So, I understand you’ve been browsing our online store. Is there anything specific you’re looking for today?
client: Well, I've been looking at some winter jackets, but I'm not sure about the quality and if they're worth the price.
manager: I completely understand your concerns. Our winter jackets are made from high-quality materials designed to keep you warm even in the harshest conditions. May I ask what specifically you’re looking for in a jacket?
client: I mostly need something that’s really warm but also lightweight. I don’t want to feel like I'm carrying a heavy blanket around."
3,2,gwenshap_modamart__0_w005_008,modamart__0,5,8,handle_objection,unresolved_customer_concern,open_concern_rule,1,1,1.0,"manager: I completely understand your concerns. Our winter jackets are made from high-quality materials designed to keep you warm even in the harshest conditions. May I ask what specifically you’re looking for in a jacket?
client: I mostly need something that’s really warm but also lightweight. I don’t want to feel like I'm carrying a heavy blanket around.
manager: That makes total sense. Nobody likes to feel weighed down. We have a range of jackets filled with high-loft down, which is incredibly warm yet very lightweight. Have you had a chance to read any reviews or check out our customer ratings?
client: I did see some reviews, but I’m always a bit skeptical. Sometimes reviews can be misleading."
3,3,gwenshap_modamart__0_w007_010,modamart__0,7,10,handle_objection,unresolved_customer_concern,open_concern_rule,1,1,1.0,"manager: That makes total sense. Nobody likes to feel weighed down. We have a range of jackets filled with high-loft down, which is incredibly warm yet very lightweight. Have you had a chance to read any reviews or check out our customer ratings?
client: I did see some reviews, but I’m always a bit skeptical. Sometimes reviews can be misleading.
manager: That’s a valid point. If you’re interested, I can send you a few detailed testimonials from customers who specifically mentioned how lightweight and warm our jackets are. Would that help?
client: Yeah, that would be helpful. But I'm also concerned about sizing. I’ve had issues with ordering clothes online that don’t fit well."
3,4,gwenshap_modamart__0_w009_012,modamart__0,9,12,no_action,unresolved_customer_concern,open_concern_rule,0,0,0.0,"manager: That’s a valid point. If you’re interested, I can send you a few detailed testimonials from customers who specifically mentioned how lightweight and warm our jackets are. Would that help?
client: Yeah, that would be helpful. But I'm also concerned about sizing. I’ve had issues with ordering clothes online that don’t fit well.
manager: I hear you. Getting the right fit is crucial. We offer detailed sizing charts on our website, and we also have a very flexible return and exchange policy. If the size isn’t quite right, you can easily exchange it. Plus, I can guide you through finding the right size now. What size do you usually wear?
client: I normally wear a medium, but sometimes I need a large depending on the brand."
3,5,gwenshap_modamart__0_w011_014,modamart__0,11,14,fix_next_step,unresolved_customer_concern,open_concern_rule,0,1,1.0,"manager: I hear you. Getting the right fit is crucial. We offer detailed sizing charts on our website, and we also have a very flexible return and exchange policy. If the size isn’t quite right, you can easily exchange it. Plus, I can guide you through finding the right size now. What size do you usually wear?
client: I normally wear a medium, but sometimes I need a large depending on the brand.
manager: Understood. Our sizing tends to be true to fit, but I’d recommend measuring yourself using our online guide to ensure accuracy. I can also offer you a 10% discount on your first purchase, which might make taking the plunge a bit easier. How does that sound?
client: That sounds pretty good. I definitely feel more comfortable with the return policy and the discount."
3,6,gwenshap_modamart__0_w013_016,modamart__0,13,16,no_action,unresolved_customer_concern,open_concern_rule,0,0,0.0,"manager: Understood. Our sizing tends to be true to fit, but I’d recommend measuring yourself using our online guide to ensure accuracy. I can also offer you a 10% discount on your first purchase, which might make taking the plunge a bit easier. How does that sound?
client: That sounds pretty good. I definitely feel more comfortable with the return policy and the discount.
manager: I’m glad to hear that. I’ll send you the testimonials and the sizing guide right after our call. Is there anything else you’d like to know about our winter jackets?
client: No, I think that covers it."
3,7,gwenshap_modamart__0_w015_018,modamart__0,15,18,no_action,unresolved_customer_concern,open_concern_rule,0,0,0.0,"manager: I’m glad to hear that. I’ll send you the testimonials and the sizing guide right after our call. Is there anything else you’d like to know about our winter jackets?
client: No, I think that covers it.
manager: Fantastic. I’ll email you the information, and if you have any more questions or need further assistance, feel free to reach out. We’re here to help. Thank you for your time and have a great day!
client: Thank you, Jamie. I appreciate your help. Take care!"
3,33,gwenshap_modamart__4_w001_004,modamart__4,1,4,handle_objection,unresolved_customer_concern,open_concern_rule,1,1,1.0,"manager: Good afternoon, thank you for calling ModaMart. My name is Sarah, how can I assist you today?
client: Hi Sarah, I'm considering making a big purchase, but I have some concerns. Can you help me with that?
manager: Of course! What products are you looking at, and what concerns do you have?
client: I'm looking at the winter jackets, specifically the Model X. It seems a bit pricey, and I'm not sure if it's worth the investment."
3,34,gwenshap_modamart__4_w003_006,modamart__4,3,6,handle_objection,unresolved_customer_concern,open_concern_rule,1,0,0.0,"manager: Of course! What products are you looking at, and what concerns do you have?
client: I'm looking at the winter jackets, specifically the Model X. It seems a bit pricey, and I'm not sure if it's worth the investment.
manager: I understand your concern. The Model X jacket is one of our premium products made with high-quality insulation and weather-resistant materials. It’s designed to keep you warm and dry in extreme conditions. Are you planning on using it for everyday wear, or just for specific activities?
client: Mostly for commuting to work, but I also do some hiking on the weekends. My main issue is that I bought a different jacket last winter, and it didn't hold up well at all."
3,35,gwenshap_modamart__4_w005_008,modamart__4,5,8,handle_objection,unresolved_customer_concern,open_concern_rule,1,0,0.0,"manager: I understand your concern. The Model X jacket is one of our premium products made with high-quality insulation and weather-resistant materials. It’s designed to keep you warm and dry in extreme conditions. Are you planning on using it for everyday wear, or just for specific activities?
client: Mostly for commuting to work, but I also do some hiking on the weekends. My main issue is that I bought a different jacket last winter, and it didn't hold up well at all.
manager: I'm sorry to hear that. Do you remember what brand or model it was? Maybe I can understand better what went wrong last time.
client: It was another brand's mid-tier model. It started to lose its warmth after a couple of months and the zipper broke."
3,36,gwenshap_modamart__4_w007_010,modamart__4,7,10,handle_objection,unresolved_customer_concern,open_concern_rule,1,0,0.0,"manager: I'm sorry to hear that. Do you remember what brand or model it was? Maybe I can understand better what went wrong last time.
client: It was another brand's mid-tier model. It started to lose its warmth after a couple of months and the zipper broke.
manager: That’s definitely frustrating. The Model X jacket has a reinforced zipper and double-stitched seams for durability. Plus, it comes with a one-year warranty that covers any manufacturing defects, so you won’t have to worry about those issues again.
client: That sounds reassuring, but it's still quite a lot of money. Do you offer any payment plans?"
3,37,gwenshap_modamart__4_w009_012,modamart__4,9,12,handle_objection,unresolved_customer_concern,open_concern_rule,1,1,1.0,"manager: That’s definitely frustrating. The Model X jacket has a reinforced zipper and double-stitched seams for durability. Plus, it comes with a one-year warranty that covers any manufacturing defects, so you won’t have to worry about those issues again.
client: That sounds reassuring, but it's still quite a lot of money. Do you offer any payment plans?
manager: Yes, we do offer financing options. You can break down the cost into manageable monthly payments at 0% interest if paid within 6 months. We also have a 30-day return policy if you’re not completely satisfied with your purchase.
client: That definitely helps. Another thing, how do I know if it will fit well? I have a hard time finding jackets that fit just right."
3,38,gwenshap_modamart__4_w011_014,modamart__4,11,14,no_action,unresolved_customer_concern,open_concern_rule,0,0,0.0,"manager: Yes, we do offer financing options. You can break down the cost into manageable monthly payments at 0% interest if paid within 6 months. We also have a 30-day return policy if you’re not completely satisfied with your purchase.
client: That definitely helps. Another thing, how do I know if it will fit well? I have a hard time finding jackets that fit just right.
manager: We offer a comprehensive size guide on our website, but I can also help you over the phone. Could you provide me with your measurements? Additionally, if the size you choose doesn’t fit, you can exchange it free of charge.
client: Great. I’m about 5'8"" and around 160 pounds."
3,39,gwenshap_modamart__4_w013_016,modamart__4,13,16,fix_next_step,unresolved_customer_concern,open_concern_rule,0,0,0.0,"manager: We offer a comprehensive size guide on our website, but I can also help you over the phone. Could you provide me with your measurements? Additionally, if the size you choose doesn’t fit, you can exchange it free of charge.
client: Great. I’m about 5'8"" and around 160 pounds.
manager: Based on that, I would recommend a size Medium. However, it might be a good idea to check our size guide online for more detailed measurements.
client: Okay, I'll check the size guide and think it over. Can I call back if I decide to make the purchase?"
3,40,gwenshap_modamart__4_w015_018,modamart__4,15,18,fix_next_step,unresolved_customer_concern,open_concern_rule,0,0,0.0,"manager: Based on that, I would recommend a size Medium. However, it might be a good idea to check our size guide online for more detailed measurements.
client: Okay, I'll check the size guide and think it over. Can I call back if I decide to make the purchase?
manager: Absolutely, you can call us anytime, or you can order directly through our website at your convenience. Is there anything else I can assist you with right now?
client: No, I think that's it for now. Thanks for all the information, Sarah. You've been very helpful."
3,41,gwenshap_modamart__4_w017_020,modamart__4,17,20,no_action,unresolved_customer_concern,open_concern_rule,0,0,0.0,"manager: Absolutely, you can call us anytime, or you can order directly through our website at your convenience. Is there anything else I can assist you with right now?
client: No, I think that's it for now. Thanks for all the information, Sarah. You've been very helpful.
manager: My pleasure! Feel free to reach out if you have any more questions. Have a great day!
client: You too, thanks!"
3,94,gwenshap_nexiv-solutions__1_w001_004,nexiv-solutions__1,1,4,avoid_early_presentation,unresolved_customer_concern,open_concern_rule,0,1,1.0,"manager: Hi, this is Alex from Nexiv Solutions. Am I speaking with Jamie?
client: Yes, this is Jamie. How can I help you?
manager: Great to speak with you, Jamie. I wanted to introduce you to some of the solutions Nexiv offers. We're helping companies like yours streamline their operations with our integrated software suite. Could I ask, what are some of the challenges you're facing with your current tech setup?
client: Honestly, we're struggling with data consolidation. We have different systems for inventory, sales, and customer management, and it's a hassle to get a clear view of everything."
3,95,gwenshap_nexiv-solutions__1_w003_006,nexiv-solutions__1,3,6,anchor_value,unresolved_customer_concern,open_concern_rule,0,0,0.0,"manager: Great to speak with you, Jamie. I wanted to introduce you to some of the solutions Nexiv offers. We're helping companies like yours streamline their operations with our integrated software suite. Could I ask, what are some of the challenges you're facing with your current tech setup?
client: Honestly, we're struggling with data consolidation. We have different systems for inventory, sales, and customer management, and it's a hassle to get a clear view of everything.
manager: I hear that a lot. Data fragmentation can be a real headache. How much time would you say your team spends on manual data reconciliation each week?
client: Probably around ten hours or more. It's really inefficient."
3,96,gwenshap_nexiv-solutions__1_w005_008,nexiv-solutions__1,5,8,handle_objection,unresolved_customer_concern,open_concern_rule,1,1,1.0,"manager: I hear that a lot. Data fragmentation can be a real headache. How much time would you say your team spends on manual data reconciliation each week?
client: Probably around ten hours or more. It's really inefficient.
manager: That sounds frustrating. Our platform offers a unified dashboard that brings all your data into one place, reducing the need for manual efforts. Could that help reduce those ten hours for your team?
client: It sounds promising, but we’ve tried new systems before, and the transition is always difficult. We're worried about the downtime and the learning curve."
3,97,gwenshap_nexiv-solutions__1_w007_010,nexiv-solutions__1,7,10,handle_objection,unresolved_customer_concern,open_concern_rule,1,1,1.0,"manager: That sounds frustrating. Our platform offers a unified dashboard that brings all your data into one place, reducing the need for manual efforts. Could that help reduce those ten hours for your team?
client: It sounds promising, but we’ve tried new systems before, and the transition is always difficult. We're worried about the downtime and the learning curve.
manager: I understand your concern. Rolling out new software can be challenging. At Nexiv, we provide dedicated onboarding and training support to ensure a smooth transition. Plus, our customer success team is always on hand to assist with any issues. Would that help alleviate some of your concerns?
client: It might, but we're also cautious about the cost. Budget is a big factor for us right now."
3,98,gwenshap_nexiv-solutions__1_w009_012,nexiv-solutions__1,9,12,fix_next_step,unresolved_customer_concern,open_concern_rule,0,0,0.0,"manager: I understand your concern. Rolling out new software can be challenging. At Nexiv, we provide dedicated onboarding and training support to ensure a smooth transition. Plus, our customer success team is always on hand to assist with any issues. Would that help alleviate some of your concerns?
client: It might, but we're also cautious about the cost. Budget is a big factor for us right now.
manager: Absolutely, cost is a key consideration. Our solutions are scalable, and we can tailor a package that fits both your needs and your budget. More often than not, our customers find that the efficiencies they gain actually save them money in the long run. How does that sound?
client: It's worth exploring. What would be the next steps if we were interested in finding out more?"
3,99,gwenshap_nexiv-solutions__1_w011_014,nexiv-solutions__1,11,14,no_action,unresolved_customer_concern,open_concern_rule,0,0,0.0,"manager: Absolutely, cost is a key consideration. Our solutions are scalable, and we can tailor a package that fits both your needs and your budget. More often than not, our customers find that the efficiencies they gain actually save them money in the long run. How does that sound?
client: It's worth exploring. What would be the next steps if we were interested in finding out more?
manager: Great to hear! We can set up a demo tailored to your specific processes and pain points. From there, we would scope out a custom plan and provide a detailed quote. Could we schedule a time for the demo this week?
client: Sure, I have some availability on Thursday afternoon."
4,8,gwenshap_modamart__1_w001_004,modamart__1,1,4,handle_objection,unresolved_customer_concern,open_concern_rule,1,1,1.0,"manager: ** Good morning, this is Sarah from ModaMart. How can I assist you today?
client: ** Hi, this is John. I’ve been looking at some jackets on your website, but I’m not sure which one to choose. They all look pretty similar.
manager: ** Hi John! Thanks for reaching out. I’d be happy to help you find the perfect jacket. Are you looking for something specific, like a certain material or style?
client: ** Well, I’m mainly looking for something warm and stylish for the winter. I noticed some of the jackets say they're insulated, but I’m not sure how warm they really are."
4,9,gwenshap_modamart__1_w003_006,modamart__1,3,6,handle_objection,unresolved_customer_concern,open_concern_rule,1,1,1.0,"manager: ** Hi John! Thanks for reaching out. I’d be happy to help you find the perfect jacket. Are you looking for something specific, like a certain material or style?
client: ** Well, I’m mainly looking for something warm and stylish for the winter. I noticed some of the jackets say they're insulated, but I’m not sure how warm they really are.
manager: ** I understand. Our insulated jackets are designed to keep you warm even in very cold temperatures. We use high-quality down and synthetic materials. Do you have any preferences between down or synthetic insulation?
client: ** I’ve heard down is warmer, but I’m worried about how it holds up in wet weather."
4,10,gwenshap_modamart__1_w005_008,modamart__1,5,8,handle_objection,unresolved_customer_concern,open_concern_rule,1,1,1.0,"manager: ** I understand. Our insulated jackets are designed to keep you warm even in very cold temperatures. We use high-quality down and synthetic materials. Do you have any preferences between down or synthetic insulation?
client: ** I’ve heard down is warmer, but I’m worried about how it holds up in wet weather.
manager: ** That’s a great point. Down is incredibly warm, but it can lose its insulating properties when wet. Synthetic insulation, on the other hand, retains warmth even when damp. If you’re expecting to face wet conditions, I’d recommend going with a synthetic option.
client: ** Got it. Also, some of the reviews mention sizing issues. I don’t want to go through the hassle of returning something that doesn’t fit."
4,11,gwenshap_modamart__1_w007_010,modamart__1,7,10,no_action,unresolved_customer_concern,open_concern_rule,0,0,0.0,"manager: ** That’s a great point. Down is incredibly warm, but it can lose its insulating properties when wet. Synthetic insulation, on the other hand, retains warmth even when damp. If you’re expecting to face wet conditions, I’d recommend going with a synthetic option.
client: ** Got it. Also, some of the reviews mention sizing issues. I don’t want to go through the hassle of returning something that doesn’t fit.
manager: ** Understandable. Our jackets tend to run true to size, but I can give you more precise advice if you can tell me your typical jacket size and any specific measurements.
client: ** I'm usually a medium, but sometimes jackets feel tight around my shoulders."
4,12,gwenshap_modamart__1_w009_012,modamart__1,9,12,handle_objection,unresolved_customer_concern,open_concern_rule,1,1,1.0,"manager: ** Understandable. Our jackets tend to run true to size, but I can give you more precise advice if you can tell me your typical jacket size and any specific measurements.
client: ** I'm usually a medium, but sometimes jackets feel tight around my shoulders.
manager: ** Thanks for that info. If you’re concerned about the fit around the shoulders, I’d suggest going for a medium with a relaxed fit, or possibly sizing up to a large, especially with brands like NordicEdge that we carry. They offer more room in the shoulder area without making the jacket look oversized.
client: ** That sounds like a good idea. I'll also need the jacket relatively soon. How long does shipping usually take?"
4,13,gwenshap_modamart__1_w011_014,modamart__1,11,14,no_action,unresolved_customer_concern,open_concern_rule,0,0,0.0,"manager: ** Thanks for that info. If you’re concerned about the fit around the shoulders, I’d suggest going for a medium with a relaxed fit, or possibly sizing up to a large, especially with brands like NordicEdge that we carry. They offer more room in the shoulder area without making the jacket look oversized.
client: ** That sounds like a good idea. I'll also need the jacket relatively soon. How long does shipping usually take?
manager: ** Our standard shipping typically takes 3-5 business days, and we offer expedited options if you need it sooner. Are you looking to receive it by a particular date?
client: ** I'd like to have it within the next week if possible."
4,14,gwenshap_modamart__1_w013_016,modamart__1,13,16,fix_next_step,unresolved_customer_concern,open_concern_rule,0,0,0.0,"manager: ** Our standard shipping typically takes 3-5 business days, and we offer expedited options if you need it sooner. Are you looking to receive it by a particular date?
client: ** I'd like to have it within the next week if possible.
manager: ** In that case, I’d recommend our express shipping option. Let’s finalize your choice of jacket first. Are you leaning towards a specific model?
client: ** I think I’ll go with the NordicEdge Synthetic Insulated Jacket in large, like you mentioned."
4,15,gwenshap_modamart__1_w015_018,modamart__1,15,18,no_action,unresolved_customer_concern,open_concern_rule,0,0,0.0,"manager: ** In that case, I’d recommend our express shipping option. Let’s finalize your choice of jacket first. Are you leaning towards a specific model?
client: ** I think I’ll go with the NordicEdge Synthetic Insulated Jacket in large, like you mentioned.
manager: ** Great choice! I’ll get that set up for you with express shipping. You should receive it within 2-3 business days. Can I assist you with anything else today?
client: ** No, that's all for now. Thanks for your help!"
4,16,gwenshap_modamart__1_w017_020,modamart__1,17,20,no_action,unresolved_customer_concern,open_concern_rule,0,0,0.0,"manager: ** Great choice! I’ll get that set up for you with express shipping. You should receive it within 2-3 business days. Can I assist you with anything else today?
client: ** No, that's all for now. Thanks for your help!
manager: ** You're welcome, John! If you have any other questions, feel free to contact us. Have a great day!
client: ** Thanks, you too."
4,57,gwenshap_modamart__7_w001_004,modamart__7,1,4,anchor_value,unresolved_customer_concern,open_concern_rule,0,1,1.0,"manager: Good afternoon, this is Alex from ModaMart. How can I help you today?
client: Hi, Alex. I'm looking to update my wardrobe for the upcoming season, but I'm having trouble finding items that fit well and are in my budget.
manager: I understand. Finding the perfect fit and staying within budget can be challenging. Could you tell me a bit more about what you're specifically looking for?
client: Sure. I'm looking for casual clothes like jeans and tops, but I also want a couple of more formal outfits for work. My budget is around $300."
4,58,gwenshap_modamart__7_w003_006,modamart__7,3,6,no_action,unresolved_customer_concern,open_concern_rule,0,0,0.0,"manager: I understand. Finding the perfect fit and staying within budget can be challenging. Could you tell me a bit more about what you're specifically looking for?
client: Sure. I'm looking for casual clothes like jeans and tops, but I also want a couple of more formal outfits for work. My budget is around $300.
manager: Great, thanks for sharing that. At ModaMart, we specialize in high-quality, affordable fashion. What sizes are you requiring, and do you have any particular styles or colors in mind?
client: I'm a size 12 for jeans and medium for tops. I prefer neutral colors like black, white, and navy. As for style, I like classic, timeless pieces."
4,59,gwenshap_modamart__7_w005_008,modamart__7,5,8,handle_objection,unresolved_customer_concern,open_concern_rule,1,1,1.0,"manager: Great, thanks for sharing that. At ModaMart, we specialize in high-quality, affordable fashion. What sizes are you requiring, and do you have any particular styles or colors in mind?
client: I'm a size 12 for jeans and medium for tops. I prefer neutral colors like black, white, and navy. As for style, I like classic, timeless pieces.
manager: Got it. We have a range of jeans that are known for their great fit, like our High-Waist Slim Jeans. For tops, we recently launched a line of classic blouses that would pair nicely with those jeans for both casual and formal settings.
client: That sounds good, but I'm worried about the quality. I’ve bought clothes online before that ended up looking cheap or falling apart after a few washes."
4,60,gwenshap_modamart__7_w007_010,modamart__7,7,10,handle_objection,unresolved_customer_concern,open_concern_rule,1,1,1.0,"manager: Got it. We have a range of jeans that are known for their great fit, like our High-Waist Slim Jeans. For tops, we recently launched a line of classic blouses that would pair nicely with those jeans for both casual and formal settings.
client: That sounds good, but I'm worried about the quality. I’ve bought clothes online before that ended up looking cheap or falling apart after a few washes.
manager: I completely understand your concern. What sets ModaMart apart is our commitment to quality. We offer a 90-day return policy and quality guarantees on all our items. Plus, we have thousands of customer reviews if you'd like to read about their experiences.
client: That’s reassuring. But how do I know if the fit will be right? Online shopping can be a bit hit or miss for me."
4,61,gwenshap_modamart__7_w009_012,modamart__7,9,12,fix_next_step,unresolved_customer_concern,open_concern_rule,0,0,0.0,"manager: I completely understand your concern. What sets ModaMart apart is our commitment to quality. We offer a 90-day return policy and quality guarantees on all our items. Plus, we have thousands of customer reviews if you'd like to read about their experiences.
client: That’s reassuring. But how do I know if the fit will be right? Online shopping can be a bit hit or miss for me.
manager: A good fit is crucial. Each of our product pages includes detailed sizing charts and customer reviews specifically mentioning fit. Additionally, we offer free returns, so you can try on items risk-free and return or exchange anything that doesn't work.
client: That’s helpful to know. It sounds pretty good, but I’d like to think it over and maybe browse your site before making a decision."
4,62,gwenshap_modamart__7_w011_014,modamart__7,11,14,no_action,unresolved_customer_concern,open_concern_rule,0,0,0.0,"manager: A good fit is crucial. Each of our product pages includes detailed sizing charts and customer reviews specifically mentioning fit. Additionally, we offer free returns, so you can try on items risk-free and return or exchange anything that doesn't work.
client: That’s helpful to know. It sounds pretty good, but I’d like to think it over and maybe browse your site before making a decision.
manager: Of course, take all the time you need. If you’d like, I can also send you an email with direct links to our bestsellers within your criteria. That way, you can easily find what you’re looking for.
client: Yes, please do. That would make it easier for me to browse."
4,63,gwenshap_modamart__7_w013_016,modamart__7,13,16,no_action,unresolved_customer_concern,open_concern_rule,0,0,0.0,"manager: Of course, take all the time you need. If you’d like, I can also send you an email with direct links to our bestsellers within your criteria. That way, you can easily find what you’re looking for.
client: Yes, please do. That would make it easier for me to browse.
manager: Absolutely. I'll get that email over to you right after we hang up. If you have any other questions, feel free to reach out to me directly. My contact information will also be in the email.
client: Thank you, Alex. You've been very helpful."
4,64,gwenshap_modamart__7_w015_018,modamart__7,15,18,no_action,unresolved_customer_concern,open_concern_rule,0,0,0.0,"manager: Absolutely. I'll get that email over to you right after we hang up. If you have any other questions, feel free to reach out to me directly. My contact information will also be in the email.
client: Thank you, Alex. You've been very helpful.
manager: You’re welcome! Have a great day, and I look forward to helping you find the perfect outfits at ModaMart.
client: Thanks, you too."
0,49,gwenshap_modamart__6_w001_004,modamart__6,1,4,handle_objection,unresolved_customer_concern,tfidf_logreg,1,1,0.5497350168012415,"manager: Thank you for calling ModaMart. This is Alex. How can I help you today?
client: Hi Alex. I’m Lisa. I’ve been looking at your website, but I’m not sure about the sizes for a few items. They seem to vary a lot.
manager: I understand, Lisa. Sizes can be tricky. Are there specific items you’re concerned about?
client: Yes, the summer dresses. I’m usually a medium, but sometimes a small fits better. It’s confusing."
0,50,gwenshap_modamart__6_w003_006,modamart__6,3,6,handle_objection,unresolved_customer_concern,tfidf_logreg,1,1,0.5910707333957245,"manager: I understand, Lisa. Sizes can be tricky. Are there specific items you’re concerned about?
client: Yes, the summer dresses. I’m usually a medium, but sometimes a small fits better. It’s confusing.
manager: Got it. We actually have a detailed size chart for each product. Have you had a chance to look at those?
client: I saw the size chart but I’ve had problems with online size charts before. They don't always match up with the actual fit."
0,51,gwenshap_modamart__6_w005_008,modamart__6,5,8,handle_objection,unresolved_customer_concern,tfidf_logreg,1,1,0.597794045408764,"manager: Got it. We actually have a detailed size chart for each product. Have you had a chance to look at those?
client: I saw the size chart but I’ve had problems with online size charts before. They don't always match up with the actual fit.
manager: That's a common issue. One thing we offer is a virtual stylist service. Would you be interested in setting up a quick consultation to get the best fit recommendations?
client: That sounds helpful, but I’m also worried about the return policy if things don’t fit. Is it easy to return items?"
0,52,gwenshap_modamart__6_w007_010,modamart__6,7,10,handle_objection,unresolved_customer_concern,tfidf_logreg,1,1,0.5188493243386246,"manager: That's a common issue. One thing we offer is a virtual stylist service. Would you be interested in setting up a quick consultation to get the best fit recommendations?
client: That sounds helpful, but I’m also worried about the return policy if things don’t fit. Is it easy to return items?
manager: Absolutely. You have a 30-day window to return items for a full refund. We also offer free return shipping for all online purchases.
client: That sounds good. But I'm also hesitant because I’ve had bad experiences with slow shipping."
0,53,gwenshap_modamart__6_w009_012,modamart__6,9,12,fix_next_step,unresolved_customer_concern,tfidf_logreg,0,0,0.45201619853187863,"manager: Absolutely. You have a 30-day window to return items for a full refund. We also offer free return shipping for all online purchases.
client: That sounds good. But I'm also hesitant because I’ve had bad experiences with slow shipping.
manager: We hear you, Lisa. At ModaMart, we prioritize fast and reliable shipping. Most of our orders arrive within 5 business days. Plus, we offer expedited shipping if you need your items sooner.
client: Alright, that’s reassuring. How do I set up the virtual stylist consultation?"
0,54,gwenshap_modamart__6_w011_014,modamart__6,11,14,no_action,unresolved_customer_concern,tfidf_logreg,0,0,0.386596478857924,"manager: We hear you, Lisa. At ModaMart, we prioritize fast and reliable shipping. Most of our orders arrive within 5 business days. Plus, we offer expedited shipping if you need your items sooner.
client: Alright, that’s reassuring. How do I set up the virtual stylist consultation?
manager: You can easily schedule it on our website or I can set it up for you right now. What’s your preferred time and date?
client: I’m free tomorrow afternoon. Maybe around 2 PM?"
0,55,gwenshap_modamart__6_w013_016,modamart__6,13,16,no_action,unresolved_customer_concern,tfidf_logreg,0,0,0.3441289563286116,"manager: You can easily schedule it on our website or I can set it up for you right now. What’s your preferred time and date?
client: I’m free tomorrow afternoon. Maybe around 2 PM?
manager: Perfect. I’ve scheduled your virtual stylist consultation for tomorrow at 2 PM. You’ll receive a confirmation email shortly. Is there anything else I can assist you with?
client: No, that’s all for now. Thanks, Alex."
0,56,gwenshap_modamart__6_w015_018,modamart__6,15,18,no_action,unresolved_customer_concern,tfidf_logreg,0,0,0.3279639794422665,"manager: Perfect. I’ve scheduled your virtual stylist consultation for tomorrow at 2 PM. You’ll receive a confirmation email shortly. Is there anything else I can assist you with?
client: No, that’s all for now. Thanks, Alex.
manager: My pleasure, Lisa. Have a great day and we’ll talk to you tomorrow.
client: Thanks, bye!"
0,84,gwenshap_nexiv-solutions__0_w001_004,nexiv-solutions__0,1,4,avoid_early_presentation,unresolved_customer_concern,tfidf_logreg,0,0,0.47335589315523413,"manager: Good afternoon! My name is Kelly from Nexiv Solutions. How are you today?
client: Hi Kelly, I’m doing well, thanks. How about you?
manager: I'm great, thanks for asking! I wanted to take a few minutes to discuss how Nexiv Solutions might be able to help streamline your tech operations. Do you have some time right now?
client: Sure, I have a few minutes."
0,85,gwenshap_nexiv-solutions__0_w003_006,nexiv-solutions__0,3,6,anchor_value,unresolved_customer_concern,tfidf_logreg,0,0,0.4374793137409401,"manager: I'm great, thanks for asking! I wanted to take a few minutes to discuss how Nexiv Solutions might be able to help streamline your tech operations. Do you have some time right now?
client: Sure, I have a few minutes.
manager: Fantastic. Can you tell me a bit about your current tech setup and any challenges you’re facing?
client: Well, we are currently using multiple platforms to manage our customer data, and it's becoming increasingly difficult to keep everything synchronized. We often have data discrepancies and it's a real pain point for us."
0,86,gwenshap_nexiv-solutions__0_w005_008,nexiv-solutions__0,5,8,anchor_value,unresolved_customer_concern,tfidf_logreg,0,0,0.4854555032261344,"manager: Fantastic. Can you tell me a bit about your current tech setup and any challenges you’re facing?
client: Well, we are currently using multiple platforms to manage our customer data, and it's becoming increasingly difficult to keep everything synchronized. We often have data discrepancies and it's a real pain point for us.
manager: I understand. Data inconsistencies can be very frustrating. How much time do you think your team spends dealing with these issues?
client: Honestly, we’re spending several hours each week just trying to reconcile data from different sources. It's not just time-consuming but also affects our productivity."
0,87,gwenshap_nexiv-solutions__0_w007_010,nexiv-solutions__0,7,10,anchor_value,unresolved_customer_concern,tfidf_logreg,0,1,0.5326088864003945,"manager: I understand. Data inconsistencies can be very frustrating. How much time do you think your team spends dealing with these issues?
client: Honestly, we’re spending several hours each week just trying to reconcile data from different sources. It's not just time-consuming but also affects our productivity.
manager: That sounds really tough. What have you tried so far to address this issue?
client: We've tried using third-party integration tools, but they have their own limitations and often create more problems than they solve."
0,88,gwenshap_nexiv-solutions__0_w009_012,nexiv-solutions__0,9,12,handle_objection,unresolved_customer_concern,tfidf_logreg,1,1,0.519342337466061,"manager: That sounds really tough. What have you tried so far to address this issue?
client: We've tried using third-party integration tools, but they have their own limitations and often create more problems than they solve.
manager: I see. It's crucial to have a reliable solution. At Nexiv Solutions, we offer a unified platform that can integrate seamlessly with your existing systems and centralize your customer data to ensure consistency. Would that be something you’re interested in?
client: It sounds promising, but we’re concerned about the implementation process. We can’t afford much downtime."
0,89,gwenshap_nexiv-solutions__0_w011_014,nexiv-solutions__0,11,14,handle_objection,unresolved_customer_concern,tfidf_logreg,1,0,0.4830725413936864,"manager: I see. It's crucial to have a reliable solution. At Nexiv Solutions, we offer a unified platform that can integrate seamlessly with your existing systems and centralize your customer data to ensure consistency. Would that be something you’re interested in?
client: It sounds promising, but we’re concerned about the implementation process. We can’t afford much downtime.
manager: That’s a valid concern. Our solution is designed to integrate with minimal disruption to your operations. We also provide comprehensive support during the implementation process to ensure a smooth transition. How does that align with your needs?
client: It does sound reassuring, but we’re also on a tight budget. Can you give me an idea of the cost?"
0,90,gwenshap_nexiv-solutions__0_w013_016,nexiv-solutions__0,13,16,fix_next_step,unresolved_customer_concern,tfidf_logreg,0,0,0.46629988728493155,"manager: That’s a valid concern. Our solution is designed to integrate with minimal disruption to your operations. We also provide comprehensive support during the implementation process to ensure a smooth transition. How does that align with your needs?
client: It does sound reassuring, but we’re also on a tight budget. Can you give me an idea of the cost?
manager: Absolutely. While it varies based on the specific package and the size of your operation, I'd be happy to provide a detailed quote after understanding more about your requirements. We often find that the efficiency gained offsets the initial investment quite quickly.
client: Okay, that makes sense. Can you send over some more information?"
0,91,gwenshap_nexiv-solutions__0_w015_018,nexiv-solutions__0,15,18,no_action,unresolved_customer_concern,tfidf_logreg,0,0,0.45244044831625313,"manager: Absolutely. While it varies based on the specific package and the size of your operation, I'd be happy to provide a detailed quote after understanding more about your requirements. We often find that the efficiency gained offsets the initial investment quite quickly.
client: Okay, that makes sense. Can you send over some more information?
manager: Of course. I’ll email you a detailed proposal along with case studies that demonstrate how we've helped similar companies. Can we schedule a follow-up call for later this week to discuss any questions you might have?
client: Sure, I am available on Thursday afternoon."
0,92,gwenshap_nexiv-solutions__0_w017_020,nexiv-solutions__0,17,20,no_action,unresolved_customer_concern,tfidf_logreg,0,0,0.3750151921350697,"manager: Of course. I’ll email you a detailed proposal along with case studies that demonstrate how we've helped similar companies. Can we schedule a follow-up call for later this week to discuss any questions you might have?
client: Sure, I am available on Thursday afternoon.
manager: Perfect! I'll set up a meeting for Thursday at 2 PM. I’ll send a calendar invite shortly. Is there anything else you’d like to discuss today?
client: No, that covers it for now. Thanks, Kelly."
0,93,gwenshap_nexiv-solutions__0_w019_022,nexiv-solutions__0,19,22,no_action,unresolved_customer_concern,tfidf_logreg,0,0,0.3188228767355647,"manager: Perfect! I'll set up a meeting for Thursday at 2 PM. I’ll send a calendar invite shortly. Is there anything else you’d like to discuss today?
client: No, that covers it for now. Thanks, Kelly.
manager: You're welcome! Looking forward to our call on Thursday. Have a great day.
client: You too, bye."
1,26,gwenshap_modamart__3_w001_004,modamart__3,1,4,handle_objection,unresolved_customer_concern,tfidf_logreg,1,1,0.5466038415752297,"manager: Good afternoon! Thank you for calling ModaMart. My name is Alex. How can I assist you today?
client: Hi, Alex. I'm looking to revamp my wardrobe and I've heard good things about ModaMart, but I've had some bad experiences with online shopping in the past. I'm not sure if I should give it another try.
manager: I understand your concerns. Online shopping can be tricky sometimes. Could you tell me more about what issues you've faced before?
client: Well, the last few times, the clothes didn't fit right and returning them was such a hassle. Plus, the quality wasn't as good as advertised."
1,27,gwenshap_modamart__3_w003_006,modamart__3,3,6,handle_objection,unresolved_customer_concern,tfidf_logreg,1,1,0.5392061887697834,"manager: I understand your concerns. Online shopping can be tricky sometimes. Could you tell me more about what issues you've faced before?
client: Well, the last few times, the clothes didn't fit right and returning them was such a hassle. Plus, the quality wasn't as good as advertised.
manager: I'm really sorry to hear that. At ModaMart, we offer a detailed sizing guide to help with the fit, and our return process is designed to be hassle-free. You can return items within 30 days for a full refund. As for quality, all our products go through rigorous quality checks before being shipped.
client: That sounds better, but I'm still skeptical about the fit. How accurate are your sizing charts?"
1,28,gwenshap_modamart__3_w005_008,modamart__3,5,8,handle_objection,unresolved_customer_concern,tfidf_logreg,1,1,0.514997832936182,"manager: I'm really sorry to hear that. At ModaMart, we offer a detailed sizing guide to help with the fit, and our return process is designed to be hassle-free. You can return items within 30 days for a full refund. As for quality, all our products go through rigorous quality checks before being shipped.
client: That sounds better, but I'm still skeptical about the fit. How accurate are your sizing charts?
manager: Our sizing charts are updated regularly based on customer feedback and measurements. Additionally, we offer a virtual fitting room feature where you can input your measurements and see how different sizes might fit you.
client: Hmm. That sounds helpful, but it's still a leap of faith for me. I hate dealing with returns."
1,29,gwenshap_modamart__3_w007_010,modamart__3,7,10,handle_objection,unresolved_customer_concern,tfidf_logreg,1,1,0.5009256374356873,"manager: Our sizing charts are updated regularly based on customer feedback and measurements. Additionally, we offer a virtual fitting room feature where you can input your measurements and see how different sizes might fit you.
client: Hmm. That sounds helpful, but it's still a leap of faith for me. I hate dealing with returns.
manager: I completely understand. To make it even easier, we can provide you with a prepaid return label along with your order, so you don't have to worry about shipping costs if something doesn't fit.
client: That’s a nice touch. I’m also concerned about the pricing. I want good quality but at a reasonable price."
1,30,gwenshap_modamart__3_w009_012,modamart__3,9,12,fix_next_step,unresolved_customer_concern,tfidf_logreg,0,0,0.4712709013408243,"manager: I completely understand. To make it even easier, we can provide you with a prepaid return label along with your order, so you don't have to worry about shipping costs if something doesn't fit.
client: That’s a nice touch. I’m also concerned about the pricing. I want good quality but at a reasonable price.
manager: We strive to offer quality products at competitive prices. Plus, if you sign up for our ModaMart Rewards program, you’ll receive exclusive discounts and early access to sales. As a new customer, we can offer you a 20% discount on your first purchase.
client: That’s pretty tempting. I might give it a try. What are the next steps?"
1,31,gwenshap_modamart__3_w011_014,modamart__3,11,14,no_action,unresolved_customer_concern,tfidf_logreg,0,0,0.39999923756276995,"manager: We strive to offer quality products at competitive prices. Plus, if you sign up for our ModaMart Rewards program, you’ll receive exclusive discounts and early access to sales. As a new customer, we can offer you a 20% discount on your first purchase.
client: That’s pretty tempting. I might give it a try. What are the next steps?
manager: Great to hear! You can visit our website and sign up for the ModaMart Rewards program right away. If you need any assistance with sizing or product details, feel free to reach out to our customer service team. They'll be more than happy to help.
client: Alright, I’ll check it out. Thank you for addressing my concerns, Alex."
1,32,gwenshap_modamart__3_w013_016,modamart__3,13,16,no_action,unresolved_customer_concern,tfidf_logreg,0,0,0.3886668277512734,"manager: Great to hear! You can visit our website and sign up for the ModaMart Rewards program right away. If you need any assistance with sizing or product details, feel free to reach out to our customer service team. They'll be more than happy to help.
client: Alright, I’ll check it out. Thank you for addressing my concerns, Alex.
manager: It’s my pleasure. Thank you for considering ModaMart. Have a great day, and happy shopping!
client: Thanks, you too. Bye."
1,42,gwenshap_modamart__5_w001_004,modamart__5,1,4,no_action,unresolved_customer_concern,tfidf_logreg,0,1,0.532171002793597,"manager: Good afternoon! Thanks for calling ModaMart. My name is Jessica. How can I assist you today?
client: Hi Jessica. I'm considering buying some new clothes for the fall season, but I'm a bit overwhelmed by the options. I usually shop in-store, and online shopping's got me confused with sizing and returns.
manager: I completely understand. Finding the right fit online can be tricky. Are there specific items or styles you're looking for?
client: Yes, I'm looking for some casual and business-casual pieces like sweaters, blouses, and maybe a new pair of jeans."
1,43,gwenshap_modamart__5_w003_006,modamart__5,3,6,handle_objection,unresolved_customer_concern,tfidf_logreg,1,1,0.5294920600970392,"manager: I completely understand. Finding the right fit online can be tricky. Are there specific items or styles you're looking for?
client: Yes, I'm looking for some casual and business-casual pieces like sweaters, blouses, and maybe a new pair of jeans.
manager: Great choice for the fall season! At ModaMart, we have detailed size charts and fit guides that can help you determine the best size. Additionally, our return policy is pretty flexible. If something doesn't fit, you can return or exchange it within 30 days.
client: That sounds helpful. But what about the quality? Sometimes online products don’t match the pictures and descriptions."
1,44,gwenshap_modamart__5_w005_008,modamart__5,5,8,handle_objection,unresolved_customer_concern,tfidf_logreg,1,1,0.5241849791786128,"manager: Great choice for the fall season! At ModaMart, we have detailed size charts and fit guides that can help you determine the best size. Additionally, our return policy is pretty flexible. If something doesn't fit, you can return or exchange it within 30 days.
client: That sounds helpful. But what about the quality? Sometimes online products don’t match the pictures and descriptions.
manager: That's a common concern. ModaMart ensures high quality for all our products, and we provide customer reviews and ratings for most items. This way, you can see what other customers think before making a purchase. Our customer service team is also available to help with any issues you might have once you receive your order.
client: That’s reassuring. Still, I'm worried about the hassle of returns if I don’t like something. I've had bad experiences with other retailers."
1,45,gwenshap_modamart__5_w007_010,modamart__5,7,10,handle_objection,unresolved_customer_concern,tfidf_logreg,1,0,0.4891214035247839,"manager: That's a common concern. ModaMart ensures high quality for all our products, and we provide customer reviews and ratings for most items. This way, you can see what other customers think before making a purchase. Our customer service team is also available to help with any issues you might have once you receive your order.
client: That’s reassuring. Still, I'm worried about the hassle of returns if I don’t like something. I've had bad experiences with other retailers.
manager: I hear you. ModaMart aims to make the returns process as smooth as possible. You can initiate a return directly from your online account, and we provide a prepaid shipping label to send items back without any additional cost.
client: Okay, that does sound convenient. How long does the refund process usually take?"
1,46,gwenshap_modamart__5_w009_012,modamart__5,9,12,fix_next_step,unresolved_customer_concern,tfidf_logreg,0,0,0.4407902172112049,"manager: I hear you. ModaMart aims to make the returns process as smooth as possible. You can initiate a return directly from your online account, and we provide a prepaid shipping label to send items back without any additional cost.
client: Okay, that does sound convenient. How long does the refund process usually take?
manager: Once we receive the returned items, refunds are typically processed within 3 to 5 business days. You'll receive an email confirmation when the refund has been issued.
client: That sounds fair. I think I’ll give it a try. How do I get started?"
1,47,gwenshap_modamart__5_w011_014,modamart__5,11,14,no_action,unresolved_customer_concern,tfidf_logreg,0,0,0.4096604508475597,"manager: Once we receive the returned items, refunds are typically processed within 3 to 5 business days. You'll receive an email confirmation when the refund has been issued.
client: That sounds fair. I think I’ll give it a try. How do I get started?
manager: Fantastic! You can start by visiting our website and browsing the fall collection. If you have any questions at any point, feel free to contact us via chat, phone, or email. We’re here to help.
client: Thanks, Jessica. You've been very helpful."
1,48,gwenshap_modamart__5_w013_016,modamart__5,13,16,no_action,unresolved_customer_concern,tfidf_logreg,0,0,0.40059249326467034,"manager: Fantastic! You can start by visiting our website and browsing the fall collection. If you have any questions at any point, feel free to contact us via chat, phone, or email. We’re here to help.
client: Thanks, Jessica. You've been very helpful.
manager: It’s my pleasure! Have a great day shopping with ModaMart, and enjoy your new fall wardrobe!
client: Thanks again. Bye!"
1,65,gwenshap_modamart__8_w001_004,modamart__8,1,4,anchor_value,unresolved_customer_concern,tfidf_logreg,0,1,0.5613722594800492,"manager: Thank you for calling ModaMart! This is Sarah, how can I assist you today?
client: Hi, I'm looking for some information on your latest winter collection. I'm particularly interested in jackets.
manager: Absolutely! Our new winter collection just launched, and we have some great jackets in various styles. Are you looking for something more casual or formal?
client: I'm going to need something versatile. You know, something I can wear to work but also on weekends. And it has to be warm because the last jacket I bought from another store wasn’t warm enough."
1,66,gwenshap_modamart__8_w003_006,modamart__8,3,6,handle_objection,unresolved_customer_concern,tfidf_logreg,1,1,0.5604729499901188,"manager: Absolutely! Our new winter collection just launched, and we have some great jackets in various styles. Are you looking for something more casual or formal?
client: I'm going to need something versatile. You know, something I can wear to work but also on weekends. And it has to be warm because the last jacket I bought from another store wasn’t warm enough.
manager: I understand. Staying warm in winter is crucial. All our winter jackets are insulated, but for a versatile option, I recommend our ""Everest"" jacket. It's designed to be both work-appropriate and casual.
client: That sounds good, but I'm also concerned about the fit. I'm tall and often find it hard to get a good fit off the rack."
1,67,gwenshap_modamart__8_w005_008,modamart__8,5,8,no_action,unresolved_customer_concern,tfidf_logreg,0,1,0.524155899108426,"manager: I understand. Staying warm in winter is crucial. All our winter jackets are insulated, but for a versatile option, I recommend our ""Everest"" jacket. It's designed to be both work-appropriate and casual.
client: That sounds good, but I'm also concerned about the fit. I'm tall and often find it hard to get a good fit off the rack.
manager: I hear you. Fit can be a tricky issue. The ""Everest"" jacket comes in a variety of sizes, including tall options. If you like, I can check the availability in your size and possibly suggest some alternatives.
client: Sure, that would be helpful."
1,68,gwenshap_modamart__8_w007_010,modamart__8,7,10,no_action,unresolved_customer_concern,tfidf_logreg,0,0,0.45222694819578185,"manager: I hear you. Fit can be a tricky issue. The ""Everest"" jacket comes in a variety of sizes, including tall options. If you like, I can check the availability in your size and possibly suggest some alternatives.
client: Sure, that would be helpful.
manager: Great, can you tell me your size? That will help me narrow it down.
client: I usually wear a large, but like I said, I need it in tall sizes."
1,69,gwenshap_modamart__8_w009_012,modamart__8,9,12,handle_objection,unresolved_customer_concern,tfidf_logreg,1,0,0.460284569414353,"manager: Great, can you tell me your size? That will help me narrow it down.
client: I usually wear a large, but like I said, I need it in tall sizes.
manager: Understood. Let me check our inventory... Yes, we have the ""Everest"" in large tall. We also have a similar style called ""Alpine"" which is a bit more fitted but equally warm and versatile.
client: Okay, that sounds good. But what if it doesn't fit right? Can I return it easily?"
1,70,gwenshap_modamart__8_w011_014,modamart__8,11,14,fix_next_step,unresolved_customer_concern,tfidf_logreg,0,0,0.4439983058641814,"manager: Understood. Let me check our inventory... Yes, we have the ""Everest"" in large tall. We also have a similar style called ""Alpine"" which is a bit more fitted but equally warm and versatile.
client: Okay, that sounds good. But what if it doesn't fit right? Can I return it easily?
manager: Definitely, we have a hassle-free return policy. You can return or exchange any item within 30 days of purchase, no questions asked.
client: Alright. I think I'll go with the ""Everest"" jacket. Can you help me place the order?"
1,71,gwenshap_modamart__8_w013_016,modamart__8,13,16,no_action,unresolved_customer_concern,tfidf_logreg,0,0,0.4197897161022648,"manager: Definitely, we have a hassle-free return policy. You can return or exchange any item within 30 days of purchase, no questions asked.
client: Alright. I think I'll go with the ""Everest"" jacket. Can you help me place the order?
manager: Of course! I’ll need a few details to complete the order. How would you like to make the payment?
client: I’ll use my credit card."
1,72,gwenshap_modamart__8_w015_018,modamart__8,15,18,no_action,unresolved_customer_concern,tfidf_logreg,0,0,0.4178026294766892,"manager: Of course! I’ll need a few details to complete the order. How would you like to make the payment?
client: I’ll use my credit card.
manager: Perfect. I'll just need your shipping address and payment details to complete your order. Would you like an email confirmation?
client: Yes, please. How long will the shipping take?"
1,73,gwenshap_modamart__8_w017_020,modamart__8,17,20,no_action,unresolved_customer_concern,tfidf_logreg,0,0,0.38960711190337827,"manager: Perfect. I'll just need your shipping address and payment details to complete your order. Would you like an email confirmation?
client: Yes, please. How long will the shipping take?
manager: Standard shipping typically takes 3-5 business days. You’ll receive tracking information via email once the order has been shipped.
client: Great, I appreciate the help!"
1,74,gwenshap_modamart__8_w019_022,modamart__8,19,22,no_action,unresolved_customer_concern,tfidf_logreg,0,0,0.3808720263334257,"manager: Standard shipping typically takes 3-5 business days. You’ll receive tracking information via email once the order has been shipped.
client: Great, I appreciate the help!
manager: My pleasure! Your order will be processed shortly. If you have any other questions or need further assistance, don't hesitate to reach out.
client: Will do. Thanks again!"
2,17,gwenshap_modamart__2_w001_004,modamart__2,1,4,handle_objection,unresolved_customer_concern,tfidf_logreg,1,1,0.5102144732600195,"manager: Hi there, this is Jake from ModaMart. How are you today?
client: Hi Jake, I'm doing okay. Just busy with work. What can I help you with?
manager: I completely understand! I'll keep it brief. I wanted to touch base about your recent online browsing and see if you had any questions or needed assistance with anything.
client: Well, I have been looking at some of your new fall collection, but I'm honestly not sure about a few things."
2,18,gwenshap_modamart__2_w003_006,modamart__2,3,6,handle_objection,unresolved_customer_concern,tfidf_logreg,1,1,0.5130687373078041,"manager: I completely understand! I'll keep it brief. I wanted to touch base about your recent online browsing and see if you had any questions or needed assistance with anything.
client: Well, I have been looking at some of your new fall collection, but I'm honestly not sure about a few things.
manager: That's great to hear you've been checking out our new collection! What specifically has you unsure?
client: The main thing is sizing. I've found that with some brands, the sizes are all over the place. I'm worried about ordering something that doesn't fit right."
2,19,gwenshap_modamart__2_w005_008,modamart__2,5,8,handle_objection,unresolved_customer_concern,tfidf_logreg,1,1,0.587130594636304,"manager: That's great to hear you've been checking out our new collection! What specifically has you unsure?
client: The main thing is sizing. I've found that with some brands, the sizes are all over the place. I'm worried about ordering something that doesn't fit right.
manager: Got it. Sizing can definitely be tricky. At ModaMart, we actually provide detailed sizing charts for each brand. Have you had a chance to look at those?
client: I saw them, but I'm still skeptical. Returning items is just such a hassle."
2,20,gwenshap_modamart__2_w007_010,modamart__2,7,10,handle_objection,unresolved_customer_concern,tfidf_logreg,1,1,0.6098077531022198,"manager: Got it. Sizing can definitely be tricky. At ModaMart, we actually provide detailed sizing charts for each brand. Have you had a chance to look at those?
client: I saw them, but I'm still skeptical. Returning items is just such a hassle.
manager: I hear you. To make the process easier, we offer free returns and exchanges within 30 days. We can even schedule a pickup for the return. Does that address your concern?
client: That does help, but I'm also a bit concerned about the quality. I've had bad experiences with online shopping before."
2,21,gwenshap_modamart__2_w009_012,modamart__2,9,12,no_action,unresolved_customer_concern,tfidf_logreg,0,1,0.5920334033232636,"manager: I hear you. To make the process easier, we offer free returns and exchanges within 30 days. We can even schedule a pickup for the return. Does that address your concern?
client: That does help, but I'm also a bit concerned about the quality. I've had bad experiences with online shopping before.
manager: I understand your concerns. At ModaMart, we pride ourselves on offering high-quality products, but we also have customer reviews for most items. Reading them might give you a better sense of the quality. Have you checked those out?
client: No, I haven't really looked at the reviews yet."
2,22,gwenshap_modamart__2_w011_014,modamart__2,11,14,handle_objection,unresolved_customer_concern,tfidf_logreg,1,1,0.5226131861000085,"manager: I understand your concerns. At ModaMart, we pride ourselves on offering high-quality products, but we also have customer reviews for most items. Reading them might give you a better sense of the quality. Have you checked those out?
client: No, I haven't really looked at the reviews yet.
manager: I highly recommend it. They can be very informative. Plus, if you find that you're still not satisfied with the product, our customer service team is here to ensure you have a positive experience.
client: Alright, I'll take a look at the reviews. One more thing—do you have any promotions or discounts going on right now?"
2,23,gwenshap_modamart__2_w013_016,modamart__2,13,16,no_action,unresolved_customer_concern,tfidf_logreg,0,0,0.4411483457494099,"manager: I highly recommend it. They can be very informative. Plus, if you find that you're still not satisfied with the product, our customer service team is here to ensure you have a positive experience.
client: Alright, I'll take a look at the reviews. One more thing—do you have any promotions or discounts going on right now?
manager: I'm glad you asked! We currently have a 15% off promotion for first-time online customers. I can send you a discount code if you're interested.
client: That sounds good. Yeah, please send me the code."
2,24,gwenshap_modamart__2_w015_018,modamart__2,15,18,no_action,unresolved_customer_concern,tfidf_logreg,0,0,0.33414842159315317,"manager: I'm glad you asked! We currently have a 15% off promotion for first-time online customers. I can send you a discount code if you're interested.
client: That sounds good. Yeah, please send me the code.
manager: Will do! I'll email the discount code to you right after this call. Is there anything else I can assist you with today?
client: No, I think that covers my questions for now. Thanks for your help."
2,25,gwenshap_modamart__2_w017_020,modamart__2,17,20,no_action,unresolved_customer_concern,tfidf_logreg,0,0,0.2789435481664025,"manager: Will do! I'll email the discount code to you right after this call. Is there anything else I can assist you with today?
client: No, I think that covers my questions for now. Thanks for your help.
manager: You're welcome! Don't hesitate to reach out if you have any more questions, and enjoy shopping at ModaMart. Have a great day!
client: Thanks, Jake. You too."
2,75,gwenshap_modamart__9_w001_004,modamart__9,1,4,no_action,unresolved_customer_concern,tfidf_logreg,0,0,0.4935696389102256,"manager: Hi, thank you for calling ModaMart. This is Jamie, how can I assist you today?
client: Hi Jamie, I’ve been having some issues with an order I recently placed.
manager: I’m sorry to hear that. Could you provide me with your order number so I can look into it?
client: Sure, it’s 56789."
2,76,gwenshap_modamart__9_w003_006,modamart__9,3,6,no_action,unresolved_customer_concern,tfidf_logreg,0,1,0.5058441965048189,"manager: I’m sorry to hear that. Could you provide me with your order number so I can look into it?
client: Sure, it’s 56789.
manager: Alright, let me pull that up. While I'm doing that, can you tell me exactly what's been going wrong?
client: The main thing is that the dress I received is a different color than what was shown online. Also, it doesn’t fit as expected."
2,77,gwenshap_modamart__9_w005_008,modamart__9,5,8,no_action,unresolved_customer_concern,tfidf_logreg,0,1,0.5336285832511368,"manager: Alright, let me pull that up. While I'm doing that, can you tell me exactly what's been going wrong?
client: The main thing is that the dress I received is a different color than what was shown online. Also, it doesn’t fit as expected.
manager: I see. I apologize for that inconvenience. Let me first address the color issue. Can you describe the discrepancy between the color you saw online and the one you received?
client: The dress was supposed to be a light blue, but what I got is more of a teal."
2,78,gwenshap_modamart__9_w007_010,modamart__9,7,10,handle_objection,unresolved_customer_concern,tfidf_logreg,1,1,0.5232813124450086,"manager: I see. I apologize for that inconvenience. Let me first address the color issue. Can you describe the discrepancy between the color you saw online and the one you received?
client: The dress was supposed to be a light blue, but what I got is more of a teal.
manager: Thank you for pointing that out. Sometimes colors can appear differently due to screen settings. We can certainly look into that for you. Regarding the fit, did you use our sizing guide when you placed the order?
client: Yes, I did, but it’s still too tight around the waist."
2,79,gwenshap_modamart__9_w009_012,modamart__9,9,12,handle_objection,unresolved_customer_concern,tfidf_logreg,1,1,0.5382269635589304,"manager: Thank you for pointing that out. Sometimes colors can appear differently due to screen settings. We can certainly look into that for you. Regarding the fit, did you use our sizing guide when you placed the order?
client: Yes, I did, but it’s still too tight around the waist.
manager: I'm really sorry to hear that. We do our best to create accurate sizing guides, but it sounds like this one didn't match up for you. We can process an exchange for a different size or even a return if you prefer.
client: I think I’d rather return it. But what about the return shipping, do I have to pay for that?"
2,80,gwenshap_modamart__9_w011_014,modamart__9,11,14,fix_next_step,unresolved_customer_concern,tfidf_logreg,0,1,0.5180021943694609,"manager: I'm really sorry to hear that. We do our best to create accurate sizing guides, but it sounds like this one didn't match up for you. We can process an exchange for a different size or even a return if you prefer.
client: I think I’d rather return it. But what about the return shipping, do I have to pay for that?
manager: For cases where the item is not as described or doesn't fit as expected despite following our sizing guide, we cover the return shipping costs. I'll email you a prepaid return label and instructions on how to send it back.
client: Okay, that sounds good. What’s the next step after I send it back?"
2,81,gwenshap_modamart__9_w013_016,modamart__9,13,16,handle_objection,unresolved_customer_concern,tfidf_logreg,1,0,0.40547030644033033,"manager: For cases where the item is not as described or doesn't fit as expected despite following our sizing guide, we cover the return shipping costs. I'll email you a prepaid return label and instructions on how to send it back.
client: Okay, that sounds good. What’s the next step after I send it back?
manager: Once we receive the returned dress, we’ll process your refund within 3-5 business days and send you a confirmation email. Is there anything else I can help you with today?
client: Actually, I was looking at another dress on your website. Can you tell me about your exchange policy?"
2,82,gwenshap_modamart__9_w015_018,modamart__9,15,18,no_action,unresolved_customer_concern,tfidf_logreg,0,0,0.37839574076028754,"manager: Once we receive the returned dress, we’ll process your refund within 3-5 business days and send you a confirmation email. Is there anything else I can help you with today?
client: Actually, I was looking at another dress on your website. Can you tell me about your exchange policy?
manager: Certainly! If you decide on another dress and it ends up not being right, you have a 30-day window to return or exchange it. Just keep the tags on and bring the original receipt.
client: Alright, that covers everything. Thanks for your help."
2,83,gwenshap_modamart__9_w017_020,modamart__9,17,20,no_action,unresolved_customer_concern,tfidf_logreg,0,0,0.3481875959305084,"manager: Certainly! If you decide on another dress and it ends up not being right, you have a 30-day window to return or exchange it. Just keep the tags on and bring the original receipt.
client: Alright, that covers everything. Thanks for your help.
manager: You’re welcome! I'll send that return label shortly. Have a great day, and feel free to contact us if you have any more questions.
client: Will do, thanks."
3,0,gwenshap_modamart__0_w001_004,modamart__0,1,4,handle_objection,unresolved_customer_concern,tfidf_logreg,1,1,0.5259888340696678,"manager: Hi there! Thank you for taking the time to speak with me today. My name is Jamie, and I’m a sales representative from ModaMart. How are you today?
client: Hi Jamie. I'm doing well, thanks. How about you?
manager: I’m great, thank you! So, I understand you’ve been browsing our online store. Is there anything specific you’re looking for today?
client: Well, I've been looking at some winter jackets, but I'm not sure about the quality and if they're worth the price."
3,1,gwenshap_modamart__0_w003_006,modamart__0,3,6,no_action,unresolved_customer_concern,tfidf_logreg,0,1,0.5869455092526952,"manager: I’m great, thank you! So, I understand you’ve been browsing our online store. Is there anything specific you’re looking for today?
client: Well, I've been looking at some winter jackets, but I'm not sure about the quality and if they're worth the price.
manager: I completely understand your concerns. Our winter jackets are made from high-quality materials designed to keep you warm even in the harshest conditions. May I ask what specifically you’re looking for in a jacket?
client: I mostly need something that’s really warm but also lightweight. I don’t want to feel like I'm carrying a heavy blanket around."
3,2,gwenshap_modamart__0_w005_008,modamart__0,5,8,handle_objection,unresolved_customer_concern,tfidf_logreg,1,1,0.5960099412742467,"manager: I completely understand your concerns. Our winter jackets are made from high-quality materials designed to keep you warm even in the harshest conditions. May I ask what specifically you’re looking for in a jacket?
client: I mostly need something that’s really warm but also lightweight. I don’t want to feel like I'm carrying a heavy blanket around.
manager: That makes total sense. Nobody likes to feel weighed down. We have a range of jackets filled with high-loft down, which is incredibly warm yet very lightweight. Have you had a chance to read any reviews or check out our customer ratings?
client: I did see some reviews, but I’m always a bit skeptical. Sometimes reviews can be misleading."
3,3,gwenshap_modamart__0_w007_010,modamart__0,7,10,handle_objection,unresolved_customer_concern,tfidf_logreg,1,1,0.5897684856818429,"manager: That makes total sense. Nobody likes to feel weighed down. We have a range of jackets filled with high-loft down, which is incredibly warm yet very lightweight. Have you had a chance to read any reviews or check out our customer ratings?
client: I did see some reviews, but I’m always a bit skeptical. Sometimes reviews can be misleading.
manager: That’s a valid point. If you’re interested, I can send you a few detailed testimonials from customers who specifically mentioned how lightweight and warm our jackets are. Would that help?
client: Yeah, that would be helpful. But I'm also concerned about sizing. I’ve had issues with ordering clothes online that don’t fit well."
3,4,gwenshap_modamart__0_w009_012,modamart__0,9,12,no_action,unresolved_customer_concern,tfidf_logreg,0,1,0.5403778778561101,"manager: That’s a valid point. If you’re interested, I can send you a few detailed testimonials from customers who specifically mentioned how lightweight and warm our jackets are. Would that help?
client: Yeah, that would be helpful. But I'm also concerned about sizing. I’ve had issues with ordering clothes online that don’t fit well.
manager: I hear you. Getting the right fit is crucial. We offer detailed sizing charts on our website, and we also have a very flexible return and exchange policy. If the size isn’t quite right, you can easily exchange it. Plus, I can guide you through finding the right size now. What size do you usually wear?
client: I normally wear a medium, but sometimes I need a large depending on the brand."
3,5,gwenshap_modamart__0_w011_014,modamart__0,11,14,fix_next_step,unresolved_customer_concern,tfidf_logreg,0,1,0.5092269577057701,"manager: I hear you. Getting the right fit is crucial. We offer detailed sizing charts on our website, and we also have a very flexible return and exchange policy. If the size isn’t quite right, you can easily exchange it. Plus, I can guide you through finding the right size now. What size do you usually wear?
client: I normally wear a medium, but sometimes I need a large depending on the brand.
manager: Understood. Our sizing tends to be true to fit, but I’d recommend measuring yourself using our online guide to ensure accuracy. I can also offer you a 10% discount on your first purchase, which might make taking the plunge a bit easier. How does that sound?
client: That sounds pretty good. I definitely feel more comfortable with the return policy and the discount."
3,6,gwenshap_modamart__0_w013_016,modamart__0,13,16,no_action,unresolved_customer_concern,tfidf_logreg,0,0,0.44137414518328905,"manager: Understood. Our sizing tends to be true to fit, but I’d recommend measuring yourself using our online guide to ensure accuracy. I can also offer you a 10% discount on your first purchase, which might make taking the plunge a bit easier. How does that sound?
client: That sounds pretty good. I definitely feel more comfortable with the return policy and the discount.
manager: I’m glad to hear that. I’ll send you the testimonials and the sizing guide right after our call. Is there anything else you’d like to know about our winter jackets?
client: No, I think that covers it."
3,7,gwenshap_modamart__0_w015_018,modamart__0,15,18,no_action,unresolved_customer_concern,tfidf_logreg,0,0,0.32070176262323713,"manager: I’m glad to hear that. I’ll send you the testimonials and the sizing guide right after our call. Is there anything else you’d like to know about our winter jackets?
client: No, I think that covers it.
manager: Fantastic. I’ll email you the information, and if you have any more questions or need further assistance, feel free to reach out. We’re here to help. Thank you for your time and have a great day!
client: Thank you, Jamie. I appreciate your help. Take care!"
3,33,gwenshap_modamart__4_w001_004,modamart__4,1,4,handle_objection,unresolved_customer_concern,tfidf_logreg,1,0,0.45174658367334086,"manager: Good afternoon, thank you for calling ModaMart. My name is Sarah, how can I assist you today?
client: Hi Sarah, I'm considering making a big purchase, but I have some concerns. Can you help me with that?
manager: Of course! What products are you looking at, and what concerns do you have?
client: I'm looking at the winter jackets, specifically the Model X. It seems a bit pricey, and I'm not sure if it's worth the investment."
3,34,gwenshap_modamart__4_w003_006,modamart__4,3,6,handle_objection,unresolved_customer_concern,tfidf_logreg,1,1,0.5251563748706215,"manager: Of course! What products are you looking at, and what concerns do you have?
client: I'm looking at the winter jackets, specifically the Model X. It seems a bit pricey, and I'm not sure if it's worth the investment.
manager: I understand your concern. The Model X jacket is one of our premium products made with high-quality insulation and weather-resistant materials. It’s designed to keep you warm and dry in extreme conditions. Are you planning on using it for everyday wear, or just for specific activities?
client: Mostly for commuting to work, but I also do some hiking on the weekends. My main issue is that I bought a different jacket last winter, and it didn't hold up well at all."
3,35,gwenshap_modamart__4_w005_008,modamart__4,5,8,handle_objection,unresolved_customer_concern,tfidf_logreg,1,0,0.4957234993661489,"manager: I understand your concern. The Model X jacket is one of our premium products made with high-quality insulation and weather-resistant materials. It’s designed to keep you warm and dry in extreme conditions. Are you planning on using it for everyday wear, or just for specific activities?
client: Mostly for commuting to work, but I also do some hiking on the weekends. My main issue is that I bought a different jacket last winter, and it didn't hold up well at all.
manager: I'm sorry to hear that. Do you remember what brand or model it was? Maybe I can understand better what went wrong last time.
client: It was another brand's mid-tier model. It started to lose its warmth after a couple of months and the zipper broke."
3,36,gwenshap_modamart__4_w007_010,modamart__4,7,10,handle_objection,unresolved_customer_concern,tfidf_logreg,1,0,0.4662407831654841,"manager: I'm sorry to hear that. Do you remember what brand or model it was? Maybe I can understand better what went wrong last time.
client: It was another brand's mid-tier model. It started to lose its warmth after a couple of months and the zipper broke.
manager: That’s definitely frustrating. The Model X jacket has a reinforced zipper and double-stitched seams for durability. Plus, it comes with a one-year warranty that covers any manufacturing defects, so you won’t have to worry about those issues again.
client: That sounds reassuring, but it's still quite a lot of money. Do you offer any payment plans?"
3,37,gwenshap_modamart__4_w009_012,modamart__4,9,12,handle_objection,unresolved_customer_concern,tfidf_logreg,1,0,0.48778976043062156,"manager: That’s definitely frustrating. The Model X jacket has a reinforced zipper and double-stitched seams for durability. Plus, it comes with a one-year warranty that covers any manufacturing defects, so you won’t have to worry about those issues again.
client: That sounds reassuring, but it's still quite a lot of money. Do you offer any payment plans?
manager: Yes, we do offer financing options. You can break down the cost into manageable monthly payments at 0% interest if paid within 6 months. We also have a 30-day return policy if you’re not completely satisfied with your purchase.
client: That definitely helps. Another thing, how do I know if it will fit well? I have a hard time finding jackets that fit just right."
3,38,gwenshap_modamart__4_w011_014,modamart__4,11,14,no_action,unresolved_customer_concern,tfidf_logreg,0,0,0.48855477880618947,"manager: Yes, we do offer financing options. You can break down the cost into manageable monthly payments at 0% interest if paid within 6 months. We also have a 30-day return policy if you’re not completely satisfied with your purchase.
client: That definitely helps. Another thing, how do I know if it will fit well? I have a hard time finding jackets that fit just right.
manager: We offer a comprehensive size guide on our website, but I can also help you over the phone. Could you provide me with your measurements? Additionally, if the size you choose doesn’t fit, you can exchange it free of charge.
client: Great. I’m about 5'8"" and around 160 pounds."
3,39,gwenshap_modamart__4_w013_016,modamart__4,13,16,fix_next_step,unresolved_customer_concern,tfidf_logreg,0,0,0.4792276012003708,"manager: We offer a comprehensive size guide on our website, but I can also help you over the phone. Could you provide me with your measurements? Additionally, if the size you choose doesn’t fit, you can exchange it free of charge.
client: Great. I’m about 5'8"" and around 160 pounds.
manager: Based on that, I would recommend a size Medium. However, it might be a good idea to check our size guide online for more detailed measurements.
client: Okay, I'll check the size guide and think it over. Can I call back if I decide to make the purchase?"
3,40,gwenshap_modamart__4_w015_018,modamart__4,15,18,fix_next_step,unresolved_customer_concern,tfidf_logreg,0,0,0.38970348476145955,"manager: Based on that, I would recommend a size Medium. However, it might be a good idea to check our size guide online for more detailed measurements.
client: Okay, I'll check the size guide and think it over. Can I call back if I decide to make the purchase?
manager: Absolutely, you can call us anytime, or you can order directly through our website at your convenience. Is there anything else I can assist you with right now?
client: No, I think that's it for now. Thanks for all the information, Sarah. You've been very helpful."
3,41,gwenshap_modamart__4_w017_020,modamart__4,17,20,no_action,unresolved_customer_concern,tfidf_logreg,0,0,0.29330635101814195,"manager: Absolutely, you can call us anytime, or you can order directly through our website at your convenience. Is there anything else I can assist you with right now?
client: No, I think that's it for now. Thanks for all the information, Sarah. You've been very helpful.
manager: My pleasure! Feel free to reach out if you have any more questions. Have a great day!
client: You too, thanks!"
3,94,gwenshap_nexiv-solutions__1_w001_004,nexiv-solutions__1,1,4,avoid_early_presentation,unresolved_customer_concern,tfidf_logreg,0,0,0.4649248761549835,"manager: Hi, this is Alex from Nexiv Solutions. Am I speaking with Jamie?
client: Yes, this is Jamie. How can I help you?
manager: Great to speak with you, Jamie. I wanted to introduce you to some of the solutions Nexiv offers. We're helping companies like yours streamline their operations with our integrated software suite. Could I ask, what are some of the challenges you're facing with your current tech setup?
client: Honestly, we're struggling with data consolidation. We have different systems for inventory, sales, and customer management, and it's a hassle to get a clear view of everything."
3,95,gwenshap_nexiv-solutions__1_w003_006,nexiv-solutions__1,3,6,anchor_value,unresolved_customer_concern,tfidf_logreg,0,0,0.4243515160846375,"manager: Great to speak with you, Jamie. I wanted to introduce you to some of the solutions Nexiv offers. We're helping companies like yours streamline their operations with our integrated software suite. Could I ask, what are some of the challenges you're facing with your current tech setup?
client: Honestly, we're struggling with data consolidation. We have different systems for inventory, sales, and customer management, and it's a hassle to get a clear view of everything.
manager: I hear that a lot. Data fragmentation can be a real headache. How much time would you say your team spends on manual data reconciliation each week?
client: Probably around ten hours or more. It's really inefficient."
3,96,gwenshap_nexiv-solutions__1_w005_008,nexiv-solutions__1,5,8,handle_objection,unresolved_customer_concern,tfidf_logreg,1,1,0.5029145750149147,"manager: I hear that a lot. Data fragmentation can be a real headache. How much time would you say your team spends on manual data reconciliation each week?
client: Probably around ten hours or more. It's really inefficient.
manager: That sounds frustrating. Our platform offers a unified dashboard that brings all your data into one place, reducing the need for manual efforts. Could that help reduce those ten hours for your team?
client: It sounds promising, but we’ve tried new systems before, and the transition is always difficult. We're worried about the downtime and the learning curve."
3,97,gwenshap_nexiv-solutions__1_w007_010,nexiv-solutions__1,7,10,handle_objection,unresolved_customer_concern,tfidf_logreg,1,1,0.5544148049881442,"manager: That sounds frustrating. Our platform offers a unified dashboard that brings all your data into one place, reducing the need for manual efforts. Could that help reduce those ten hours for your team?
client: It sounds promising, but we’ve tried new systems before, and the transition is always difficult. We're worried about the downtime and the learning curve.
manager: I understand your concern. Rolling out new software can be challenging. At Nexiv, we provide dedicated onboarding and training support to ensure a smooth transition. Plus, our customer success team is always on hand to assist with any issues. Would that help alleviate some of your concerns?
client: It might, but we're also cautious about the cost. Budget is a big factor for us right now."
3,98,gwenshap_nexiv-solutions__1_w009_012,nexiv-solutions__1,9,12,fix_next_step,unresolved_customer_concern,tfidf_logreg,0,1,0.5133578623722853,"manager: I understand your concern. Rolling out new software can be challenging. At Nexiv, we provide dedicated onboarding and training support to ensure a smooth transition. Plus, our customer success team is always on hand to assist with any issues. Would that help alleviate some of your concerns?
client: It might, but we're also cautious about the cost. Budget is a big factor for us right now.
manager: Absolutely, cost is a key consideration. Our solutions are scalable, and we can tailor a package that fits both your needs and your budget. More often than not, our customers find that the efficiencies they gain actually save them money in the long run. How does that sound?
client: It's worth exploring. What would be the next steps if we were interested in finding out more?"
3,99,gwenshap_nexiv-solutions__1_w011_014,nexiv-solutions__1,11,14,no_action,unresolved_customer_concern,tfidf_logreg,0,0,0.4383979794208755,"manager: Absolutely, cost is a key consideration. Our solutions are scalable, and we can tailor a package that fits both your needs and your budget. More often than not, our customers find that the efficiencies they gain actually save them money in the long run. How does that sound?
client: It's worth exploring. What would be the next steps if we were interested in finding out more?
manager: Great to hear! We can set up a demo tailored to your specific processes and pain points. From there, we would scope out a custom plan and provide a detailed quote. Could we schedule a time for the demo this week?
client: Sure, I have some availability on Thursday afternoon."
4,8,gwenshap_modamart__1_w001_004,modamart__1,1,4,handle_objection,unresolved_customer_concern,tfidf_logreg,1,1,0.5367143718783359,"manager: ** Good morning, this is Sarah from ModaMart. How can I assist you today?
client: ** Hi, this is John. I’ve been looking at some jackets on your website, but I’m not sure which one to choose. They all look pretty similar.
manager: ** Hi John! Thanks for reaching out. I’d be happy to help you find the perfect jacket. Are you looking for something specific, like a certain material or style?
client: ** Well, I’m mainly looking for something warm and stylish for the winter. I noticed some of the jackets say they're insulated, but I’m not sure how warm they really are."
4,9,gwenshap_modamart__1_w003_006,modamart__1,3,6,handle_objection,unresolved_customer_concern,tfidf_logreg,1,1,0.551046266075147,"manager: ** Hi John! Thanks for reaching out. I’d be happy to help you find the perfect jacket. Are you looking for something specific, like a certain material or style?
client: ** Well, I’m mainly looking for something warm and stylish for the winter. I noticed some of the jackets say they're insulated, but I’m not sure how warm they really are.
manager: ** I understand. Our insulated jackets are designed to keep you warm even in very cold temperatures. We use high-quality down and synthetic materials. Do you have any preferences between down or synthetic insulation?
client: ** I’ve heard down is warmer, but I’m worried about how it holds up in wet weather."
4,10,gwenshap_modamart__1_w005_008,modamart__1,5,8,handle_objection,unresolved_customer_concern,tfidf_logreg,1,1,0.583653472248799,"manager: ** I understand. Our insulated jackets are designed to keep you warm even in very cold temperatures. We use high-quality down and synthetic materials. Do you have any preferences between down or synthetic insulation?
client: ** I’ve heard down is warmer, but I’m worried about how it holds up in wet weather.
manager: ** That’s a great point. Down is incredibly warm, but it can lose its insulating properties when wet. Synthetic insulation, on the other hand, retains warmth even when damp. If you’re expecting to face wet conditions, I’d recommend going with a synthetic option.
client: ** Got it. Also, some of the reviews mention sizing issues. I don’t want to go through the hassle of returning something that doesn’t fit."
4,11,gwenshap_modamart__1_w007_010,modamart__1,7,10,no_action,unresolved_customer_concern,tfidf_logreg,0,1,0.535345754735871,"manager: ** That’s a great point. Down is incredibly warm, but it can lose its insulating properties when wet. Synthetic insulation, on the other hand, retains warmth even when damp. If you’re expecting to face wet conditions, I’d recommend going with a synthetic option.
client: ** Got it. Also, some of the reviews mention sizing issues. I don’t want to go through the hassle of returning something that doesn’t fit.
manager: ** Understandable. Our jackets tend to run true to size, but I can give you more precise advice if you can tell me your typical jacket size and any specific measurements.
client: ** I'm usually a medium, but sometimes jackets feel tight around my shoulders."
4,12,gwenshap_modamart__1_w009_012,modamart__1,9,12,handle_objection,unresolved_customer_concern,tfidf_logreg,1,0,0.4786754281003598,"manager: ** Understandable. Our jackets tend to run true to size, but I can give you more precise advice if you can tell me your typical jacket size and any specific measurements.
client: ** I'm usually a medium, but sometimes jackets feel tight around my shoulders.
manager: ** Thanks for that info. If you’re concerned about the fit around the shoulders, I’d suggest going for a medium with a relaxed fit, or possibly sizing up to a large, especially with brands like NordicEdge that we carry. They offer more room in the shoulder area without making the jacket look oversized.
client: ** That sounds like a good idea. I'll also need the jacket relatively soon. How long does shipping usually take?"
4,13,gwenshap_modamart__1_w011_014,modamart__1,11,14,no_action,unresolved_customer_concern,tfidf_logreg,0,0,0.44325450053904075,"manager: ** Thanks for that info. If you’re concerned about the fit around the shoulders, I’d suggest going for a medium with a relaxed fit, or possibly sizing up to a large, especially with brands like NordicEdge that we carry. They offer more room in the shoulder area without making the jacket look oversized.
client: ** That sounds like a good idea. I'll also need the jacket relatively soon. How long does shipping usually take?
manager: ** Our standard shipping typically takes 3-5 business days, and we offer expedited options if you need it sooner. Are you looking to receive it by a particular date?
client: ** I'd like to have it within the next week if possible."
4,14,gwenshap_modamart__1_w013_016,modamart__1,13,16,fix_next_step,unresolved_customer_concern,tfidf_logreg,0,0,0.41501519131174697,"manager: ** Our standard shipping typically takes 3-5 business days, and we offer expedited options if you need it sooner. Are you looking to receive it by a particular date?
client: ** I'd like to have it within the next week if possible.
manager: ** In that case, I’d recommend our express shipping option. Let’s finalize your choice of jacket first. Are you leaning towards a specific model?
client: ** I think I’ll go with the NordicEdge Synthetic Insulated Jacket in large, like you mentioned."
4,15,gwenshap_modamart__1_w015_018,modamart__1,15,18,no_action,unresolved_customer_concern,tfidf_logreg,0,0,0.37680962482658686,"manager: ** In that case, I’d recommend our express shipping option. Let’s finalize your choice of jacket first. Are you leaning towards a specific model?
client: ** I think I’ll go with the NordicEdge Synthetic Insulated Jacket in large, like you mentioned.
manager: ** Great choice! I’ll get that set up for you with express shipping. You should receive it within 2-3 business days. Can I assist you with anything else today?
client: ** No, that's all for now. Thanks for your help!"
4,16,gwenshap_modamart__1_w017_020,modamart__1,17,20,no_action,unresolved_customer_concern,tfidf_logreg,0,0,0.2994211197588333,"manager: ** Great choice! I’ll get that set up for you with express shipping. You should receive it within 2-3 business days. Can I assist you with anything else today?
client: ** No, that's all for now. Thanks for your help!
manager: ** You're welcome, John! If you have any other questions, feel free to contact us. Have a great day!
client: ** Thanks, you too."
4,57,gwenshap_modamart__7_w001_004,modamart__7,1,4,anchor_value,unresolved_customer_concern,tfidf_logreg,0,1,0.5247988722948105,"manager: Good afternoon, this is Alex from ModaMart. How can I help you today?
client: Hi, Alex. I'm looking to update my wardrobe for the upcoming season, but I'm having trouble finding items that fit well and are in my budget.
manager: I understand. Finding the perfect fit and staying within budget can be challenging. Could you tell me a bit more about what you're specifically looking for?
client: Sure. I'm looking for casual clothes like jeans and tops, but I also want a couple of more formal outfits for work. My budget is around $300."
4,58,gwenshap_modamart__7_w003_006,modamart__7,3,6,no_action,unresolved_customer_concern,tfidf_logreg,0,1,0.5029871567248809,"manager: I understand. Finding the perfect fit and staying within budget can be challenging. Could you tell me a bit more about what you're specifically looking for?
client: Sure. I'm looking for casual clothes like jeans and tops, but I also want a couple of more formal outfits for work. My budget is around $300.
manager: Great, thanks for sharing that. At ModaMart, we specialize in high-quality, affordable fashion. What sizes are you requiring, and do you have any particular styles or colors in mind?
client: I'm a size 12 for jeans and medium for tops. I prefer neutral colors like black, white, and navy. As for style, I like classic, timeless pieces."
4,59,gwenshap_modamart__7_w005_008,modamart__7,5,8,handle_objection,unresolved_customer_concern,tfidf_logreg,1,1,0.5580172319199987,"manager: Great, thanks for sharing that. At ModaMart, we specialize in high-quality, affordable fashion. What sizes are you requiring, and do you have any particular styles or colors in mind?
client: I'm a size 12 for jeans and medium for tops. I prefer neutral colors like black, white, and navy. As for style, I like classic, timeless pieces.
manager: Got it. We have a range of jeans that are known for their great fit, like our High-Waist Slim Jeans. For tops, we recently launched a line of classic blouses that would pair nicely with those jeans for both casual and formal settings.
client: That sounds good, but I'm worried about the quality. I’ve bought clothes online before that ended up looking cheap or falling apart after a few washes."
4,60,gwenshap_modamart__7_w007_010,modamart__7,7,10,handle_objection,unresolved_customer_concern,tfidf_logreg,1,1,0.5810298736390064,"manager: Got it. We have a range of jeans that are known for their great fit, like our High-Waist Slim Jeans. For tops, we recently launched a line of classic blouses that would pair nicely with those jeans for both casual and formal settings.
client: That sounds good, but I'm worried about the quality. I’ve bought clothes online before that ended up looking cheap or falling apart after a few washes.
manager: I completely understand your concern. What sets ModaMart apart is our commitment to quality. We offer a 90-day return policy and quality guarantees on all our items. Plus, we have thousands of customer reviews if you'd like to read about their experiences.
client: That’s reassuring. But how do I know if the fit will be right? Online shopping can be a bit hit or miss for me."
4,61,gwenshap_modamart__7_w009_012,modamart__7,9,12,fix_next_step,unresolved_customer_concern,tfidf_logreg,0,1,0.5469185626113686,"manager: I completely understand your concern. What sets ModaMart apart is our commitment to quality. We offer a 90-day return policy and quality guarantees on all our items. Plus, we have thousands of customer reviews if you'd like to read about their experiences.
client: That’s reassuring. But how do I know if the fit will be right? Online shopping can be a bit hit or miss for me.
manager: A good fit is crucial. Each of our product pages includes detailed sizing charts and customer reviews specifically mentioning fit. Additionally, we offer free returns, so you can try on items risk-free and return or exchange anything that doesn't work.
client: That’s helpful to know. It sounds pretty good, but I’d like to think it over and maybe browse your site before making a decision."
4,62,gwenshap_modamart__7_w011_014,modamart__7,11,14,no_action,unresolved_customer_concern,tfidf_logreg,0,0,0.47003635970497337,"manager: A good fit is crucial. Each of our product pages includes detailed sizing charts and customer reviews specifically mentioning fit. Additionally, we offer free returns, so you can try on items risk-free and return or exchange anything that doesn't work.
client: That’s helpful to know. It sounds pretty good, but I’d like to think it over and maybe browse your site before making a decision.
manager: Of course, take all the time you need. If you’d like, I can also send you an email with direct links to our bestsellers within your criteria. That way, you can easily find what you’re looking for.
client: Yes, please do. That would make it easier for me to browse."
4,63,gwenshap_modamart__7_w013_016,modamart__7,13,16,no_action,unresolved_customer_concern,tfidf_logreg,0,0,0.3419935770241674,"manager: Of course, take all the time you need. If you’d like, I can also send you an email with direct links to our bestsellers within your criteria. That way, you can easily find what you’re looking for.
client: Yes, please do. That would make it easier for me to browse.
manager: Absolutely. I'll get that email over to you right after we hang up. If you have any other questions, feel free to reach out to me directly. My contact information will also be in the email.
client: Thank you, Alex. You've been very helpful."
4,64,gwenshap_modamart__7_w015_018,modamart__7,15,18,no_action,unresolved_customer_concern,tfidf_logreg,0,0,0.3229384006943307,"manager: Absolutely. I'll get that email over to you right after we hang up. If you have any other questions, feel free to reach out to me directly. My contact information will also be in the email.
client: Thank you, Alex. You've been very helpful.
manager: You’re welcome! Have a great day, and I look forward to helping you find the perfect outfits at ModaMart.
client: Thanks, you too."
0,49,gwenshap_modamart__6_w001_004,modamart__6,1,4,handle_objection,unresolved_customer_concern,tfidf_linear_svm,1,1,0.24186949322688361,"manager: Thank you for calling ModaMart. This is Alex. How can I help you today?
client: Hi Alex. I’m Lisa. I’ve been looking at your website, but I’m not sure about the sizes for a few items. They seem to vary a lot.
manager: I understand, Lisa. Sizes can be tricky. Are there specific items you’re concerned about?
client: Yes, the summer dresses. I’m usually a medium, but sometimes a small fits better. It’s confusing."
0,50,gwenshap_modamart__6_w003_006,modamart__6,3,6,handle_objection,unresolved_customer_concern,tfidf_linear_svm,1,1,0.5550014787148012,"manager: I understand, Lisa. Sizes can be tricky. Are there specific items you’re concerned about?
client: Yes, the summer dresses. I’m usually a medium, but sometimes a small fits better. It’s confusing.
manager: Got it. We actually have a detailed size chart for each product. Have you had a chance to look at those?
client: I saw the size chart but I’ve had problems with online size charts before. They don't always match up with the actual fit."
0,51,gwenshap_modamart__6_w005_008,modamart__6,5,8,handle_objection,unresolved_customer_concern,tfidf_linear_svm,1,1,0.5080290038342206,"manager: Got it. We actually have a detailed size chart for each product. Have you had a chance to look at those?
client: I saw the size chart but I’ve had problems with online size charts before. They don't always match up with the actual fit.
manager: That's a common issue. One thing we offer is a virtual stylist service. Would you be interested in setting up a quick consultation to get the best fit recommendations?
client: That sounds helpful, but I’m also worried about the return policy if things don’t fit. Is it easy to return items?"
0,52,gwenshap_modamart__6_w007_010,modamart__6,7,10,handle_objection,unresolved_customer_concern,tfidf_linear_svm,1,0,-0.013099504929013822,"manager: That's a common issue. One thing we offer is a virtual stylist service. Would you be interested in setting up a quick consultation to get the best fit recommendations?
client: That sounds helpful, but I’m also worried about the return policy if things don’t fit. Is it easy to return items?
manager: Absolutely. You have a 30-day window to return items for a full refund. We also offer free return shipping for all online purchases.
client: That sounds good. But I'm also hesitant because I’ve had bad experiences with slow shipping."
0,53,gwenshap_modamart__6_w009_012,modamart__6,9,12,fix_next_step,unresolved_customer_concern,tfidf_linear_svm,0,0,-0.3277726995757469,"manager: Absolutely. You have a 30-day window to return items for a full refund. We also offer free return shipping for all online purchases.
client: That sounds good. But I'm also hesitant because I’ve had bad experiences with slow shipping.
manager: We hear you, Lisa. At ModaMart, we prioritize fast and reliable shipping. Most of our orders arrive within 5 business days. Plus, we offer expedited shipping if you need your items sooner.
client: Alright, that’s reassuring. How do I set up the virtual stylist consultation?"
0,54,gwenshap_modamart__6_w011_014,modamart__6,11,14,no_action,unresolved_customer_concern,tfidf_linear_svm,0,0,-0.6014473603021921,"manager: We hear you, Lisa. At ModaMart, we prioritize fast and reliable shipping. Most of our orders arrive within 5 business days. Plus, we offer expedited shipping if you need your items sooner.
client: Alright, that’s reassuring. How do I set up the virtual stylist consultation?
manager: You can easily schedule it on our website or I can set it up for you right now. What’s your preferred time and date?
client: I’m free tomorrow afternoon. Maybe around 2 PM?"
0,55,gwenshap_modamart__6_w013_016,modamart__6,13,16,no_action,unresolved_customer_concern,tfidf_linear_svm,0,0,-0.6381616449424451,"manager: You can easily schedule it on our website or I can set it up for you right now. What’s your preferred time and date?
client: I’m free tomorrow afternoon. Maybe around 2 PM?
manager: Perfect. I’ve scheduled your virtual stylist consultation for tomorrow at 2 PM. You’ll receive a confirmation email shortly. Is there anything else I can assist you with?
client: No, that’s all for now. Thanks, Alex."
0,56,gwenshap_modamart__6_w015_018,modamart__6,15,18,no_action,unresolved_customer_concern,tfidf_linear_svm,0,0,-0.647722659208525,"manager: Perfect. I’ve scheduled your virtual stylist consultation for tomorrow at 2 PM. You’ll receive a confirmation email shortly. Is there anything else I can assist you with?
client: No, that’s all for now. Thanks, Alex.
manager: My pleasure, Lisa. Have a great day and we’ll talk to you tomorrow.
client: Thanks, bye!"
0,84,gwenshap_nexiv-solutions__0_w001_004,nexiv-solutions__0,1,4,avoid_early_presentation,unresolved_customer_concern,tfidf_linear_svm,0,0,-0.021725356408330662,"manager: Good afternoon! My name is Kelly from Nexiv Solutions. How are you today?
client: Hi Kelly, I’m doing well, thanks. How about you?
manager: I'm great, thanks for asking! I wanted to take a few minutes to discuss how Nexiv Solutions might be able to help streamline your tech operations. Do you have some time right now?
client: Sure, I have a few minutes."
0,85,gwenshap_nexiv-solutions__0_w003_006,nexiv-solutions__0,3,6,anchor_value,unresolved_customer_concern,tfidf_linear_svm,0,0,-0.28059400320189803,"manager: I'm great, thanks for asking! I wanted to take a few minutes to discuss how Nexiv Solutions might be able to help streamline your tech operations. Do you have some time right now?
client: Sure, I have a few minutes.
manager: Fantastic. Can you tell me a bit about your current tech setup and any challenges you’re facing?
client: Well, we are currently using multiple platforms to manage our customer data, and it's becoming increasingly difficult to keep everything synchronized. We often have data discrepancies and it's a real pain point for us."
0,86,gwenshap_nexiv-solutions__0_w005_008,nexiv-solutions__0,5,8,anchor_value,unresolved_customer_concern,tfidf_linear_svm,0,0,-0.07162091836739373,"manager: Fantastic. Can you tell me a bit about your current tech setup and any challenges you’re facing?
client: Well, we are currently using multiple platforms to manage our customer data, and it's becoming increasingly difficult to keep everything synchronized. We often have data discrepancies and it's a real pain point for us.
manager: I understand. Data inconsistencies can be very frustrating. How much time do you think your team spends dealing with these issues?
client: Honestly, we’re spending several hours each week just trying to reconcile data from different sources. It's not just time-consuming but also affects our productivity."
0,87,gwenshap_nexiv-solutions__0_w007_010,nexiv-solutions__0,7,10,anchor_value,unresolved_customer_concern,tfidf_linear_svm,0,1,0.1690442208269109,"manager: I understand. Data inconsistencies can be very frustrating. How much time do you think your team spends dealing with these issues?
client: Honestly, we’re spending several hours each week just trying to reconcile data from different sources. It's not just time-consuming but also affects our productivity.
manager: That sounds really tough. What have you tried so far to address this issue?
client: We've tried using third-party integration tools, but they have their own limitations and often create more problems than they solve."
0,88,gwenshap_nexiv-solutions__0_w009_012,nexiv-solutions__0,9,12,handle_objection,unresolved_customer_concern,tfidf_linear_svm,1,1,0.050274668352600985,"manager: That sounds really tough. What have you tried so far to address this issue?
client: We've tried using third-party integration tools, but they have their own limitations and often create more problems than they solve.
manager: I see. It's crucial to have a reliable solution. At Nexiv Solutions, we offer a unified platform that can integrate seamlessly with your existing systems and centralize your customer data to ensure consistency. Would that be something you’re interested in?
client: It sounds promising, but we’re concerned about the implementation process. We can’t afford much downtime."
0,89,gwenshap_nexiv-solutions__0_w011_014,nexiv-solutions__0,11,14,handle_objection,unresolved_customer_concern,tfidf_linear_svm,1,0,-0.17201925124019687,"manager: I see. It's crucial to have a reliable solution. At Nexiv Solutions, we offer a unified platform that can integrate seamlessly with your existing systems and centralize your customer data to ensure consistency. Would that be something you’re interested in?
client: It sounds promising, but we’re concerned about the implementation process. We can’t afford much downtime.
manager: That’s a valid concern. Our solution is designed to integrate with minimal disruption to your operations. We also provide comprehensive support during the implementation process to ensure a smooth transition. How does that align with your needs?
client: It does sound reassuring, but we’re also on a tight budget. Can you give me an idea of the cost?"
0,90,gwenshap_nexiv-solutions__0_w013_016,nexiv-solutions__0,13,16,fix_next_step,unresolved_customer_concern,tfidf_linear_svm,0,0,-0.18746302766692874,"manager: That’s a valid concern. Our solution is designed to integrate with minimal disruption to your operations. We also provide comprehensive support during the implementation process to ensure a smooth transition. How does that align with your needs?
client: It does sound reassuring, but we’re also on a tight budget. Can you give me an idea of the cost?
manager: Absolutely. While it varies based on the specific package and the size of your operation, I'd be happy to provide a detailed quote after understanding more about your requirements. We often find that the efficiency gained offsets the initial investment quite quickly.
client: Okay, that makes sense. Can you send over some more information?"
0,91,gwenshap_nexiv-solutions__0_w015_018,nexiv-solutions__0,15,18,no_action,unresolved_customer_concern,tfidf_linear_svm,0,0,-0.14617728141598377,"manager: Absolutely. While it varies based on the specific package and the size of your operation, I'd be happy to provide a detailed quote after understanding more about your requirements. We often find that the efficiency gained offsets the initial investment quite quickly.
client: Okay, that makes sense. Can you send over some more information?
manager: Of course. I’ll email you a detailed proposal along with case studies that demonstrate how we've helped similar companies. Can we schedule a follow-up call for later this week to discuss any questions you might have?
client: Sure, I am available on Thursday afternoon."
0,92,gwenshap_nexiv-solutions__0_w017_020,nexiv-solutions__0,17,20,no_action,unresolved_customer_concern,tfidf_linear_svm,0,0,-0.45323332898231294,"manager: Of course. I’ll email you a detailed proposal along with case studies that demonstrate how we've helped similar companies. Can we schedule a follow-up call for later this week to discuss any questions you might have?
client: Sure, I am available on Thursday afternoon.
manager: Perfect! I'll set up a meeting for Thursday at 2 PM. I’ll send a calendar invite shortly. Is there anything else you’d like to discuss today?
client: No, that covers it for now. Thanks, Kelly."
0,93,gwenshap_nexiv-solutions__0_w019_022,nexiv-solutions__0,19,22,no_action,unresolved_customer_concern,tfidf_linear_svm,0,0,-0.7231804776060039,"manager: Perfect! I'll set up a meeting for Thursday at 2 PM. I’ll send a calendar invite shortly. Is there anything else you’d like to discuss today?
client: No, that covers it for now. Thanks, Kelly.
manager: You're welcome! Looking forward to our call on Thursday. Have a great day.
client: You too, bye."
1,26,gwenshap_modamart__3_w001_004,modamart__3,1,4,handle_objection,unresolved_customer_concern,tfidf_linear_svm,1,1,0.171378000684721,"manager: Good afternoon! Thank you for calling ModaMart. My name is Alex. How can I assist you today?
client: Hi, Alex. I'm looking to revamp my wardrobe and I've heard good things about ModaMart, but I've had some bad experiences with online shopping in the past. I'm not sure if I should give it another try.
manager: I understand your concerns. Online shopping can be tricky sometimes. Could you tell me more about what issues you've faced before?
client: Well, the last few times, the clothes didn't fit right and returning them was such a hassle. Plus, the quality wasn't as good as advertised."
1,27,gwenshap_modamart__3_w003_006,modamart__3,3,6,handle_objection,unresolved_customer_concern,tfidf_linear_svm,1,1,0.08899641384570364,"manager: I understand your concerns. Online shopping can be tricky sometimes. Could you tell me more about what issues you've faced before?
client: Well, the last few times, the clothes didn't fit right and returning them was such a hassle. Plus, the quality wasn't as good as advertised.
manager: I'm really sorry to hear that. At ModaMart, we offer a detailed sizing guide to help with the fit, and our return process is designed to be hassle-free. You can return items within 30 days for a full refund. As for quality, all our products go through rigorous quality checks before being shipped.
client: That sounds better, but I'm still skeptical about the fit. How accurate are your sizing charts?"
1,28,gwenshap_modamart__3_w005_008,modamart__3,5,8,handle_objection,unresolved_customer_concern,tfidf_linear_svm,1,1,0.03578853186367251,"manager: I'm really sorry to hear that. At ModaMart, we offer a detailed sizing guide to help with the fit, and our return process is designed to be hassle-free. You can return items within 30 days for a full refund. As for quality, all our products go through rigorous quality checks before being shipped.
client: That sounds better, but I'm still skeptical about the fit. How accurate are your sizing charts?
manager: Our sizing charts are updated regularly based on customer feedback and measurements. Additionally, we offer a virtual fitting room feature where you can input your measurements and see how different sizes might fit you.
client: Hmm. That sounds helpful, but it's still a leap of faith for me. I hate dealing with returns."
1,29,gwenshap_modamart__3_w007_010,modamart__3,7,10,handle_objection,unresolved_customer_concern,tfidf_linear_svm,1,0,-0.04113376596579832,"manager: Our sizing charts are updated regularly based on customer feedback and measurements. Additionally, we offer a virtual fitting room feature where you can input your measurements and see how different sizes might fit you.
client: Hmm. That sounds helpful, but it's still a leap of faith for me. I hate dealing with returns.
manager: I completely understand. To make it even easier, we can provide you with a prepaid return label along with your order, so you don't have to worry about shipping costs if something doesn't fit.
client: That’s a nice touch. I’m also concerned about the pricing. I want good quality but at a reasonable price."
1,30,gwenshap_modamart__3_w009_012,modamart__3,9,12,fix_next_step,unresolved_customer_concern,tfidf_linear_svm,0,0,-0.17435472914035338,"manager: I completely understand. To make it even easier, we can provide you with a prepaid return label along with your order, so you don't have to worry about shipping costs if something doesn't fit.
client: That’s a nice touch. I’m also concerned about the pricing. I want good quality but at a reasonable price.
manager: We strive to offer quality products at competitive prices. Plus, if you sign up for our ModaMart Rewards program, you’ll receive exclusive discounts and early access to sales. As a new customer, we can offer you a 20% discount on your first purchase.
client: That’s pretty tempting. I might give it a try. What are the next steps?"
1,31,gwenshap_modamart__3_w011_014,modamart__3,11,14,no_action,unresolved_customer_concern,tfidf_linear_svm,0,0,-0.42516913852524496,"manager: We strive to offer quality products at competitive prices. Plus, if you sign up for our ModaMart Rewards program, you’ll receive exclusive discounts and early access to sales. As a new customer, we can offer you a 20% discount on your first purchase.
client: That’s pretty tempting. I might give it a try. What are the next steps?
manager: Great to hear! You can visit our website and sign up for the ModaMart Rewards program right away. If you need any assistance with sizing or product details, feel free to reach out to our customer service team. They'll be more than happy to help.
client: Alright, I’ll check it out. Thank you for addressing my concerns, Alex."
1,32,gwenshap_modamart__3_w013_016,modamart__3,13,16,no_action,unresolved_customer_concern,tfidf_linear_svm,0,0,-0.4259829112079905,"manager: Great to hear! You can visit our website and sign up for the ModaMart Rewards program right away. If you need any assistance with sizing or product details, feel free to reach out to our customer service team. They'll be more than happy to help.
client: Alright, I’ll check it out. Thank you for addressing my concerns, Alex.
manager: It’s my pleasure. Thank you for considering ModaMart. Have a great day, and happy shopping!
client: Thanks, you too. Bye."
1,42,gwenshap_modamart__5_w001_004,modamart__5,1,4,no_action,unresolved_customer_concern,tfidf_linear_svm,0,1,0.10685304386979447,"manager: Good afternoon! Thanks for calling ModaMart. My name is Jessica. How can I assist you today?
client: Hi Jessica. I'm considering buying some new clothes for the fall season, but I'm a bit overwhelmed by the options. I usually shop in-store, and online shopping's got me confused with sizing and returns.
manager: I completely understand. Finding the right fit online can be tricky. Are there specific items or styles you're looking for?
client: Yes, I'm looking for some casual and business-casual pieces like sweaters, blouses, and maybe a new pair of jeans."
1,43,gwenshap_modamart__5_w003_006,modamart__5,3,6,handle_objection,unresolved_customer_concern,tfidf_linear_svm,1,0,-0.00403423107579573,"manager: I completely understand. Finding the right fit online can be tricky. Are there specific items or styles you're looking for?
client: Yes, I'm looking for some casual and business-casual pieces like sweaters, blouses, and maybe a new pair of jeans.
manager: Great choice for the fall season! At ModaMart, we have detailed size charts and fit guides that can help you determine the best size. Additionally, our return policy is pretty flexible. If something doesn't fit, you can return or exchange it within 30 days.
client: That sounds helpful. But what about the quality? Sometimes online products don’t match the pictures and descriptions."
1,44,gwenshap_modamart__5_w005_008,modamart__5,5,8,handle_objection,unresolved_customer_concern,tfidf_linear_svm,1,1,0.02344187202516343,"manager: Great choice for the fall season! At ModaMart, we have detailed size charts and fit guides that can help you determine the best size. Additionally, our return policy is pretty flexible. If something doesn't fit, you can return or exchange it within 30 days.
client: That sounds helpful. But what about the quality? Sometimes online products don’t match the pictures and descriptions.
manager: That's a common concern. ModaMart ensures high quality for all our products, and we provide customer reviews and ratings for most items. This way, you can see what other customers think before making a purchase. Our customer service team is also available to help with any issues you might have once you receive your order.
client: That’s reassuring. Still, I'm worried about the hassle of returns if I don’t like something. I've had bad experiences with other retailers."
1,45,gwenshap_modamart__5_w007_010,modamart__5,7,10,handle_objection,unresolved_customer_concern,tfidf_linear_svm,1,0,-0.0694963717208202,"manager: That's a common concern. ModaMart ensures high quality for all our products, and we provide customer reviews and ratings for most items. This way, you can see what other customers think before making a purchase. Our customer service team is also available to help with any issues you might have once you receive your order.
client: That’s reassuring. Still, I'm worried about the hassle of returns if I don’t like something. I've had bad experiences with other retailers.
manager: I hear you. ModaMart aims to make the returns process as smooth as possible. You can initiate a return directly from your online account, and we provide a prepaid shipping label to send items back without any additional cost.
client: Okay, that does sound convenient. How long does the refund process usually take?"
1,46,gwenshap_modamart__5_w009_012,modamart__5,9,12,fix_next_step,unresolved_customer_concern,tfidf_linear_svm,0,0,-0.22982967137979615,"manager: I hear you. ModaMart aims to make the returns process as smooth as possible. You can initiate a return directly from your online account, and we provide a prepaid shipping label to send items back without any additional cost.
client: Okay, that does sound convenient. How long does the refund process usually take?
manager: Once we receive the returned items, refunds are typically processed within 3 to 5 business days. You'll receive an email confirmation when the refund has been issued.
client: That sounds fair. I think I’ll give it a try. How do I get started?"
1,47,gwenshap_modamart__5_w011_014,modamart__5,11,14,no_action,unresolved_customer_concern,tfidf_linear_svm,0,0,-0.29695901477968023,"manager: Once we receive the returned items, refunds are typically processed within 3 to 5 business days. You'll receive an email confirmation when the refund has been issued.
client: That sounds fair. I think I’ll give it a try. How do I get started?
manager: Fantastic! You can start by visiting our website and browsing the fall collection. If you have any questions at any point, feel free to contact us via chat, phone, or email. We’re here to help.
client: Thanks, Jessica. You've been very helpful."
1,48,gwenshap_modamart__5_w013_016,modamart__5,13,16,no_action,unresolved_customer_concern,tfidf_linear_svm,0,0,-0.3647540541101857,"manager: Fantastic! You can start by visiting our website and browsing the fall collection. If you have any questions at any point, feel free to contact us via chat, phone, or email. We’re here to help.
client: Thanks, Jessica. You've been very helpful.
manager: It’s my pleasure! Have a great day shopping with ModaMart, and enjoy your new fall wardrobe!
client: Thanks again. Bye!"
1,65,gwenshap_modamart__8_w001_004,modamart__8,1,4,anchor_value,unresolved_customer_concern,tfidf_linear_svm,0,1,0.2301220406662204,"manager: Thank you for calling ModaMart! This is Sarah, how can I assist you today?
client: Hi, I'm looking for some information on your latest winter collection. I'm particularly interested in jackets.
manager: Absolutely! Our new winter collection just launched, and we have some great jackets in various styles. Are you looking for something more casual or formal?
client: I'm going to need something versatile. You know, something I can wear to work but also on weekends. And it has to be warm because the last jacket I bought from another store wasn’t warm enough."
1,66,gwenshap_modamart__8_w003_006,modamart__8,3,6,handle_objection,unresolved_customer_concern,tfidf_linear_svm,1,1,0.14241169489359382,"manager: Absolutely! Our new winter collection just launched, and we have some great jackets in various styles. Are you looking for something more casual or formal?
client: I'm going to need something versatile. You know, something I can wear to work but also on weekends. And it has to be warm because the last jacket I bought from another store wasn’t warm enough.
manager: I understand. Staying warm in winter is crucial. All our winter jackets are insulated, but for a versatile option, I recommend our ""Everest"" jacket. It's designed to be both work-appropriate and casual.
client: That sounds good, but I'm also concerned about the fit. I'm tall and often find it hard to get a good fit off the rack."
1,67,gwenshap_modamart__8_w005_008,modamart__8,5,8,no_action,unresolved_customer_concern,tfidf_linear_svm,0,1,0.010577045579698699,"manager: I understand. Staying warm in winter is crucial. All our winter jackets are insulated, but for a versatile option, I recommend our ""Everest"" jacket. It's designed to be both work-appropriate and casual.
client: That sounds good, but I'm also concerned about the fit. I'm tall and often find it hard to get a good fit off the rack.
manager: I hear you. Fit can be a tricky issue. The ""Everest"" jacket comes in a variety of sizes, including tall options. If you like, I can check the availability in your size and possibly suggest some alternatives.
client: Sure, that would be helpful."
1,68,gwenshap_modamart__8_w007_010,modamart__8,7,10,no_action,unresolved_customer_concern,tfidf_linear_svm,0,0,-0.2746446184050624,"manager: I hear you. Fit can be a tricky issue. The ""Everest"" jacket comes in a variety of sizes, including tall options. If you like, I can check the availability in your size and possibly suggest some alternatives.
client: Sure, that would be helpful.
manager: Great, can you tell me your size? That will help me narrow it down.
client: I usually wear a large, but like I said, I need it in tall sizes."
1,69,gwenshap_modamart__8_w009_012,modamart__8,9,12,handle_objection,unresolved_customer_concern,tfidf_linear_svm,1,0,-0.21573890824451863,"manager: Great, can you tell me your size? That will help me narrow it down.
client: I usually wear a large, but like I said, I need it in tall sizes.
manager: Understood. Let me check our inventory... Yes, we have the ""Everest"" in large tall. We also have a similar style called ""Alpine"" which is a bit more fitted but equally warm and versatile.
client: Okay, that sounds good. But what if it doesn't fit right? Can I return it easily?"
1,70,gwenshap_modamart__8_w011_014,modamart__8,11,14,fix_next_step,unresolved_customer_concern,tfidf_linear_svm,0,0,-0.26524926517750025,"manager: Understood. Let me check our inventory... Yes, we have the ""Everest"" in large tall. We also have a similar style called ""Alpine"" which is a bit more fitted but equally warm and versatile.
client: Okay, that sounds good. But what if it doesn't fit right? Can I return it easily?
manager: Definitely, we have a hassle-free return policy. You can return or exchange any item within 30 days of purchase, no questions asked.
client: Alright. I think I'll go with the ""Everest"" jacket. Can you help me place the order?"
1,71,gwenshap_modamart__8_w013_016,modamart__8,13,16,no_action,unresolved_customer_concern,tfidf_linear_svm,0,0,-0.32992815397869,"manager: Definitely, we have a hassle-free return policy. You can return or exchange any item within 30 days of purchase, no questions asked.
client: Alright. I think I'll go with the ""Everest"" jacket. Can you help me place the order?
manager: Of course! I’ll need a few details to complete the order. How would you like to make the payment?
client: I’ll use my credit card."
1,72,gwenshap_modamart__8_w015_018,modamart__8,15,18,no_action,unresolved_customer_concern,tfidf_linear_svm,0,0,-0.33961779658025926,"manager: Of course! I’ll need a few details to complete the order. How would you like to make the payment?
client: I’ll use my credit card.
manager: Perfect. I'll just need your shipping address and payment details to complete your order. Would you like an email confirmation?
client: Yes, please. How long will the shipping take?"
1,73,gwenshap_modamart__8_w017_020,modamart__8,17,20,no_action,unresolved_customer_concern,tfidf_linear_svm,0,0,-0.5376648276181102,"manager: Perfect. I'll just need your shipping address and payment details to complete your order. Would you like an email confirmation?
client: Yes, please. How long will the shipping take?
manager: Standard shipping typically takes 3-5 business days. You’ll receive tracking information via email once the order has been shipped.
client: Great, I appreciate the help!"
1,74,gwenshap_modamart__8_w019_022,modamart__8,19,22,no_action,unresolved_customer_concern,tfidf_linear_svm,0,0,-0.544021410771492,"manager: Standard shipping typically takes 3-5 business days. You’ll receive tracking information via email once the order has been shipped.
client: Great, I appreciate the help!
manager: My pleasure! Your order will be processed shortly. If you have any other questions or need further assistance, don't hesitate to reach out.
client: Will do. Thanks again!"
2,17,gwenshap_modamart__2_w001_004,modamart__2,1,4,handle_objection,unresolved_customer_concern,tfidf_linear_svm,1,1,0.1003811624933588,"manager: Hi there, this is Jake from ModaMart. How are you today?
client: Hi Jake, I'm doing okay. Just busy with work. What can I help you with?
manager: I completely understand! I'll keep it brief. I wanted to touch base about your recent online browsing and see if you had any questions or needed assistance with anything.
client: Well, I have been looking at some of your new fall collection, but I'm honestly not sure about a few things."
2,18,gwenshap_modamart__2_w003_006,modamart__2,3,6,handle_objection,unresolved_customer_concern,tfidf_linear_svm,1,1,0.02882038324404923,"manager: I completely understand! I'll keep it brief. I wanted to touch base about your recent online browsing and see if you had any questions or needed assistance with anything.
client: Well, I have been looking at some of your new fall collection, but I'm honestly not sure about a few things.
manager: That's great to hear you've been checking out our new collection! What specifically has you unsure?
client: The main thing is sizing. I've found that with some brands, the sizes are all over the place. I'm worried about ordering something that doesn't fit right."
2,19,gwenshap_modamart__2_w005_008,modamart__2,5,8,handle_objection,unresolved_customer_concern,tfidf_linear_svm,1,1,0.2957357659574486,"manager: That's great to hear you've been checking out our new collection! What specifically has you unsure?
client: The main thing is sizing. I've found that with some brands, the sizes are all over the place. I'm worried about ordering something that doesn't fit right.
manager: Got it. Sizing can definitely be tricky. At ModaMart, we actually provide detailed sizing charts for each brand. Have you had a chance to look at those?
client: I saw them, but I'm still skeptical. Returning items is just such a hassle."
2,20,gwenshap_modamart__2_w007_010,modamart__2,7,10,handle_objection,unresolved_customer_concern,tfidf_linear_svm,1,1,0.39178488339409023,"manager: Got it. Sizing can definitely be tricky. At ModaMart, we actually provide detailed sizing charts for each brand. Have you had a chance to look at those?
client: I saw them, but I'm still skeptical. Returning items is just such a hassle.
manager: I hear you. To make the process easier, we offer free returns and exchanges within 30 days. We can even schedule a pickup for the return. Does that address your concern?
client: That does help, but I'm also a bit concerned about the quality. I've had bad experiences with online shopping before."
2,21,gwenshap_modamart__2_w009_012,modamart__2,9,12,no_action,unresolved_customer_concern,tfidf_linear_svm,0,1,0.3697149807185214,"manager: I hear you. To make the process easier, we offer free returns and exchanges within 30 days. We can even schedule a pickup for the return. Does that address your concern?
client: That does help, but I'm also a bit concerned about the quality. I've had bad experiences with online shopping before.
manager: I understand your concerns. At ModaMart, we pride ourselves on offering high-quality products, but we also have customer reviews for most items. Reading them might give you a better sense of the quality. Have you checked those out?
client: No, I haven't really looked at the reviews yet."
2,22,gwenshap_modamart__2_w011_014,modamart__2,11,14,handle_objection,unresolved_customer_concern,tfidf_linear_svm,1,1,0.11804586484409446,"manager: I understand your concerns. At ModaMart, we pride ourselves on offering high-quality products, but we also have customer reviews for most items. Reading them might give you a better sense of the quality. Have you checked those out?
client: No, I haven't really looked at the reviews yet.
manager: I highly recommend it. They can be very informative. Plus, if you find that you're still not satisfied with the product, our customer service team is here to ensure you have a positive experience.
client: Alright, I'll take a look at the reviews. One more thing—do you have any promotions or discounts going on right now?"
2,23,gwenshap_modamart__2_w013_016,modamart__2,13,16,no_action,unresolved_customer_concern,tfidf_linear_svm,0,0,-0.22877673892109887,"manager: I highly recommend it. They can be very informative. Plus, if you find that you're still not satisfied with the product, our customer service team is here to ensure you have a positive experience.
client: Alright, I'll take a look at the reviews. One more thing—do you have any promotions or discounts going on right now?
manager: I'm glad you asked! We currently have a 15% off promotion for first-time online customers. I can send you a discount code if you're interested.
client: That sounds good. Yeah, please send me the code."
2,24,gwenshap_modamart__2_w015_018,modamart__2,15,18,no_action,unresolved_customer_concern,tfidf_linear_svm,0,0,-0.6721523042212301,"manager: I'm glad you asked! We currently have a 15% off promotion for first-time online customers. I can send you a discount code if you're interested.
client: That sounds good. Yeah, please send me the code.
manager: Will do! I'll email the discount code to you right after this call. Is there anything else I can assist you with today?
client: No, I think that covers my questions for now. Thanks for your help."
2,25,gwenshap_modamart__2_w017_020,modamart__2,17,20,no_action,unresolved_customer_concern,tfidf_linear_svm,0,0,-0.8875508089919999,"manager: Will do! I'll email the discount code to you right after this call. Is there anything else I can assist you with today?
client: No, I think that covers my questions for now. Thanks for your help.
manager: You're welcome! Don't hesitate to reach out if you have any more questions, and enjoy shopping at ModaMart. Have a great day!
client: Thanks, Jake. You too."
2,75,gwenshap_modamart__9_w001_004,modamart__9,1,4,no_action,unresolved_customer_concern,tfidf_linear_svm,0,0,-0.02435392269808319,"manager: Hi, thank you for calling ModaMart. This is Jamie, how can I assist you today?
client: Hi Jamie, I’ve been having some issues with an order I recently placed.
manager: I’m sorry to hear that. Could you provide me with your order number so I can look into it?
client: Sure, it’s 56789."
2,76,gwenshap_modamart__9_w003_006,modamart__9,3,6,no_action,unresolved_customer_concern,tfidf_linear_svm,0,1,0.04095000891413572,"manager: I’m sorry to hear that. Could you provide me with your order number so I can look into it?
client: Sure, it’s 56789.
manager: Alright, let me pull that up. While I'm doing that, can you tell me exactly what's been going wrong?
client: The main thing is that the dress I received is a different color than what was shown online. Also, it doesn’t fit as expected."
2,77,gwenshap_modamart__9_w005_008,modamart__9,5,8,no_action,unresolved_customer_concern,tfidf_linear_svm,0,1,0.19569732564181558,"manager: Alright, let me pull that up. While I'm doing that, can you tell me exactly what's been going wrong?
client: The main thing is that the dress I received is a different color than what was shown online. Also, it doesn’t fit as expected.
manager: I see. I apologize for that inconvenience. Let me first address the color issue. Can you describe the discrepancy between the color you saw online and the one you received?
client: The dress was supposed to be a light blue, but what I got is more of a teal."
2,78,gwenshap_modamart__9_w007_010,modamart__9,7,10,handle_objection,unresolved_customer_concern,tfidf_linear_svm,1,1,0.17132228882246447,"manager: I see. I apologize for that inconvenience. Let me first address the color issue. Can you describe the discrepancy between the color you saw online and the one you received?
client: The dress was supposed to be a light blue, but what I got is more of a teal.
manager: Thank you for pointing that out. Sometimes colors can appear differently due to screen settings. We can certainly look into that for you. Regarding the fit, did you use our sizing guide when you placed the order?
client: Yes, I did, but it’s still too tight around the waist."
2,79,gwenshap_modamart__9_w009_012,modamart__9,9,12,handle_objection,unresolved_customer_concern,tfidf_linear_svm,1,1,0.22275774293054834,"manager: Thank you for pointing that out. Sometimes colors can appear differently due to screen settings. We can certainly look into that for you. Regarding the fit, did you use our sizing guide when you placed the order?
client: Yes, I did, but it’s still too tight around the waist.
manager: I'm really sorry to hear that. We do our best to create accurate sizing guides, but it sounds like this one didn't match up for you. We can process an exchange for a different size or even a return if you prefer.
client: I think I’d rather return it. But what about the return shipping, do I have to pay for that?"
2,80,gwenshap_modamart__9_w011_014,modamart__9,11,14,fix_next_step,unresolved_customer_concern,tfidf_linear_svm,0,1,0.09131321732659547,"manager: I'm really sorry to hear that. We do our best to create accurate sizing guides, but it sounds like this one didn't match up for you. We can process an exchange for a different size or even a return if you prefer.
client: I think I’d rather return it. But what about the return shipping, do I have to pay for that?
manager: For cases where the item is not as described or doesn't fit as expected despite following our sizing guide, we cover the return shipping costs. I'll email you a prepaid return label and instructions on how to send it back.
client: Okay, that sounds good. What’s the next step after I send it back?"
2,81,gwenshap_modamart__9_w013_016,modamart__9,13,16,handle_objection,unresolved_customer_concern,tfidf_linear_svm,1,0,-0.4048623211478212,"manager: For cases where the item is not as described or doesn't fit as expected despite following our sizing guide, we cover the return shipping costs. I'll email you a prepaid return label and instructions on how to send it back.
client: Okay, that sounds good. What’s the next step after I send it back?
manager: Once we receive the returned dress, we’ll process your refund within 3-5 business days and send you a confirmation email. Is there anything else I can help you with today?
client: Actually, I was looking at another dress on your website. Can you tell me about your exchange policy?"
2,82,gwenshap_modamart__9_w015_018,modamart__9,15,18,no_action,unresolved_customer_concern,tfidf_linear_svm,0,0,-0.5595314411624672,"manager: Once we receive the returned dress, we’ll process your refund within 3-5 business days and send you a confirmation email. Is there anything else I can help you with today?
client: Actually, I was looking at another dress on your website. Can you tell me about your exchange policy?
manager: Certainly! If you decide on another dress and it ends up not being right, you have a 30-day window to return or exchange it. Just keep the tags on and bring the original receipt.
client: Alright, that covers everything. Thanks for your help."
2,83,gwenshap_modamart__9_w017_020,modamart__9,17,20,no_action,unresolved_customer_concern,tfidf_linear_svm,0,0,-0.6348484127629839,"manager: Certainly! If you decide on another dress and it ends up not being right, you have a 30-day window to return or exchange it. Just keep the tags on and bring the original receipt.
client: Alright, that covers everything. Thanks for your help.
manager: You’re welcome! I'll send that return label shortly. Have a great day, and feel free to contact us if you have any more questions.
client: Will do, thanks."
3,0,gwenshap_modamart__0_w001_004,modamart__0,1,4,handle_objection,unresolved_customer_concern,tfidf_linear_svm,1,1,0.15801640971690856,"manager: Hi there! Thank you for taking the time to speak with me today. My name is Jamie, and I’m a sales representative from ModaMart. How are you today?
client: Hi Jamie. I'm doing well, thanks. How about you?
manager: I’m great, thank you! So, I understand you’ve been browsing our online store. Is there anything specific you’re looking for today?
client: Well, I've been looking at some winter jackets, but I'm not sure about the quality and if they're worth the price."
3,1,gwenshap_modamart__0_w003_006,modamart__0,3,6,no_action,unresolved_customer_concern,tfidf_linear_svm,0,1,0.4531080457343023,"manager: I’m great, thank you! So, I understand you’ve been browsing our online store. Is there anything specific you’re looking for today?
client: Well, I've been looking at some winter jackets, but I'm not sure about the quality and if they're worth the price.
manager: I completely understand your concerns. Our winter jackets are made from high-quality materials designed to keep you warm even in the harshest conditions. May I ask what specifically you’re looking for in a jacket?
client: I mostly need something that’s really warm but also lightweight. I don’t want to feel like I'm carrying a heavy blanket around."
3,2,gwenshap_modamart__0_w005_008,modamart__0,5,8,handle_objection,unresolved_customer_concern,tfidf_linear_svm,1,1,0.4540854451599694,"manager: I completely understand your concerns. Our winter jackets are made from high-quality materials designed to keep you warm even in the harshest conditions. May I ask what specifically you’re looking for in a jacket?
client: I mostly need something that’s really warm but also lightweight. I don’t want to feel like I'm carrying a heavy blanket around.
manager: That makes total sense. Nobody likes to feel weighed down. We have a range of jackets filled with high-loft down, which is incredibly warm yet very lightweight. Have you had a chance to read any reviews or check out our customer ratings?
client: I did see some reviews, but I’m always a bit skeptical. Sometimes reviews can be misleading."
3,3,gwenshap_modamart__0_w007_010,modamart__0,7,10,handle_objection,unresolved_customer_concern,tfidf_linear_svm,1,1,0.4005210420423341,"manager: That makes total sense. Nobody likes to feel weighed down. We have a range of jackets filled with high-loft down, which is incredibly warm yet very lightweight. Have you had a chance to read any reviews or check out our customer ratings?
client: I did see some reviews, but I’m always a bit skeptical. Sometimes reviews can be misleading.
manager: That’s a valid point. If you’re interested, I can send you a few detailed testimonials from customers who specifically mentioned how lightweight and warm our jackets are. Would that help?
client: Yeah, that would be helpful. But I'm also concerned about sizing. I’ve had issues with ordering clothes online that don’t fit well."
3,4,gwenshap_modamart__0_w009_012,modamart__0,9,12,no_action,unresolved_customer_concern,tfidf_linear_svm,0,1,0.13038308788021685,"manager: That’s a valid point. If you’re interested, I can send you a few detailed testimonials from customers who specifically mentioned how lightweight and warm our jackets are. Would that help?
client: Yeah, that would be helpful. But I'm also concerned about sizing. I’ve had issues with ordering clothes online that don’t fit well.
manager: I hear you. Getting the right fit is crucial. We offer detailed sizing charts on our website, and we also have a very flexible return and exchange policy. If the size isn’t quite right, you can easily exchange it. Plus, I can guide you through finding the right size now. What size do you usually wear?
client: I normally wear a medium, but sometimes I need a large depending on the brand."
3,5,gwenshap_modamart__0_w011_014,modamart__0,11,14,fix_next_step,unresolved_customer_concern,tfidf_linear_svm,0,0,-0.026255389628685732,"manager: I hear you. Getting the right fit is crucial. We offer detailed sizing charts on our website, and we also have a very flexible return and exchange policy. If the size isn’t quite right, you can easily exchange it. Plus, I can guide you through finding the right size now. What size do you usually wear?
client: I normally wear a medium, but sometimes I need a large depending on the brand.
manager: Understood. Our sizing tends to be true to fit, but I’d recommend measuring yourself using our online guide to ensure accuracy. I can also offer you a 10% discount on your first purchase, which might make taking the plunge a bit easier. How does that sound?
client: That sounds pretty good. I definitely feel more comfortable with the return policy and the discount."
3,6,gwenshap_modamart__0_w013_016,modamart__0,13,16,no_action,unresolved_customer_concern,tfidf_linear_svm,0,0,-0.27015627916475704,"manager: Understood. Our sizing tends to be true to fit, but I’d recommend measuring yourself using our online guide to ensure accuracy. I can also offer you a 10% discount on your first purchase, which might make taking the plunge a bit easier. How does that sound?
client: That sounds pretty good. I definitely feel more comfortable with the return policy and the discount.
manager: I’m glad to hear that. I’ll send you the testimonials and the sizing guide right after our call. Is there anything else you’d like to know about our winter jackets?
client: No, I think that covers it."
3,7,gwenshap_modamart__0_w015_018,modamart__0,15,18,no_action,unresolved_customer_concern,tfidf_linear_svm,0,0,-0.6860903674259177,"manager: I’m glad to hear that. I’ll send you the testimonials and the sizing guide right after our call. Is there anything else you’d like to know about our winter jackets?
client: No, I think that covers it.
manager: Fantastic. I’ll email you the information, and if you have any more questions or need further assistance, feel free to reach out. We’re here to help. Thank you for your time and have a great day!
client: Thank you, Jamie. I appreciate your help. Take care!"
3,33,gwenshap_modamart__4_w001_004,modamart__4,1,4,handle_objection,unresolved_customer_concern,tfidf_linear_svm,1,0,-0.317674901972682,"manager: Good afternoon, thank you for calling ModaMart. My name is Sarah, how can I assist you today?
client: Hi Sarah, I'm considering making a big purchase, but I have some concerns. Can you help me with that?
manager: Of course! What products are you looking at, and what concerns do you have?
client: I'm looking at the winter jackets, specifically the Model X. It seems a bit pricey, and I'm not sure if it's worth the investment."
3,34,gwenshap_modamart__4_w003_006,modamart__4,3,6,handle_objection,unresolved_customer_concern,tfidf_linear_svm,1,1,0.10028646520627554,"manager: Of course! What products are you looking at, and what concerns do you have?
client: I'm looking at the winter jackets, specifically the Model X. It seems a bit pricey, and I'm not sure if it's worth the investment.
manager: I understand your concern. The Model X jacket is one of our premium products made with high-quality insulation and weather-resistant materials. It’s designed to keep you warm and dry in extreme conditions. Are you planning on using it for everyday wear, or just for specific activities?
client: Mostly for commuting to work, but I also do some hiking on the weekends. My main issue is that I bought a different jacket last winter, and it didn't hold up well at all."
3,35,gwenshap_modamart__4_w005_008,modamart__4,5,8,handle_objection,unresolved_customer_concern,tfidf_linear_svm,1,0,-0.09759518118622106,"manager: I understand your concern. The Model X jacket is one of our premium products made with high-quality insulation and weather-resistant materials. It’s designed to keep you warm and dry in extreme conditions. Are you planning on using it for everyday wear, or just for specific activities?
client: Mostly for commuting to work, but I also do some hiking on the weekends. My main issue is that I bought a different jacket last winter, and it didn't hold up well at all.
manager: I'm sorry to hear that. Do you remember what brand or model it was? Maybe I can understand better what went wrong last time.
client: It was another brand's mid-tier model. It started to lose its warmth after a couple of months and the zipper broke."
3,36,gwenshap_modamart__4_w007_010,modamart__4,7,10,handle_objection,unresolved_customer_concern,tfidf_linear_svm,1,0,-0.22066401076221256,"manager: I'm sorry to hear that. Do you remember what brand or model it was? Maybe I can understand better what went wrong last time.
client: It was another brand's mid-tier model. It started to lose its warmth after a couple of months and the zipper broke.
manager: That’s definitely frustrating. The Model X jacket has a reinforced zipper and double-stitched seams for durability. Plus, it comes with a one-year warranty that covers any manufacturing defects, so you won’t have to worry about those issues again.
client: That sounds reassuring, but it's still quite a lot of money. Do you offer any payment plans?"
3,37,gwenshap_modamart__4_w009_012,modamart__4,9,12,handle_objection,unresolved_customer_concern,tfidf_linear_svm,1,0,-0.09305484968507216,"manager: That’s definitely frustrating. The Model X jacket has a reinforced zipper and double-stitched seams for durability. Plus, it comes with a one-year warranty that covers any manufacturing defects, so you won’t have to worry about those issues again.
client: That sounds reassuring, but it's still quite a lot of money. Do you offer any payment plans?
manager: Yes, we do offer financing options. You can break down the cost into manageable monthly payments at 0% interest if paid within 6 months. We also have a 30-day return policy if you’re not completely satisfied with your purchase.
client: That definitely helps. Another thing, how do I know if it will fit well? I have a hard time finding jackets that fit just right."
3,38,gwenshap_modamart__4_w011_014,modamart__4,11,14,no_action,unresolved_customer_concern,tfidf_linear_svm,0,0,-0.08717081659621388,"manager: Yes, we do offer financing options. You can break down the cost into manageable monthly payments at 0% interest if paid within 6 months. We also have a 30-day return policy if you’re not completely satisfied with your purchase.
client: That definitely helps. Another thing, how do I know if it will fit well? I have a hard time finding jackets that fit just right.
manager: We offer a comprehensive size guide on our website, but I can also help you over the phone. Could you provide me with your measurements? Additionally, if the size you choose doesn’t fit, you can exchange it free of charge.
client: Great. I’m about 5'8"" and around 160 pounds."
3,39,gwenshap_modamart__4_w013_016,modamart__4,13,16,fix_next_step,unresolved_customer_concern,tfidf_linear_svm,0,0,-0.15611256009507374,"manager: We offer a comprehensive size guide on our website, but I can also help you over the phone. Could you provide me with your measurements? Additionally, if the size you choose doesn’t fit, you can exchange it free of charge.
client: Great. I’m about 5'8"" and around 160 pounds.
manager: Based on that, I would recommend a size Medium. However, it might be a good idea to check our size guide online for more detailed measurements.
client: Okay, I'll check the size guide and think it over. Can I call back if I decide to make the purchase?"
3,40,gwenshap_modamart__4_w015_018,modamart__4,15,18,fix_next_step,unresolved_customer_concern,tfidf_linear_svm,0,0,-0.4587424697009904,"manager: Based on that, I would recommend a size Medium. However, it might be a good idea to check our size guide online for more detailed measurements.
client: Okay, I'll check the size guide and think it over. Can I call back if I decide to make the purchase?
manager: Absolutely, you can call us anytime, or you can order directly through our website at your convenience. Is there anything else I can assist you with right now?
client: No, I think that's it for now. Thanks for all the information, Sarah. You've been very helpful."
3,41,gwenshap_modamart__4_w017_020,modamart__4,17,20,no_action,unresolved_customer_concern,tfidf_linear_svm,0,0,-0.797730560078531,"manager: Absolutely, you can call us anytime, or you can order directly through our website at your convenience. Is there anything else I can assist you with right now?
client: No, I think that's it for now. Thanks for all the information, Sarah. You've been very helpful.
manager: My pleasure! Feel free to reach out if you have any more questions. Have a great day!
client: You too, thanks!"
3,94,gwenshap_nexiv-solutions__1_w001_004,nexiv-solutions__1,1,4,avoid_early_presentation,unresolved_customer_concern,tfidf_linear_svm,0,0,-0.1678667771200873,"manager: Hi, this is Alex from Nexiv Solutions. Am I speaking with Jamie?
client: Yes, this is Jamie. How can I help you?
manager: Great to speak with you, Jamie. I wanted to introduce you to some of the solutions Nexiv offers. We're helping companies like yours streamline their operations with our integrated software suite. Could I ask, what are some of the challenges you're facing with your current tech setup?
client: Honestly, we're struggling with data consolidation. We have different systems for inventory, sales, and customer management, and it's a hassle to get a clear view of everything."
3,95,gwenshap_nexiv-solutions__1_w003_006,nexiv-solutions__1,3,6,anchor_value,unresolved_customer_concern,tfidf_linear_svm,0,0,-0.42595810651483806,"manager: Great to speak with you, Jamie. I wanted to introduce you to some of the solutions Nexiv offers. We're helping companies like yours streamline their operations with our integrated software suite. Could I ask, what are some of the challenges you're facing with your current tech setup?
client: Honestly, we're struggling with data consolidation. We have different systems for inventory, sales, and customer management, and it's a hassle to get a clear view of everything.
manager: I hear that a lot. Data fragmentation can be a real headache. How much time would you say your team spends on manual data reconciliation each week?
client: Probably around ten hours or more. It's really inefficient."
3,96,gwenshap_nexiv-solutions__1_w005_008,nexiv-solutions__1,5,8,handle_objection,unresolved_customer_concern,tfidf_linear_svm,1,0,-0.021510874689354864,"manager: I hear that a lot. Data fragmentation can be a real headache. How much time would you say your team spends on manual data reconciliation each week?
client: Probably around ten hours or more. It's really inefficient.
manager: That sounds frustrating. Our platform offers a unified dashboard that brings all your data into one place, reducing the need for manual efforts. Could that help reduce those ten hours for your team?
client: It sounds promising, but we’ve tried new systems before, and the transition is always difficult. We're worried about the downtime and the learning curve."
3,97,gwenshap_nexiv-solutions__1_w007_010,nexiv-solutions__1,7,10,handle_objection,unresolved_customer_concern,tfidf_linear_svm,1,1,0.26609422961289075,"manager: That sounds frustrating. Our platform offers a unified dashboard that brings all your data into one place, reducing the need for manual efforts. Could that help reduce those ten hours for your team?
client: It sounds promising, but we’ve tried new systems before, and the transition is always difficult. We're worried about the downtime and the learning curve.
manager: I understand your concern. Rolling out new software can be challenging. At Nexiv, we provide dedicated onboarding and training support to ensure a smooth transition. Plus, our customer success team is always on hand to assist with any issues. Would that help alleviate some of your concerns?
client: It might, but we're also cautious about the cost. Budget is a big factor for us right now."
3,98,gwenshap_nexiv-solutions__1_w009_012,nexiv-solutions__1,9,12,fix_next_step,unresolved_customer_concern,tfidf_linear_svm,0,1,0.0219078183469556,"manager: I understand your concern. Rolling out new software can be challenging. At Nexiv, we provide dedicated onboarding and training support to ensure a smooth transition. Plus, our customer success team is always on hand to assist with any issues. Would that help alleviate some of your concerns?
client: It might, but we're also cautious about the cost. Budget is a big factor for us right now.
manager: Absolutely, cost is a key consideration. Our solutions are scalable, and we can tailor a package that fits both your needs and your budget. More often than not, our customers find that the efficiencies they gain actually save them money in the long run. How does that sound?
client: It's worth exploring. What would be the next steps if we were interested in finding out more?"
3,99,gwenshap_nexiv-solutions__1_w011_014,nexiv-solutions__1,11,14,no_action,unresolved_customer_concern,tfidf_linear_svm,0,0,-0.3750885925535854,"manager: Absolutely, cost is a key consideration. Our solutions are scalable, and we can tailor a package that fits both your needs and your budget. More often than not, our customers find that the efficiencies they gain actually save them money in the long run. How does that sound?
client: It's worth exploring. What would be the next steps if we were interested in finding out more?
manager: Great to hear! We can set up a demo tailored to your specific processes and pain points. From there, we would scope out a custom plan and provide a detailed quote. Could we schedule a time for the demo this week?
client: Sure, I have some availability on Thursday afternoon."
4,8,gwenshap_modamart__1_w001_004,modamart__1,1,4,handle_objection,unresolved_customer_concern,tfidf_linear_svm,1,1,0.11829028450934767,"manager: ** Good morning, this is Sarah from ModaMart. How can I assist you today?
client: ** Hi, this is John. I’ve been looking at some jackets on your website, but I’m not sure which one to choose. They all look pretty similar.
manager: ** Hi John! Thanks for reaching out. I’d be happy to help you find the perfect jacket. Are you looking for something specific, like a certain material or style?
client: ** Well, I’m mainly looking for something warm and stylish for the winter. I noticed some of the jackets say they're insulated, but I’m not sure how warm they really are."
4,9,gwenshap_modamart__1_w003_006,modamart__1,3,6,handle_objection,unresolved_customer_concern,tfidf_linear_svm,1,1,0.17803418979766591,"manager: ** Hi John! Thanks for reaching out. I’d be happy to help you find the perfect jacket. Are you looking for something specific, like a certain material or style?
client: ** Well, I’m mainly looking for something warm and stylish for the winter. I noticed some of the jackets say they're insulated, but I’m not sure how warm they really are.
manager: ** I understand. Our insulated jackets are designed to keep you warm even in very cold temperatures. We use high-quality down and synthetic materials. Do you have any preferences between down or synthetic insulation?
client: ** I’ve heard down is warmer, but I’m worried about how it holds up in wet weather."
4,10,gwenshap_modamart__1_w005_008,modamart__1,5,8,handle_objection,unresolved_customer_concern,tfidf_linear_svm,1,1,0.3196352550363124,"manager: ** I understand. Our insulated jackets are designed to keep you warm even in very cold temperatures. We use high-quality down and synthetic materials. Do you have any preferences between down or synthetic insulation?
client: ** I’ve heard down is warmer, but I’m worried about how it holds up in wet weather.
manager: ** That’s a great point. Down is incredibly warm, but it can lose its insulating properties when wet. Synthetic insulation, on the other hand, retains warmth even when damp. If you’re expecting to face wet conditions, I’d recommend going with a synthetic option.
client: ** Got it. Also, some of the reviews mention sizing issues. I don’t want to go through the hassle of returning something that doesn’t fit."
4,11,gwenshap_modamart__1_w007_010,modamart__1,7,10,no_action,unresolved_customer_concern,tfidf_linear_svm,0,1,0.1285104556211241,"manager: ** That’s a great point. Down is incredibly warm, but it can lose its insulating properties when wet. Synthetic insulation, on the other hand, retains warmth even when damp. If you’re expecting to face wet conditions, I’d recommend going with a synthetic option.
client: ** Got it. Also, some of the reviews mention sizing issues. I don’t want to go through the hassle of returning something that doesn’t fit.
manager: ** Understandable. Our jackets tend to run true to size, but I can give you more precise advice if you can tell me your typical jacket size and any specific measurements.
client: ** I'm usually a medium, but sometimes jackets feel tight around my shoulders."
4,12,gwenshap_modamart__1_w009_012,modamart__1,9,12,handle_objection,unresolved_customer_concern,tfidf_linear_svm,1,0,-0.1327637029469371,"manager: ** Understandable. Our jackets tend to run true to size, but I can give you more precise advice if you can tell me your typical jacket size and any specific measurements.
client: ** I'm usually a medium, but sometimes jackets feel tight around my shoulders.
manager: ** Thanks for that info. If you’re concerned about the fit around the shoulders, I’d suggest going for a medium with a relaxed fit, or possibly sizing up to a large, especially with brands like NordicEdge that we carry. They offer more room in the shoulder area without making the jacket look oversized.
client: ** That sounds like a good idea. I'll also need the jacket relatively soon. How long does shipping usually take?"
4,13,gwenshap_modamart__1_w011_014,modamart__1,11,14,no_action,unresolved_customer_concern,tfidf_linear_svm,0,0,-0.3011382520356277,"manager: ** Thanks for that info. If you’re concerned about the fit around the shoulders, I’d suggest going for a medium with a relaxed fit, or possibly sizing up to a large, especially with brands like NordicEdge that we carry. They offer more room in the shoulder area without making the jacket look oversized.
client: ** That sounds like a good idea. I'll also need the jacket relatively soon. How long does shipping usually take?
manager: ** Our standard shipping typically takes 3-5 business days, and we offer expedited options if you need it sooner. Are you looking to receive it by a particular date?
client: ** I'd like to have it within the next week if possible."
4,14,gwenshap_modamart__1_w013_016,modamart__1,13,16,fix_next_step,unresolved_customer_concern,tfidf_linear_svm,0,0,-0.4237294561550079,"manager: ** Our standard shipping typically takes 3-5 business days, and we offer expedited options if you need it sooner. Are you looking to receive it by a particular date?
client: ** I'd like to have it within the next week if possible.
manager: ** In that case, I’d recommend our express shipping option. Let’s finalize your choice of jacket first. Are you leaning towards a specific model?
client: ** I think I’ll go with the NordicEdge Synthetic Insulated Jacket in large, like you mentioned."
4,15,gwenshap_modamart__1_w015_018,modamart__1,15,18,no_action,unresolved_customer_concern,tfidf_linear_svm,0,0,-0.5271973817711257,"manager: ** In that case, I’d recommend our express shipping option. Let’s finalize your choice of jacket first. Are you leaning towards a specific model?
client: ** I think I’ll go with the NordicEdge Synthetic Insulated Jacket in large, like you mentioned.
manager: ** Great choice! I’ll get that set up for you with express shipping. You should receive it within 2-3 business days. Can I assist you with anything else today?
client: ** No, that's all for now. Thanks for your help!"
4,16,gwenshap_modamart__1_w017_020,modamart__1,17,20,no_action,unresolved_customer_concern,tfidf_linear_svm,0,0,-0.7520757893653857,"manager: ** Great choice! I’ll get that set up for you with express shipping. You should receive it within 2-3 business days. Can I assist you with anything else today?
client: ** No, that's all for now. Thanks for your help!
manager: ** You're welcome, John! If you have any other questions, feel free to contact us. Have a great day!
client: ** Thanks, you too."
4,57,gwenshap_modamart__7_w001_004,modamart__7,1,4,anchor_value,unresolved_customer_concern,tfidf_linear_svm,0,1,0.06704672697691974,"manager: Good afternoon, this is Alex from ModaMart. How can I help you today?
client: Hi, Alex. I'm looking to update my wardrobe for the upcoming season, but I'm having trouble finding items that fit well and are in my budget.
manager: I understand. Finding the perfect fit and staying within budget can be challenging. Could you tell me a bit more about what you're specifically looking for?
client: Sure. I'm looking for casual clothes like jeans and tops, but I also want a couple of more formal outfits for work. My budget is around $300."
4,58,gwenshap_modamart__7_w003_006,modamart__7,3,6,no_action,unresolved_customer_concern,tfidf_linear_svm,0,0,-0.059113835580367854,"manager: I understand. Finding the perfect fit and staying within budget can be challenging. Could you tell me a bit more about what you're specifically looking for?
client: Sure. I'm looking for casual clothes like jeans and tops, but I also want a couple of more formal outfits for work. My budget is around $300.
manager: Great, thanks for sharing that. At ModaMart, we specialize in high-quality, affordable fashion. What sizes are you requiring, and do you have any particular styles or colors in mind?
client: I'm a size 12 for jeans and medium for tops. I prefer neutral colors like black, white, and navy. As for style, I like classic, timeless pieces."
4,59,gwenshap_modamart__7_w005_008,modamart__7,5,8,handle_objection,unresolved_customer_concern,tfidf_linear_svm,1,1,0.23635707780715234,"manager: Great, thanks for sharing that. At ModaMart, we specialize in high-quality, affordable fashion. What sizes are you requiring, and do you have any particular styles or colors in mind?
client: I'm a size 12 for jeans and medium for tops. I prefer neutral colors like black, white, and navy. As for style, I like classic, timeless pieces.
manager: Got it. We have a range of jeans that are known for their great fit, like our High-Waist Slim Jeans. For tops, we recently launched a line of classic blouses that would pair nicely with those jeans for both casual and formal settings.
client: That sounds good, but I'm worried about the quality. I’ve bought clothes online before that ended up looking cheap or falling apart after a few washes."
4,60,gwenshap_modamart__7_w007_010,modamart__7,7,10,handle_objection,unresolved_customer_concern,tfidf_linear_svm,1,1,0.3142290334835991,"manager: Got it. We have a range of jeans that are known for their great fit, like our High-Waist Slim Jeans. For tops, we recently launched a line of classic blouses that would pair nicely with those jeans for both casual and formal settings.
client: That sounds good, but I'm worried about the quality. I’ve bought clothes online before that ended up looking cheap or falling apart after a few washes.
manager: I completely understand your concern. What sets ModaMart apart is our commitment to quality. We offer a 90-day return policy and quality guarantees on all our items. Plus, we have thousands of customer reviews if you'd like to read about their experiences.
client: That’s reassuring. But how do I know if the fit will be right? Online shopping can be a bit hit or miss for me."
4,61,gwenshap_modamart__7_w009_012,modamart__7,9,12,fix_next_step,unresolved_customer_concern,tfidf_linear_svm,0,1,0.17745107871626856,"manager: I completely understand your concern. What sets ModaMart apart is our commitment to quality. We offer a 90-day return policy and quality guarantees on all our items. Plus, we have thousands of customer reviews if you'd like to read about their experiences.
client: That’s reassuring. But how do I know if the fit will be right? Online shopping can be a bit hit or miss for me.
manager: A good fit is crucial. Each of our product pages includes detailed sizing charts and customer reviews specifically mentioning fit. Additionally, we offer free returns, so you can try on items risk-free and return or exchange anything that doesn't work.
client: That’s helpful to know. It sounds pretty good, but I’d like to think it over and maybe browse your site before making a decision."
4,62,gwenshap_modamart__7_w011_014,modamart__7,11,14,no_action,unresolved_customer_concern,tfidf_linear_svm,0,0,-0.1539334824306793,"manager: A good fit is crucial. Each of our product pages includes detailed sizing charts and customer reviews specifically mentioning fit. Additionally, we offer free returns, so you can try on items risk-free and return or exchange anything that doesn't work.
client: That’s helpful to know. It sounds pretty good, but I’d like to think it over and maybe browse your site before making a decision.
manager: Of course, take all the time you need. If you’d like, I can also send you an email with direct links to our bestsellers within your criteria. That way, you can easily find what you’re looking for.
client: Yes, please do. That would make it easier for me to browse."
4,63,gwenshap_modamart__7_w013_016,modamart__7,13,16,no_action,unresolved_customer_concern,tfidf_linear_svm,0,0,-0.6814864891896628,"manager: Of course, take all the time you need. If you’d like, I can also send you an email with direct links to our bestsellers within your criteria. That way, you can easily find what you’re looking for.
client: Yes, please do. That would make it easier for me to browse.
manager: Absolutely. I'll get that email over to you right after we hang up. If you have any other questions, feel free to reach out to me directly. My contact information will also be in the email.
client: Thank you, Alex. You've been very helpful."
4,64,gwenshap_modamart__7_w015_018,modamart__7,15,18,no_action,unresolved_customer_concern,tfidf_linear_svm,0,0,-0.6604115453807653,"manager: Absolutely. I'll get that email over to you right after we hang up. If you have any other questions, feel free to reach out to me directly. My contact information will also be in the email.
client: Thank you, Alex. You've been very helpful.
manager: You’re welcome! Have a great day, and I look forward to helping you find the perfect outfits at ModaMart.
client: Thanks, you too."
0,49,gwenshap_modamart__6_w001_004,modamart__6,1,4,handle_objection,actionable_coaching_needed,majority,1,1,1.0,"manager: Thank you for calling ModaMart. This is Alex. How can I help you today?
client: Hi Alex. I’m Lisa. I’ve been looking at your website, but I’m not sure about the sizes for a few items. They seem to vary a lot.
manager: I understand, Lisa. Sizes can be tricky. Are there specific items you’re concerned about?
client: Yes, the summer dresses. I’m usually a medium, but sometimes a small fits better. It’s confusing."
0,50,gwenshap_modamart__6_w003_006,modamart__6,3,6,handle_objection,actionable_coaching_needed,majority,1,1,1.0,"manager: I understand, Lisa. Sizes can be tricky. Are there specific items you’re concerned about?
client: Yes, the summer dresses. I’m usually a medium, but sometimes a small fits better. It’s confusing.
manager: Got it. We actually have a detailed size chart for each product. Have you had a chance to look at those?
client: I saw the size chart but I’ve had problems with online size charts before. They don't always match up with the actual fit."
0,51,gwenshap_modamart__6_w005_008,modamart__6,5,8,handle_objection,actionable_coaching_needed,majority,1,1,1.0,"manager: Got it. We actually have a detailed size chart for each product. Have you had a chance to look at those?
client: I saw the size chart but I’ve had problems with online size charts before. They don't always match up with the actual fit.
manager: That's a common issue. One thing we offer is a virtual stylist service. Would you be interested in setting up a quick consultation to get the best fit recommendations?
client: That sounds helpful, but I’m also worried about the return policy if things don’t fit. Is it easy to return items?"
0,52,gwenshap_modamart__6_w007_010,modamart__6,7,10,handle_objection,actionable_coaching_needed,majority,1,1,1.0,"manager: That's a common issue. One thing we offer is a virtual stylist service. Would you be interested in setting up a quick consultation to get the best fit recommendations?
client: That sounds helpful, but I’m also worried about the return policy if things don’t fit. Is it easy to return items?
manager: Absolutely. You have a 30-day window to return items for a full refund. We also offer free return shipping for all online purchases.
client: That sounds good. But I'm also hesitant because I’ve had bad experiences with slow shipping."
0,53,gwenshap_modamart__6_w009_012,modamart__6,9,12,fix_next_step,actionable_coaching_needed,majority,1,1,1.0,"manager: Absolutely. You have a 30-day window to return items for a full refund. We also offer free return shipping for all online purchases.
client: That sounds good. But I'm also hesitant because I’ve had bad experiences with slow shipping.
manager: We hear you, Lisa. At ModaMart, we prioritize fast and reliable shipping. Most of our orders arrive within 5 business days. Plus, we offer expedited shipping if you need your items sooner.
client: Alright, that’s reassuring. How do I set up the virtual stylist consultation?"
0,54,gwenshap_modamart__6_w011_014,modamart__6,11,14,no_action,actionable_coaching_needed,majority,0,1,1.0,"manager: We hear you, Lisa. At ModaMart, we prioritize fast and reliable shipping. Most of our orders arrive within 5 business days. Plus, we offer expedited shipping if you need your items sooner.
client: Alright, that’s reassuring. How do I set up the virtual stylist consultation?
manager: You can easily schedule it on our website or I can set it up for you right now. What’s your preferred time and date?
client: I’m free tomorrow afternoon. Maybe around 2 PM?"
0,55,gwenshap_modamart__6_w013_016,modamart__6,13,16,no_action,actionable_coaching_needed,majority,0,1,1.0,"manager: You can easily schedule it on our website or I can set it up for you right now. What’s your preferred time and date?
client: I’m free tomorrow afternoon. Maybe around 2 PM?
manager: Perfect. I’ve scheduled your virtual stylist consultation for tomorrow at 2 PM. You’ll receive a confirmation email shortly. Is there anything else I can assist you with?
client: No, that’s all for now. Thanks, Alex."
0,56,gwenshap_modamart__6_w015_018,modamart__6,15,18,no_action,actionable_coaching_needed,majority,0,1,1.0,"manager: Perfect. I’ve scheduled your virtual stylist consultation for tomorrow at 2 PM. You’ll receive a confirmation email shortly. Is there anything else I can assist you with?
client: No, that’s all for now. Thanks, Alex.
manager: My pleasure, Lisa. Have a great day and we’ll talk to you tomorrow.
client: Thanks, bye!"
0,84,gwenshap_nexiv-solutions__0_w001_004,nexiv-solutions__0,1,4,avoid_early_presentation,actionable_coaching_needed,majority,1,1,1.0,"manager: Good afternoon! My name is Kelly from Nexiv Solutions. How are you today?
client: Hi Kelly, I’m doing well, thanks. How about you?
manager: I'm great, thanks for asking! I wanted to take a few minutes to discuss how Nexiv Solutions might be able to help streamline your tech operations. Do you have some time right now?
client: Sure, I have a few minutes."
0,85,gwenshap_nexiv-solutions__0_w003_006,nexiv-solutions__0,3,6,anchor_value,actionable_coaching_needed,majority,1,1,1.0,"manager: I'm great, thanks for asking! I wanted to take a few minutes to discuss how Nexiv Solutions might be able to help streamline your tech operations. Do you have some time right now?
client: Sure, I have a few minutes.
manager: Fantastic. Can you tell me a bit about your current tech setup and any challenges you’re facing?
client: Well, we are currently using multiple platforms to manage our customer data, and it's becoming increasingly difficult to keep everything synchronized. We often have data discrepancies and it's a real pain point for us."
0,86,gwenshap_nexiv-solutions__0_w005_008,nexiv-solutions__0,5,8,anchor_value,actionable_coaching_needed,majority,1,1,1.0,"manager: Fantastic. Can you tell me a bit about your current tech setup and any challenges you’re facing?
client: Well, we are currently using multiple platforms to manage our customer data, and it's becoming increasingly difficult to keep everything synchronized. We often have data discrepancies and it's a real pain point for us.
manager: I understand. Data inconsistencies can be very frustrating. How much time do you think your team spends dealing with these issues?
client: Honestly, we’re spending several hours each week just trying to reconcile data from different sources. It's not just time-consuming but also affects our productivity."
0,87,gwenshap_nexiv-solutions__0_w007_010,nexiv-solutions__0,7,10,anchor_value,actionable_coaching_needed,majority,1,1,1.0,"manager: I understand. Data inconsistencies can be very frustrating. How much time do you think your team spends dealing with these issues?
client: Honestly, we’re spending several hours each week just trying to reconcile data from different sources. It's not just time-consuming but also affects our productivity.
manager: That sounds really tough. What have you tried so far to address this issue?
client: We've tried using third-party integration tools, but they have their own limitations and often create more problems than they solve."
0,88,gwenshap_nexiv-solutions__0_w009_012,nexiv-solutions__0,9,12,handle_objection,actionable_coaching_needed,majority,1,1,1.0,"manager: That sounds really tough. What have you tried so far to address this issue?
client: We've tried using third-party integration tools, but they have their own limitations and often create more problems than they solve.
manager: I see. It's crucial to have a reliable solution. At Nexiv Solutions, we offer a unified platform that can integrate seamlessly with your existing systems and centralize your customer data to ensure consistency. Would that be something you’re interested in?
client: It sounds promising, but we’re concerned about the implementation process. We can’t afford much downtime."
0,89,gwenshap_nexiv-solutions__0_w011_014,nexiv-solutions__0,11,14,handle_objection,actionable_coaching_needed,majority,1,1,1.0,"manager: I see. It's crucial to have a reliable solution. At Nexiv Solutions, we offer a unified platform that can integrate seamlessly with your existing systems and centralize your customer data to ensure consistency. Would that be something you’re interested in?
client: It sounds promising, but we’re concerned about the implementation process. We can’t afford much downtime.
manager: That’s a valid concern. Our solution is designed to integrate with minimal disruption to your operations. We also provide comprehensive support during the implementation process to ensure a smooth transition. How does that align with your needs?
client: It does sound reassuring, but we’re also on a tight budget. Can you give me an idea of the cost?"
0,90,gwenshap_nexiv-solutions__0_w013_016,nexiv-solutions__0,13,16,fix_next_step,actionable_coaching_needed,majority,1,1,1.0,"manager: That’s a valid concern. Our solution is designed to integrate with minimal disruption to your operations. We also provide comprehensive support during the implementation process to ensure a smooth transition. How does that align with your needs?
client: It does sound reassuring, but we’re also on a tight budget. Can you give me an idea of the cost?
manager: Absolutely. While it varies based on the specific package and the size of your operation, I'd be happy to provide a detailed quote after understanding more about your requirements. We often find that the efficiency gained offsets the initial investment quite quickly.
client: Okay, that makes sense. Can you send over some more information?"
0,91,gwenshap_nexiv-solutions__0_w015_018,nexiv-solutions__0,15,18,no_action,actionable_coaching_needed,majority,0,1,1.0,"manager: Absolutely. While it varies based on the specific package and the size of your operation, I'd be happy to provide a detailed quote after understanding more about your requirements. We often find that the efficiency gained offsets the initial investment quite quickly.
client: Okay, that makes sense. Can you send over some more information?
manager: Of course. I’ll email you a detailed proposal along with case studies that demonstrate how we've helped similar companies. Can we schedule a follow-up call for later this week to discuss any questions you might have?
client: Sure, I am available on Thursday afternoon."
0,92,gwenshap_nexiv-solutions__0_w017_020,nexiv-solutions__0,17,20,no_action,actionable_coaching_needed,majority,0,1,1.0,"manager: Of course. I’ll email you a detailed proposal along with case studies that demonstrate how we've helped similar companies. Can we schedule a follow-up call for later this week to discuss any questions you might have?
client: Sure, I am available on Thursday afternoon.
manager: Perfect! I'll set up a meeting for Thursday at 2 PM. I’ll send a calendar invite shortly. Is there anything else you’d like to discuss today?
client: No, that covers it for now. Thanks, Kelly."
0,93,gwenshap_nexiv-solutions__0_w019_022,nexiv-solutions__0,19,22,no_action,actionable_coaching_needed,majority,0,1,1.0,"manager: Perfect! I'll set up a meeting for Thursday at 2 PM. I’ll send a calendar invite shortly. Is there anything else you’d like to discuss today?
client: No, that covers it for now. Thanks, Kelly.
manager: You're welcome! Looking forward to our call on Thursday. Have a great day.
client: You too, bye."
1,26,gwenshap_modamart__3_w001_004,modamart__3,1,4,handle_objection,actionable_coaching_needed,majority,1,1,1.0,"manager: Good afternoon! Thank you for calling ModaMart. My name is Alex. How can I assist you today?
client: Hi, Alex. I'm looking to revamp my wardrobe and I've heard good things about ModaMart, but I've had some bad experiences with online shopping in the past. I'm not sure if I should give it another try.
manager: I understand your concerns. Online shopping can be tricky sometimes. Could you tell me more about what issues you've faced before?
client: Well, the last few times, the clothes didn't fit right and returning them was such a hassle. Plus, the quality wasn't as good as advertised."
1,27,gwenshap_modamart__3_w003_006,modamart__3,3,6,handle_objection,actionable_coaching_needed,majority,1,1,1.0,"manager: I understand your concerns. Online shopping can be tricky sometimes. Could you tell me more about what issues you've faced before?
client: Well, the last few times, the clothes didn't fit right and returning them was such a hassle. Plus, the quality wasn't as good as advertised.
manager: I'm really sorry to hear that. At ModaMart, we offer a detailed sizing guide to help with the fit, and our return process is designed to be hassle-free. You can return items within 30 days for a full refund. As for quality, all our products go through rigorous quality checks before being shipped.
client: That sounds better, but I'm still skeptical about the fit. How accurate are your sizing charts?"
1,28,gwenshap_modamart__3_w005_008,modamart__3,5,8,handle_objection,actionable_coaching_needed,majority,1,1,1.0,"manager: I'm really sorry to hear that. At ModaMart, we offer a detailed sizing guide to help with the fit, and our return process is designed to be hassle-free. You can return items within 30 days for a full refund. As for quality, all our products go through rigorous quality checks before being shipped.
client: That sounds better, but I'm still skeptical about the fit. How accurate are your sizing charts?
manager: Our sizing charts are updated regularly based on customer feedback and measurements. Additionally, we offer a virtual fitting room feature where you can input your measurements and see how different sizes might fit you.
client: Hmm. That sounds helpful, but it's still a leap of faith for me. I hate dealing with returns."
1,29,gwenshap_modamart__3_w007_010,modamart__3,7,10,handle_objection,actionable_coaching_needed,majority,1,1,1.0,"manager: Our sizing charts are updated regularly based on customer feedback and measurements. Additionally, we offer a virtual fitting room feature where you can input your measurements and see how different sizes might fit you.
client: Hmm. That sounds helpful, but it's still a leap of faith for me. I hate dealing with returns.
manager: I completely understand. To make it even easier, we can provide you with a prepaid return label along with your order, so you don't have to worry about shipping costs if something doesn't fit.
client: That’s a nice touch. I’m also concerned about the pricing. I want good quality but at a reasonable price."
1,30,gwenshap_modamart__3_w009_012,modamart__3,9,12,fix_next_step,actionable_coaching_needed,majority,1,1,1.0,"manager: I completely understand. To make it even easier, we can provide you with a prepaid return label along with your order, so you don't have to worry about shipping costs if something doesn't fit.
client: That’s a nice touch. I’m also concerned about the pricing. I want good quality but at a reasonable price.
manager: We strive to offer quality products at competitive prices. Plus, if you sign up for our ModaMart Rewards program, you’ll receive exclusive discounts and early access to sales. As a new customer, we can offer you a 20% discount on your first purchase.
client: That’s pretty tempting. I might give it a try. What are the next steps?"
1,31,gwenshap_modamart__3_w011_014,modamart__3,11,14,no_action,actionable_coaching_needed,majority,0,1,1.0,"manager: We strive to offer quality products at competitive prices. Plus, if you sign up for our ModaMart Rewards program, you’ll receive exclusive discounts and early access to sales. As a new customer, we can offer you a 20% discount on your first purchase.
client: That’s pretty tempting. I might give it a try. What are the next steps?
manager: Great to hear! You can visit our website and sign up for the ModaMart Rewards program right away. If you need any assistance with sizing or product details, feel free to reach out to our customer service team. They'll be more than happy to help.
client: Alright, I’ll check it out. Thank you for addressing my concerns, Alex."
1,32,gwenshap_modamart__3_w013_016,modamart__3,13,16,no_action,actionable_coaching_needed,majority,0,1,1.0,"manager: Great to hear! You can visit our website and sign up for the ModaMart Rewards program right away. If you need any assistance with sizing or product details, feel free to reach out to our customer service team. They'll be more than happy to help.
client: Alright, I’ll check it out. Thank you for addressing my concerns, Alex.
manager: It’s my pleasure. Thank you for considering ModaMart. Have a great day, and happy shopping!
client: Thanks, you too. Bye."
1,42,gwenshap_modamart__5_w001_004,modamart__5,1,4,no_action,actionable_coaching_needed,majority,0,1,1.0,"manager: Good afternoon! Thanks for calling ModaMart. My name is Jessica. How can I assist you today?
client: Hi Jessica. I'm considering buying some new clothes for the fall season, but I'm a bit overwhelmed by the options. I usually shop in-store, and online shopping's got me confused with sizing and returns.
manager: I completely understand. Finding the right fit online can be tricky. Are there specific items or styles you're looking for?
client: Yes, I'm looking for some casual and business-casual pieces like sweaters, blouses, and maybe a new pair of jeans."
1,43,gwenshap_modamart__5_w003_006,modamart__5,3,6,handle_objection,actionable_coaching_needed,majority,1,1,1.0,"manager: I completely understand. Finding the right fit online can be tricky. Are there specific items or styles you're looking for?
client: Yes, I'm looking for some casual and business-casual pieces like sweaters, blouses, and maybe a new pair of jeans.
manager: Great choice for the fall season! At ModaMart, we have detailed size charts and fit guides that can help you determine the best size. Additionally, our return policy is pretty flexible. If something doesn't fit, you can return or exchange it within 30 days.
client: That sounds helpful. But what about the quality? Sometimes online products don’t match the pictures and descriptions."
1,44,gwenshap_modamart__5_w005_008,modamart__5,5,8,handle_objection,actionable_coaching_needed,majority,1,1,1.0,"manager: Great choice for the fall season! At ModaMart, we have detailed size charts and fit guides that can help you determine the best size. Additionally, our return policy is pretty flexible. If something doesn't fit, you can return or exchange it within 30 days.
client: That sounds helpful. But what about the quality? Sometimes online products don’t match the pictures and descriptions.
manager: That's a common concern. ModaMart ensures high quality for all our products, and we provide customer reviews and ratings for most items. This way, you can see what other customers think before making a purchase. Our customer service team is also available to help with any issues you might have once you receive your order.
client: That’s reassuring. Still, I'm worried about the hassle of returns if I don’t like something. I've had bad experiences with other retailers."
1,45,gwenshap_modamart__5_w007_010,modamart__5,7,10,handle_objection,actionable_coaching_needed,majority,1,1,1.0,"manager: That's a common concern. ModaMart ensures high quality for all our products, and we provide customer reviews and ratings for most items. This way, you can see what other customers think before making a purchase. Our customer service team is also available to help with any issues you might have once you receive your order.
client: That’s reassuring. Still, I'm worried about the hassle of returns if I don’t like something. I've had bad experiences with other retailers.
manager: I hear you. ModaMart aims to make the returns process as smooth as possible. You can initiate a return directly from your online account, and we provide a prepaid shipping label to send items back without any additional cost.
client: Okay, that does sound convenient. How long does the refund process usually take?"
1,46,gwenshap_modamart__5_w009_012,modamart__5,9,12,fix_next_step,actionable_coaching_needed,majority,1,1,1.0,"manager: I hear you. ModaMart aims to make the returns process as smooth as possible. You can initiate a return directly from your online account, and we provide a prepaid shipping label to send items back without any additional cost.
client: Okay, that does sound convenient. How long does the refund process usually take?
manager: Once we receive the returned items, refunds are typically processed within 3 to 5 business days. You'll receive an email confirmation when the refund has been issued.
client: That sounds fair. I think I’ll give it a try. How do I get started?"
1,47,gwenshap_modamart__5_w011_014,modamart__5,11,14,no_action,actionable_coaching_needed,majority,0,1,1.0,"manager: Once we receive the returned items, refunds are typically processed within 3 to 5 business days. You'll receive an email confirmation when the refund has been issued.
client: That sounds fair. I think I’ll give it a try. How do I get started?
manager: Fantastic! You can start by visiting our website and browsing the fall collection. If you have any questions at any point, feel free to contact us via chat, phone, or email. We’re here to help.
client: Thanks, Jessica. You've been very helpful."
1,48,gwenshap_modamart__5_w013_016,modamart__5,13,16,no_action,actionable_coaching_needed,majority,0,1,1.0,"manager: Fantastic! You can start by visiting our website and browsing the fall collection. If you have any questions at any point, feel free to contact us via chat, phone, or email. We’re here to help.
client: Thanks, Jessica. You've been very helpful.
manager: It’s my pleasure! Have a great day shopping with ModaMart, and enjoy your new fall wardrobe!
client: Thanks again. Bye!"
1,65,gwenshap_modamart__8_w001_004,modamart__8,1,4,anchor_value,actionable_coaching_needed,majority,1,1,1.0,"manager: Thank you for calling ModaMart! This is Sarah, how can I assist you today?
client: Hi, I'm looking for some information on your latest winter collection. I'm particularly interested in jackets.
manager: Absolutely! Our new winter collection just launched, and we have some great jackets in various styles. Are you looking for something more casual or formal?
client: I'm going to need something versatile. You know, something I can wear to work but also on weekends. And it has to be warm because the last jacket I bought from another store wasn’t warm enough."
1,66,gwenshap_modamart__8_w003_006,modamart__8,3,6,handle_objection,actionable_coaching_needed,majority,1,1,1.0,"manager: Absolutely! Our new winter collection just launched, and we have some great jackets in various styles. Are you looking for something more casual or formal?
client: I'm going to need something versatile. You know, something I can wear to work but also on weekends. And it has to be warm because the last jacket I bought from another store wasn’t warm enough.
manager: I understand. Staying warm in winter is crucial. All our winter jackets are insulated, but for a versatile option, I recommend our ""Everest"" jacket. It's designed to be both work-appropriate and casual.
client: That sounds good, but I'm also concerned about the fit. I'm tall and often find it hard to get a good fit off the rack."
1,67,gwenshap_modamart__8_w005_008,modamart__8,5,8,no_action,actionable_coaching_needed,majority,0,1,1.0,"manager: I understand. Staying warm in winter is crucial. All our winter jackets are insulated, but for a versatile option, I recommend our ""Everest"" jacket. It's designed to be both work-appropriate and casual.
client: That sounds good, but I'm also concerned about the fit. I'm tall and often find it hard to get a good fit off the rack.
manager: I hear you. Fit can be a tricky issue. The ""Everest"" jacket comes in a variety of sizes, including tall options. If you like, I can check the availability in your size and possibly suggest some alternatives.
client: Sure, that would be helpful."
1,68,gwenshap_modamart__8_w007_010,modamart__8,7,10,no_action,actionable_coaching_needed,majority,0,1,1.0,"manager: I hear you. Fit can be a tricky issue. The ""Everest"" jacket comes in a variety of sizes, including tall options. If you like, I can check the availability in your size and possibly suggest some alternatives.
client: Sure, that would be helpful.
manager: Great, can you tell me your size? That will help me narrow it down.
client: I usually wear a large, but like I said, I need it in tall sizes."
1,69,gwenshap_modamart__8_w009_012,modamart__8,9,12,handle_objection,actionable_coaching_needed,majority,1,1,1.0,"manager: Great, can you tell me your size? That will help me narrow it down.
client: I usually wear a large, but like I said, I need it in tall sizes.
manager: Understood. Let me check our inventory... Yes, we have the ""Everest"" in large tall. We also have a similar style called ""Alpine"" which is a bit more fitted but equally warm and versatile.
client: Okay, that sounds good. But what if it doesn't fit right? Can I return it easily?"
1,70,gwenshap_modamart__8_w011_014,modamart__8,11,14,fix_next_step,actionable_coaching_needed,majority,1,1,1.0,"manager: Understood. Let me check our inventory... Yes, we have the ""Everest"" in large tall. We also have a similar style called ""Alpine"" which is a bit more fitted but equally warm and versatile.
client: Okay, that sounds good. But what if it doesn't fit right? Can I return it easily?
manager: Definitely, we have a hassle-free return policy. You can return or exchange any item within 30 days of purchase, no questions asked.
client: Alright. I think I'll go with the ""Everest"" jacket. Can you help me place the order?"
1,71,gwenshap_modamart__8_w013_016,modamart__8,13,16,no_action,actionable_coaching_needed,majority,0,1,1.0,"manager: Definitely, we have a hassle-free return policy. You can return or exchange any item within 30 days of purchase, no questions asked.
client: Alright. I think I'll go with the ""Everest"" jacket. Can you help me place the order?
manager: Of course! I’ll need a few details to complete the order. How would you like to make the payment?
client: I’ll use my credit card."
1,72,gwenshap_modamart__8_w015_018,modamart__8,15,18,no_action,actionable_coaching_needed,majority,0,1,1.0,"manager: Of course! I’ll need a few details to complete the order. How would you like to make the payment?
client: I’ll use my credit card.
manager: Perfect. I'll just need your shipping address and payment details to complete your order. Would you like an email confirmation?
client: Yes, please. How long will the shipping take?"
1,73,gwenshap_modamart__8_w017_020,modamart__8,17,20,no_action,actionable_coaching_needed,majority,0,1,1.0,"manager: Perfect. I'll just need your shipping address and payment details to complete your order. Would you like an email confirmation?
client: Yes, please. How long will the shipping take?
manager: Standard shipping typically takes 3-5 business days. You’ll receive tracking information via email once the order has been shipped.
client: Great, I appreciate the help!"
1,74,gwenshap_modamart__8_w019_022,modamart__8,19,22,no_action,actionable_coaching_needed,majority,0,1,1.0,"manager: Standard shipping typically takes 3-5 business days. You’ll receive tracking information via email once the order has been shipped.
client: Great, I appreciate the help!
manager: My pleasure! Your order will be processed shortly. If you have any other questions or need further assistance, don't hesitate to reach out.
client: Will do. Thanks again!"
2,17,gwenshap_modamart__2_w001_004,modamart__2,1,4,handle_objection,actionable_coaching_needed,majority,1,1,1.0,"manager: Hi there, this is Jake from ModaMart. How are you today?
client: Hi Jake, I'm doing okay. Just busy with work. What can I help you with?
manager: I completely understand! I'll keep it brief. I wanted to touch base about your recent online browsing and see if you had any questions or needed assistance with anything.
client: Well, I have been looking at some of your new fall collection, but I'm honestly not sure about a few things."
2,18,gwenshap_modamart__2_w003_006,modamart__2,3,6,handle_objection,actionable_coaching_needed,majority,1,1,1.0,"manager: I completely understand! I'll keep it brief. I wanted to touch base about your recent online browsing and see if you had any questions or needed assistance with anything.
client: Well, I have been looking at some of your new fall collection, but I'm honestly not sure about a few things.
manager: That's great to hear you've been checking out our new collection! What specifically has you unsure?
client: The main thing is sizing. I've found that with some brands, the sizes are all over the place. I'm worried about ordering something that doesn't fit right."
2,19,gwenshap_modamart__2_w005_008,modamart__2,5,8,handle_objection,actionable_coaching_needed,majority,1,1,1.0,"manager: That's great to hear you've been checking out our new collection! What specifically has you unsure?
client: The main thing is sizing. I've found that with some brands, the sizes are all over the place. I'm worried about ordering something that doesn't fit right.
manager: Got it. Sizing can definitely be tricky. At ModaMart, we actually provide detailed sizing charts for each brand. Have you had a chance to look at those?
client: I saw them, but I'm still skeptical. Returning items is just such a hassle."
2,20,gwenshap_modamart__2_w007_010,modamart__2,7,10,handle_objection,actionable_coaching_needed,majority,1,1,1.0,"manager: Got it. Sizing can definitely be tricky. At ModaMart, we actually provide detailed sizing charts for each brand. Have you had a chance to look at those?
client: I saw them, but I'm still skeptical. Returning items is just such a hassle.
manager: I hear you. To make the process easier, we offer free returns and exchanges within 30 days. We can even schedule a pickup for the return. Does that address your concern?
client: That does help, but I'm also a bit concerned about the quality. I've had bad experiences with online shopping before."
2,21,gwenshap_modamart__2_w009_012,modamart__2,9,12,no_action,actionable_coaching_needed,majority,0,1,1.0,"manager: I hear you. To make the process easier, we offer free returns and exchanges within 30 days. We can even schedule a pickup for the return. Does that address your concern?
client: That does help, but I'm also a bit concerned about the quality. I've had bad experiences with online shopping before.
manager: I understand your concerns. At ModaMart, we pride ourselves on offering high-quality products, but we also have customer reviews for most items. Reading them might give you a better sense of the quality. Have you checked those out?
client: No, I haven't really looked at the reviews yet."
2,22,gwenshap_modamart__2_w011_014,modamart__2,11,14,handle_objection,actionable_coaching_needed,majority,1,1,1.0,"manager: I understand your concerns. At ModaMart, we pride ourselves on offering high-quality products, but we also have customer reviews for most items. Reading them might give you a better sense of the quality. Have you checked those out?
client: No, I haven't really looked at the reviews yet.
manager: I highly recommend it. They can be very informative. Plus, if you find that you're still not satisfied with the product, our customer service team is here to ensure you have a positive experience.
client: Alright, I'll take a look at the reviews. One more thing—do you have any promotions or discounts going on right now?"
2,23,gwenshap_modamart__2_w013_016,modamart__2,13,16,no_action,actionable_coaching_needed,majority,0,1,1.0,"manager: I highly recommend it. They can be very informative. Plus, if you find that you're still not satisfied with the product, our customer service team is here to ensure you have a positive experience.
client: Alright, I'll take a look at the reviews. One more thing—do you have any promotions or discounts going on right now?
manager: I'm glad you asked! We currently have a 15% off promotion for first-time online customers. I can send you a discount code if you're interested.
client: That sounds good. Yeah, please send me the code."
2,24,gwenshap_modamart__2_w015_018,modamart__2,15,18,no_action,actionable_coaching_needed,majority,0,1,1.0,"manager: I'm glad you asked! We currently have a 15% off promotion for first-time online customers. I can send you a discount code if you're interested.
client: That sounds good. Yeah, please send me the code.
manager: Will do! I'll email the discount code to you right after this call. Is there anything else I can assist you with today?
client: No, I think that covers my questions for now. Thanks for your help."
2,25,gwenshap_modamart__2_w017_020,modamart__2,17,20,no_action,actionable_coaching_needed,majority,0,1,1.0,"manager: Will do! I'll email the discount code to you right after this call. Is there anything else I can assist you with today?
client: No, I think that covers my questions for now. Thanks for your help.
manager: You're welcome! Don't hesitate to reach out if you have any more questions, and enjoy shopping at ModaMart. Have a great day!
client: Thanks, Jake. You too."
2,75,gwenshap_modamart__9_w001_004,modamart__9,1,4,no_action,actionable_coaching_needed,majority,0,1,1.0,"manager: Hi, thank you for calling ModaMart. This is Jamie, how can I assist you today?
client: Hi Jamie, I’ve been having some issues with an order I recently placed.
manager: I’m sorry to hear that. Could you provide me with your order number so I can look into it?
client: Sure, it’s 56789."
2,76,gwenshap_modamart__9_w003_006,modamart__9,3,6,no_action,actionable_coaching_needed,majority,0,1,1.0,"manager: I’m sorry to hear that. Could you provide me with your order number so I can look into it?
client: Sure, it’s 56789.
manager: Alright, let me pull that up. While I'm doing that, can you tell me exactly what's been going wrong?
client: The main thing is that the dress I received is a different color than what was shown online. Also, it doesn’t fit as expected."
2,77,gwenshap_modamart__9_w005_008,modamart__9,5,8,no_action,actionable_coaching_needed,majority,0,1,1.0,"manager: Alright, let me pull that up. While I'm doing that, can you tell me exactly what's been going wrong?
client: The main thing is that the dress I received is a different color than what was shown online. Also, it doesn’t fit as expected.
manager: I see. I apologize for that inconvenience. Let me first address the color issue. Can you describe the discrepancy between the color you saw online and the one you received?
client: The dress was supposed to be a light blue, but what I got is more of a teal."
2,78,gwenshap_modamart__9_w007_010,modamart__9,7,10,handle_objection,actionable_coaching_needed,majority,1,1,1.0,"manager: I see. I apologize for that inconvenience. Let me first address the color issue. Can you describe the discrepancy between the color you saw online and the one you received?
client: The dress was supposed to be a light blue, but what I got is more of a teal.
manager: Thank you for pointing that out. Sometimes colors can appear differently due to screen settings. We can certainly look into that for you. Regarding the fit, did you use our sizing guide when you placed the order?
client: Yes, I did, but it’s still too tight around the waist."
2,79,gwenshap_modamart__9_w009_012,modamart__9,9,12,handle_objection,actionable_coaching_needed,majority,1,1,1.0,"manager: Thank you for pointing that out. Sometimes colors can appear differently due to screen settings. We can certainly look into that for you. Regarding the fit, did you use our sizing guide when you placed the order?
client: Yes, I did, but it’s still too tight around the waist.
manager: I'm really sorry to hear that. We do our best to create accurate sizing guides, but it sounds like this one didn't match up for you. We can process an exchange for a different size or even a return if you prefer.
client: I think I’d rather return it. But what about the return shipping, do I have to pay for that?"
2,80,gwenshap_modamart__9_w011_014,modamart__9,11,14,fix_next_step,actionable_coaching_needed,majority,1,1,1.0,"manager: I'm really sorry to hear that. We do our best to create accurate sizing guides, but it sounds like this one didn't match up for you. We can process an exchange for a different size or even a return if you prefer.
client: I think I’d rather return it. But what about the return shipping, do I have to pay for that?
manager: For cases where the item is not as described or doesn't fit as expected despite following our sizing guide, we cover the return shipping costs. I'll email you a prepaid return label and instructions on how to send it back.
client: Okay, that sounds good. What’s the next step after I send it back?"
2,81,gwenshap_modamart__9_w013_016,modamart__9,13,16,handle_objection,actionable_coaching_needed,majority,1,1,1.0,"manager: For cases where the item is not as described or doesn't fit as expected despite following our sizing guide, we cover the return shipping costs. I'll email you a prepaid return label and instructions on how to send it back.
client: Okay, that sounds good. What’s the next step after I send it back?
manager: Once we receive the returned dress, we’ll process your refund within 3-5 business days and send you a confirmation email. Is there anything else I can help you with today?
client: Actually, I was looking at another dress on your website. Can you tell me about your exchange policy?"
2,82,gwenshap_modamart__9_w015_018,modamart__9,15,18,no_action,actionable_coaching_needed,majority,0,1,1.0,"manager: Once we receive the returned dress, we’ll process your refund within 3-5 business days and send you a confirmation email. Is there anything else I can help you with today?
client: Actually, I was looking at another dress on your website. Can you tell me about your exchange policy?
manager: Certainly! If you decide on another dress and it ends up not being right, you have a 30-day window to return or exchange it. Just keep the tags on and bring the original receipt.
client: Alright, that covers everything. Thanks for your help."
2,83,gwenshap_modamart__9_w017_020,modamart__9,17,20,no_action,actionable_coaching_needed,majority,0,1,1.0,"manager: Certainly! If you decide on another dress and it ends up not being right, you have a 30-day window to return or exchange it. Just keep the tags on and bring the original receipt.
client: Alright, that covers everything. Thanks for your help.
manager: You’re welcome! I'll send that return label shortly. Have a great day, and feel free to contact us if you have any more questions.
client: Will do, thanks."
3,0,gwenshap_modamart__0_w001_004,modamart__0,1,4,handle_objection,actionable_coaching_needed,majority,1,1,1.0,"manager: Hi there! Thank you for taking the time to speak with me today. My name is Jamie, and I’m a sales representative from ModaMart. How are you today?
client: Hi Jamie. I'm doing well, thanks. How about you?
manager: I’m great, thank you! So, I understand you’ve been browsing our online store. Is there anything specific you’re looking for today?
client: Well, I've been looking at some winter jackets, but I'm not sure about the quality and if they're worth the price."
3,1,gwenshap_modamart__0_w003_006,modamart__0,3,6,no_action,actionable_coaching_needed,majority,0,1,1.0,"manager: I’m great, thank you! So, I understand you’ve been browsing our online store. Is there anything specific you’re looking for today?
client: Well, I've been looking at some winter jackets, but I'm not sure about the quality and if they're worth the price.
manager: I completely understand your concerns. Our winter jackets are made from high-quality materials designed to keep you warm even in the harshest conditions. May I ask what specifically you’re looking for in a jacket?
client: I mostly need something that’s really warm but also lightweight. I don’t want to feel like I'm carrying a heavy blanket around."
3,2,gwenshap_modamart__0_w005_008,modamart__0,5,8,handle_objection,actionable_coaching_needed,majority,1,1,1.0,"manager: I completely understand your concerns. Our winter jackets are made from high-quality materials designed to keep you warm even in the harshest conditions. May I ask what specifically you’re looking for in a jacket?
client: I mostly need something that’s really warm but also lightweight. I don’t want to feel like I'm carrying a heavy blanket around.
manager: That makes total sense. Nobody likes to feel weighed down. We have a range of jackets filled with high-loft down, which is incredibly warm yet very lightweight. Have you had a chance to read any reviews or check out our customer ratings?
client: I did see some reviews, but I’m always a bit skeptical. Sometimes reviews can be misleading."
3,3,gwenshap_modamart__0_w007_010,modamart__0,7,10,handle_objection,actionable_coaching_needed,majority,1,1,1.0,"manager: That makes total sense. Nobody likes to feel weighed down. We have a range of jackets filled with high-loft down, which is incredibly warm yet very lightweight. Have you had a chance to read any reviews or check out our customer ratings?
client: I did see some reviews, but I’m always a bit skeptical. Sometimes reviews can be misleading.
manager: That’s a valid point. If you’re interested, I can send you a few detailed testimonials from customers who specifically mentioned how lightweight and warm our jackets are. Would that help?
client: Yeah, that would be helpful. But I'm also concerned about sizing. I’ve had issues with ordering clothes online that don’t fit well."
3,4,gwenshap_modamart__0_w009_012,modamart__0,9,12,no_action,actionable_coaching_needed,majority,0,1,1.0,"manager: That’s a valid point. If you’re interested, I can send you a few detailed testimonials from customers who specifically mentioned how lightweight and warm our jackets are. Would that help?
client: Yeah, that would be helpful. But I'm also concerned about sizing. I’ve had issues with ordering clothes online that don’t fit well.
manager: I hear you. Getting the right fit is crucial. We offer detailed sizing charts on our website, and we also have a very flexible return and exchange policy. If the size isn’t quite right, you can easily exchange it. Plus, I can guide you through finding the right size now. What size do you usually wear?
client: I normally wear a medium, but sometimes I need a large depending on the brand."
3,5,gwenshap_modamart__0_w011_014,modamart__0,11,14,fix_next_step,actionable_coaching_needed,majority,1,1,1.0,"manager: I hear you. Getting the right fit is crucial. We offer detailed sizing charts on our website, and we also have a very flexible return and exchange policy. If the size isn’t quite right, you can easily exchange it. Plus, I can guide you through finding the right size now. What size do you usually wear?
client: I normally wear a medium, but sometimes I need a large depending on the brand.
manager: Understood. Our sizing tends to be true to fit, but I’d recommend measuring yourself using our online guide to ensure accuracy. I can also offer you a 10% discount on your first purchase, which might make taking the plunge a bit easier. How does that sound?
client: That sounds pretty good. I definitely feel more comfortable with the return policy and the discount."
3,6,gwenshap_modamart__0_w013_016,modamart__0,13,16,no_action,actionable_coaching_needed,majority,0,1,1.0,"manager: Understood. Our sizing tends to be true to fit, but I’d recommend measuring yourself using our online guide to ensure accuracy. I can also offer you a 10% discount on your first purchase, which might make taking the plunge a bit easier. How does that sound?
client: That sounds pretty good. I definitely feel more comfortable with the return policy and the discount.
manager: I’m glad to hear that. I’ll send you the testimonials and the sizing guide right after our call. Is there anything else you’d like to know about our winter jackets?
client: No, I think that covers it."
3,7,gwenshap_modamart__0_w015_018,modamart__0,15,18,no_action,actionable_coaching_needed,majority,0,1,1.0,"manager: I’m glad to hear that. I’ll send you the testimonials and the sizing guide right after our call. Is there anything else you’d like to know about our winter jackets?
client: No, I think that covers it.
manager: Fantastic. I’ll email you the information, and if you have any more questions or need further assistance, feel free to reach out. We’re here to help. Thank you for your time and have a great day!
client: Thank you, Jamie. I appreciate your help. Take care!"
3,33,gwenshap_modamart__4_w001_004,modamart__4,1,4,handle_objection,actionable_coaching_needed,majority,1,1,1.0,"manager: Good afternoon, thank you for calling ModaMart. My name is Sarah, how can I assist you today?
client: Hi Sarah, I'm considering making a big purchase, but I have some concerns. Can you help me with that?
manager: Of course! What products are you looking at, and what concerns do you have?
client: I'm looking at the winter jackets, specifically the Model X. It seems a bit pricey, and I'm not sure if it's worth the investment."
3,34,gwenshap_modamart__4_w003_006,modamart__4,3,6,handle_objection,actionable_coaching_needed,majority,1,1,1.0,"manager: Of course! What products are you looking at, and what concerns do you have?
client: I'm looking at the winter jackets, specifically the Model X. It seems a bit pricey, and I'm not sure if it's worth the investment.
manager: I understand your concern. The Model X jacket is one of our premium products made with high-quality insulation and weather-resistant materials. It’s designed to keep you warm and dry in extreme conditions. Are you planning on using it for everyday wear, or just for specific activities?
client: Mostly for commuting to work, but I also do some hiking on the weekends. My main issue is that I bought a different jacket last winter, and it didn't hold up well at all."
3,35,gwenshap_modamart__4_w005_008,modamart__4,5,8,handle_objection,actionable_coaching_needed,majority,1,1,1.0,"manager: I understand your concern. The Model X jacket is one of our premium products made with high-quality insulation and weather-resistant materials. It’s designed to keep you warm and dry in extreme conditions. Are you planning on using it for everyday wear, or just for specific activities?
client: Mostly for commuting to work, but I also do some hiking on the weekends. My main issue is that I bought a different jacket last winter, and it didn't hold up well at all.
manager: I'm sorry to hear that. Do you remember what brand or model it was? Maybe I can understand better what went wrong last time.
client: It was another brand's mid-tier model. It started to lose its warmth after a couple of months and the zipper broke."
3,36,gwenshap_modamart__4_w007_010,modamart__4,7,10,handle_objection,actionable_coaching_needed,majority,1,1,1.0,"manager: I'm sorry to hear that. Do you remember what brand or model it was? Maybe I can understand better what went wrong last time.
client: It was another brand's mid-tier model. It started to lose its warmth after a couple of months and the zipper broke.
manager: That’s definitely frustrating. The Model X jacket has a reinforced zipper and double-stitched seams for durability. Plus, it comes with a one-year warranty that covers any manufacturing defects, so you won’t have to worry about those issues again.
client: That sounds reassuring, but it's still quite a lot of money. Do you offer any payment plans?"
3,37,gwenshap_modamart__4_w009_012,modamart__4,9,12,handle_objection,actionable_coaching_needed,majority,1,1,1.0,"manager: That’s definitely frustrating. The Model X jacket has a reinforced zipper and double-stitched seams for durability. Plus, it comes with a one-year warranty that covers any manufacturing defects, so you won’t have to worry about those issues again.
client: That sounds reassuring, but it's still quite a lot of money. Do you offer any payment plans?
manager: Yes, we do offer financing options. You can break down the cost into manageable monthly payments at 0% interest if paid within 6 months. We also have a 30-day return policy if you’re not completely satisfied with your purchase.
client: That definitely helps. Another thing, how do I know if it will fit well? I have a hard time finding jackets that fit just right."
3,38,gwenshap_modamart__4_w011_014,modamart__4,11,14,no_action,actionable_coaching_needed,majority,0,1,1.0,"manager: Yes, we do offer financing options. You can break down the cost into manageable monthly payments at 0% interest if paid within 6 months. We also have a 30-day return policy if you’re not completely satisfied with your purchase.
client: That definitely helps. Another thing, how do I know if it will fit well? I have a hard time finding jackets that fit just right.
manager: We offer a comprehensive size guide on our website, but I can also help you over the phone. Could you provide me with your measurements? Additionally, if the size you choose doesn’t fit, you can exchange it free of charge.
client: Great. I’m about 5'8"" and around 160 pounds."
3,39,gwenshap_modamart__4_w013_016,modamart__4,13,16,fix_next_step,actionable_coaching_needed,majority,1,1,1.0,"manager: We offer a comprehensive size guide on our website, but I can also help you over the phone. Could you provide me with your measurements? Additionally, if the size you choose doesn’t fit, you can exchange it free of charge.
client: Great. I’m about 5'8"" and around 160 pounds.
manager: Based on that, I would recommend a size Medium. However, it might be a good idea to check our size guide online for more detailed measurements.
client: Okay, I'll check the size guide and think it over. Can I call back if I decide to make the purchase?"
3,40,gwenshap_modamart__4_w015_018,modamart__4,15,18,fix_next_step,actionable_coaching_needed,majority,1,1,1.0,"manager: Based on that, I would recommend a size Medium. However, it might be a good idea to check our size guide online for more detailed measurements.
client: Okay, I'll check the size guide and think it over. Can I call back if I decide to make the purchase?
manager: Absolutely, you can call us anytime, or you can order directly through our website at your convenience. Is there anything else I can assist you with right now?
client: No, I think that's it for now. Thanks for all the information, Sarah. You've been very helpful."
3,41,gwenshap_modamart__4_w017_020,modamart__4,17,20,no_action,actionable_coaching_needed,majority,0,1,1.0,"manager: Absolutely, you can call us anytime, or you can order directly through our website at your convenience. Is there anything else I can assist you with right now?
client: No, I think that's it for now. Thanks for all the information, Sarah. You've been very helpful.
manager: My pleasure! Feel free to reach out if you have any more questions. Have a great day!
client: You too, thanks!"
3,94,gwenshap_nexiv-solutions__1_w001_004,nexiv-solutions__1,1,4,avoid_early_presentation,actionable_coaching_needed,majority,1,1,1.0,"manager: Hi, this is Alex from Nexiv Solutions. Am I speaking with Jamie?
client: Yes, this is Jamie. How can I help you?
manager: Great to speak with you, Jamie. I wanted to introduce you to some of the solutions Nexiv offers. We're helping companies like yours streamline their operations with our integrated software suite. Could I ask, what are some of the challenges you're facing with your current tech setup?
client: Honestly, we're struggling with data consolidation. We have different systems for inventory, sales, and customer management, and it's a hassle to get a clear view of everything."
3,95,gwenshap_nexiv-solutions__1_w003_006,nexiv-solutions__1,3,6,anchor_value,actionable_coaching_needed,majority,1,1,1.0,"manager: Great to speak with you, Jamie. I wanted to introduce you to some of the solutions Nexiv offers. We're helping companies like yours streamline their operations with our integrated software suite. Could I ask, what are some of the challenges you're facing with your current tech setup?
client: Honestly, we're struggling with data consolidation. We have different systems for inventory, sales, and customer management, and it's a hassle to get a clear view of everything.
manager: I hear that a lot. Data fragmentation can be a real headache. How much time would you say your team spends on manual data reconciliation each week?
client: Probably around ten hours or more. It's really inefficient."
3,96,gwenshap_nexiv-solutions__1_w005_008,nexiv-solutions__1,5,8,handle_objection,actionable_coaching_needed,majority,1,1,1.0,"manager: I hear that a lot. Data fragmentation can be a real headache. How much time would you say your team spends on manual data reconciliation each week?
client: Probably around ten hours or more. It's really inefficient.
manager: That sounds frustrating. Our platform offers a unified dashboard that brings all your data into one place, reducing the need for manual efforts. Could that help reduce those ten hours for your team?
client: It sounds promising, but we’ve tried new systems before, and the transition is always difficult. We're worried about the downtime and the learning curve."
3,97,gwenshap_nexiv-solutions__1_w007_010,nexiv-solutions__1,7,10,handle_objection,actionable_coaching_needed,majority,1,1,1.0,"manager: That sounds frustrating. Our platform offers a unified dashboard that brings all your data into one place, reducing the need for manual efforts. Could that help reduce those ten hours for your team?
client: It sounds promising, but we’ve tried new systems before, and the transition is always difficult. We're worried about the downtime and the learning curve.
manager: I understand your concern. Rolling out new software can be challenging. At Nexiv, we provide dedicated onboarding and training support to ensure a smooth transition. Plus, our customer success team is always on hand to assist with any issues. Would that help alleviate some of your concerns?
client: It might, but we're also cautious about the cost. Budget is a big factor for us right now."
3,98,gwenshap_nexiv-solutions__1_w009_012,nexiv-solutions__1,9,12,fix_next_step,actionable_coaching_needed,majority,1,1,1.0,"manager: I understand your concern. Rolling out new software can be challenging. At Nexiv, we provide dedicated onboarding and training support to ensure a smooth transition. Plus, our customer success team is always on hand to assist with any issues. Would that help alleviate some of your concerns?
client: It might, but we're also cautious about the cost. Budget is a big factor for us right now.
manager: Absolutely, cost is a key consideration. Our solutions are scalable, and we can tailor a package that fits both your needs and your budget. More often than not, our customers find that the efficiencies they gain actually save them money in the long run. How does that sound?
client: It's worth exploring. What would be the next steps if we were interested in finding out more?"
3,99,gwenshap_nexiv-solutions__1_w011_014,nexiv-solutions__1,11,14,no_action,actionable_coaching_needed,majority,0,1,1.0,"manager: Absolutely, cost is a key consideration. Our solutions are scalable, and we can tailor a package that fits both your needs and your budget. More often than not, our customers find that the efficiencies they gain actually save them money in the long run. How does that sound?
client: It's worth exploring. What would be the next steps if we were interested in finding out more?
manager: Great to hear! We can set up a demo tailored to your specific processes and pain points. From there, we would scope out a custom plan and provide a detailed quote. Could we schedule a time for the demo this week?
client: Sure, I have some availability on Thursday afternoon."
4,8,gwenshap_modamart__1_w001_004,modamart__1,1,4,handle_objection,actionable_coaching_needed,majority,1,1,1.0,"manager: ** Good morning, this is Sarah from ModaMart. How can I assist you today?
client: ** Hi, this is John. I’ve been looking at some jackets on your website, but I’m not sure which one to choose. They all look pretty similar.
manager: ** Hi John! Thanks for reaching out. I’d be happy to help you find the perfect jacket. Are you looking for something specific, like a certain material or style?
client: ** Well, I’m mainly looking for something warm and stylish for the winter. I noticed some of the jackets say they're insulated, but I’m not sure how warm they really are."
4,9,gwenshap_modamart__1_w003_006,modamart__1,3,6,handle_objection,actionable_coaching_needed,majority,1,1,1.0,"manager: ** Hi John! Thanks for reaching out. I’d be happy to help you find the perfect jacket. Are you looking for something specific, like a certain material or style?
client: ** Well, I’m mainly looking for something warm and stylish for the winter. I noticed some of the jackets say they're insulated, but I’m not sure how warm they really are.
manager: ** I understand. Our insulated jackets are designed to keep you warm even in very cold temperatures. We use high-quality down and synthetic materials. Do you have any preferences between down or synthetic insulation?
client: ** I’ve heard down is warmer, but I’m worried about how it holds up in wet weather."
4,10,gwenshap_modamart__1_w005_008,modamart__1,5,8,handle_objection,actionable_coaching_needed,majority,1,1,1.0,"manager: ** I understand. Our insulated jackets are designed to keep you warm even in very cold temperatures. We use high-quality down and synthetic materials. Do you have any preferences between down or synthetic insulation?
client: ** I’ve heard down is warmer, but I’m worried about how it holds up in wet weather.
manager: ** That’s a great point. Down is incredibly warm, but it can lose its insulating properties when wet. Synthetic insulation, on the other hand, retains warmth even when damp. If you’re expecting to face wet conditions, I’d recommend going with a synthetic option.
client: ** Got it. Also, some of the reviews mention sizing issues. I don’t want to go through the hassle of returning something that doesn’t fit."
4,11,gwenshap_modamart__1_w007_010,modamart__1,7,10,no_action,actionable_coaching_needed,majority,0,1,1.0,"manager: ** That’s a great point. Down is incredibly warm, but it can lose its insulating properties when wet. Synthetic insulation, on the other hand, retains warmth even when damp. If you’re expecting to face wet conditions, I’d recommend going with a synthetic option.
client: ** Got it. Also, some of the reviews mention sizing issues. I don’t want to go through the hassle of returning something that doesn’t fit.
manager: ** Understandable. Our jackets tend to run true to size, but I can give you more precise advice if you can tell me your typical jacket size and any specific measurements.
client: ** I'm usually a medium, but sometimes jackets feel tight around my shoulders."
4,12,gwenshap_modamart__1_w009_012,modamart__1,9,12,handle_objection,actionable_coaching_needed,majority,1,1,1.0,"manager: ** Understandable. Our jackets tend to run true to size, but I can give you more precise advice if you can tell me your typical jacket size and any specific measurements.
client: ** I'm usually a medium, but sometimes jackets feel tight around my shoulders.
manager: ** Thanks for that info. If you’re concerned about the fit around the shoulders, I’d suggest going for a medium with a relaxed fit, or possibly sizing up to a large, especially with brands like NordicEdge that we carry. They offer more room in the shoulder area without making the jacket look oversized.
client: ** That sounds like a good idea. I'll also need the jacket relatively soon. How long does shipping usually take?"
4,13,gwenshap_modamart__1_w011_014,modamart__1,11,14,no_action,actionable_coaching_needed,majority,0,1,1.0,"manager: ** Thanks for that info. If you’re concerned about the fit around the shoulders, I’d suggest going for a medium with a relaxed fit, or possibly sizing up to a large, especially with brands like NordicEdge that we carry. They offer more room in the shoulder area without making the jacket look oversized.
client: ** That sounds like a good idea. I'll also need the jacket relatively soon. How long does shipping usually take?
manager: ** Our standard shipping typically takes 3-5 business days, and we offer expedited options if you need it sooner. Are you looking to receive it by a particular date?
client: ** I'd like to have it within the next week if possible."
4,14,gwenshap_modamart__1_w013_016,modamart__1,13,16,fix_next_step,actionable_coaching_needed,majority,1,1,1.0,"manager: ** Our standard shipping typically takes 3-5 business days, and we offer expedited options if you need it sooner. Are you looking to receive it by a particular date?
client: ** I'd like to have it within the next week if possible.
manager: ** In that case, I’d recommend our express shipping option. Let’s finalize your choice of jacket first. Are you leaning towards a specific model?
client: ** I think I’ll go with the NordicEdge Synthetic Insulated Jacket in large, like you mentioned."
4,15,gwenshap_modamart__1_w015_018,modamart__1,15,18,no_action,actionable_coaching_needed,majority,0,1,1.0,"manager: ** In that case, I’d recommend our express shipping option. Let’s finalize your choice of jacket first. Are you leaning towards a specific model?
client: ** I think I’ll go with the NordicEdge Synthetic Insulated Jacket in large, like you mentioned.
manager: ** Great choice! I’ll get that set up for you with express shipping. You should receive it within 2-3 business days. Can I assist you with anything else today?
client: ** No, that's all for now. Thanks for your help!"
4,16,gwenshap_modamart__1_w017_020,modamart__1,17,20,no_action,actionable_coaching_needed,majority,0,1,1.0,"manager: ** Great choice! I’ll get that set up for you with express shipping. You should receive it within 2-3 business days. Can I assist you with anything else today?
client: ** No, that's all for now. Thanks for your help!
manager: ** You're welcome, John! If you have any other questions, feel free to contact us. Have a great day!
client: ** Thanks, you too."
4,57,gwenshap_modamart__7_w001_004,modamart__7,1,4,anchor_value,actionable_coaching_needed,majority,1,1,1.0,"manager: Good afternoon, this is Alex from ModaMart. How can I help you today?
client: Hi, Alex. I'm looking to update my wardrobe for the upcoming season, but I'm having trouble finding items that fit well and are in my budget.
manager: I understand. Finding the perfect fit and staying within budget can be challenging. Could you tell me a bit more about what you're specifically looking for?
client: Sure. I'm looking for casual clothes like jeans and tops, but I also want a couple of more formal outfits for work. My budget is around $300."
4,58,gwenshap_modamart__7_w003_006,modamart__7,3,6,no_action,actionable_coaching_needed,majority,0,1,1.0,"manager: I understand. Finding the perfect fit and staying within budget can be challenging. Could you tell me a bit more about what you're specifically looking for?
client: Sure. I'm looking for casual clothes like jeans and tops, but I also want a couple of more formal outfits for work. My budget is around $300.
manager: Great, thanks for sharing that. At ModaMart, we specialize in high-quality, affordable fashion. What sizes are you requiring, and do you have any particular styles or colors in mind?
client: I'm a size 12 for jeans and medium for tops. I prefer neutral colors like black, white, and navy. As for style, I like classic, timeless pieces."
4,59,gwenshap_modamart__7_w005_008,modamart__7,5,8,handle_objection,actionable_coaching_needed,majority,1,1,1.0,"manager: Great, thanks for sharing that. At ModaMart, we specialize in high-quality, affordable fashion. What sizes are you requiring, and do you have any particular styles or colors in mind?
client: I'm a size 12 for jeans and medium for tops. I prefer neutral colors like black, white, and navy. As for style, I like classic, timeless pieces.
manager: Got it. We have a range of jeans that are known for their great fit, like our High-Waist Slim Jeans. For tops, we recently launched a line of classic blouses that would pair nicely with those jeans for both casual and formal settings.
client: That sounds good, but I'm worried about the quality. I’ve bought clothes online before that ended up looking cheap or falling apart after a few washes."
4,60,gwenshap_modamart__7_w007_010,modamart__7,7,10,handle_objection,actionable_coaching_needed,majority,1,1,1.0,"manager: Got it. We have a range of jeans that are known for their great fit, like our High-Waist Slim Jeans. For tops, we recently launched a line of classic blouses that would pair nicely with those jeans for both casual and formal settings.
client: That sounds good, but I'm worried about the quality. I’ve bought clothes online before that ended up looking cheap or falling apart after a few washes.
manager: I completely understand your concern. What sets ModaMart apart is our commitment to quality. We offer a 90-day return policy and quality guarantees on all our items. Plus, we have thousands of customer reviews if you'd like to read about their experiences.
client: That’s reassuring. But how do I know if the fit will be right? Online shopping can be a bit hit or miss for me."
4,61,gwenshap_modamart__7_w009_012,modamart__7,9,12,fix_next_step,actionable_coaching_needed,majority,1,1,1.0,"manager: I completely understand your concern. What sets ModaMart apart is our commitment to quality. We offer a 90-day return policy and quality guarantees on all our items. Plus, we have thousands of customer reviews if you'd like to read about their experiences.
client: That’s reassuring. But how do I know if the fit will be right? Online shopping can be a bit hit or miss for me.
manager: A good fit is crucial. Each of our product pages includes detailed sizing charts and customer reviews specifically mentioning fit. Additionally, we offer free returns, so you can try on items risk-free and return or exchange anything that doesn't work.
client: That’s helpful to know. It sounds pretty good, but I’d like to think it over and maybe browse your site before making a decision."
4,62,gwenshap_modamart__7_w011_014,modamart__7,11,14,no_action,actionable_coaching_needed,majority,0,1,1.0,"manager: A good fit is crucial. Each of our product pages includes detailed sizing charts and customer reviews specifically mentioning fit. Additionally, we offer free returns, so you can try on items risk-free and return or exchange anything that doesn't work.
client: That’s helpful to know. It sounds pretty good, but I’d like to think it over and maybe browse your site before making a decision.
manager: Of course, take all the time you need. If you’d like, I can also send you an email with direct links to our bestsellers within your criteria. That way, you can easily find what you’re looking for.
client: Yes, please do. That would make it easier for me to browse."
4,63,gwenshap_modamart__7_w013_016,modamart__7,13,16,no_action,actionable_coaching_needed,majority,0,1,1.0,"manager: Of course, take all the time you need. If you’d like, I can also send you an email with direct links to our bestsellers within your criteria. That way, you can easily find what you’re looking for.
client: Yes, please do. That would make it easier for me to browse.
manager: Absolutely. I'll get that email over to you right after we hang up. If you have any other questions, feel free to reach out to me directly. My contact information will also be in the email.
client: Thank you, Alex. You've been very helpful."
4,64,gwenshap_modamart__7_w015_018,modamart__7,15,18,no_action,actionable_coaching_needed,majority,0,1,1.0,"manager: Absolutely. I'll get that email over to you right after we hang up. If you have any other questions, feel free to reach out to me directly. My contact information will also be in the email.
client: Thank you, Alex. You've been very helpful.
manager: You’re welcome! Have a great day, and I look forward to helping you find the perfect outfits at ModaMart.
client: Thanks, you too."
0,49,gwenshap_modamart__6_w001_004,modamart__6,1,4,handle_objection,actionable_coaching_needed,open_concern_rule,1,0,0.0,"manager: Thank you for calling ModaMart. This is Alex. How can I help you today?
client: Hi Alex. I’m Lisa. I’ve been looking at your website, but I’m not sure about the sizes for a few items. They seem to vary a lot.
manager: I understand, Lisa. Sizes can be tricky. Are there specific items you’re concerned about?
client: Yes, the summer dresses. I’m usually a medium, but sometimes a small fits better. It’s confusing."
0,50,gwenshap_modamart__6_w003_006,modamart__6,3,6,handle_objection,actionable_coaching_needed,open_concern_rule,1,1,1.0,"manager: I understand, Lisa. Sizes can be tricky. Are there specific items you’re concerned about?
client: Yes, the summer dresses. I’m usually a medium, but sometimes a small fits better. It’s confusing.
manager: Got it. We actually have a detailed size chart for each product. Have you had a chance to look at those?
client: I saw the size chart but I’ve had problems with online size charts before. They don't always match up with the actual fit."
0,51,gwenshap_modamart__6_w005_008,modamart__6,5,8,handle_objection,actionable_coaching_needed,open_concern_rule,1,1,1.0,"manager: Got it. We actually have a detailed size chart for each product. Have you had a chance to look at those?
client: I saw the size chart but I’ve had problems with online size charts before. They don't always match up with the actual fit.
manager: That's a common issue. One thing we offer is a virtual stylist service. Would you be interested in setting up a quick consultation to get the best fit recommendations?
client: That sounds helpful, but I’m also worried about the return policy if things don’t fit. Is it easy to return items?"
0,52,gwenshap_modamart__6_w007_010,modamart__6,7,10,handle_objection,actionable_coaching_needed,open_concern_rule,1,1,1.0,"manager: That's a common issue. One thing we offer is a virtual stylist service. Would you be interested in setting up a quick consultation to get the best fit recommendations?
client: That sounds helpful, but I’m also worried about the return policy if things don’t fit. Is it easy to return items?
manager: Absolutely. You have a 30-day window to return items for a full refund. We also offer free return shipping for all online purchases.
client: That sounds good. But I'm also hesitant because I’ve had bad experiences with slow shipping."
0,53,gwenshap_modamart__6_w009_012,modamart__6,9,12,fix_next_step,actionable_coaching_needed,open_concern_rule,1,1,1.0,"manager: Absolutely. You have a 30-day window to return items for a full refund. We also offer free return shipping for all online purchases.
client: That sounds good. But I'm also hesitant because I’ve had bad experiences with slow shipping.
manager: We hear you, Lisa. At ModaMart, we prioritize fast and reliable shipping. Most of our orders arrive within 5 business days. Plus, we offer expedited shipping if you need your items sooner.
client: Alright, that’s reassuring. How do I set up the virtual stylist consultation?"
0,54,gwenshap_modamart__6_w011_014,modamart__6,11,14,no_action,actionable_coaching_needed,open_concern_rule,0,0,0.0,"manager: We hear you, Lisa. At ModaMart, we prioritize fast and reliable shipping. Most of our orders arrive within 5 business days. Plus, we offer expedited shipping if you need your items sooner.
client: Alright, that’s reassuring. How do I set up the virtual stylist consultation?
manager: You can easily schedule it on our website or I can set it up for you right now. What’s your preferred time and date?
client: I’m free tomorrow afternoon. Maybe around 2 PM?"
0,55,gwenshap_modamart__6_w013_016,modamart__6,13,16,no_action,actionable_coaching_needed,open_concern_rule,0,0,0.0,"manager: You can easily schedule it on our website or I can set it up for you right now. What’s your preferred time and date?
client: I’m free tomorrow afternoon. Maybe around 2 PM?
manager: Perfect. I’ve scheduled your virtual stylist consultation for tomorrow at 2 PM. You’ll receive a confirmation email shortly. Is there anything else I can assist you with?
client: No, that’s all for now. Thanks, Alex."
0,56,gwenshap_modamart__6_w015_018,modamart__6,15,18,no_action,actionable_coaching_needed,open_concern_rule,0,0,0.0,"manager: Perfect. I’ve scheduled your virtual stylist consultation for tomorrow at 2 PM. You’ll receive a confirmation email shortly. Is there anything else I can assist you with?
client: No, that’s all for now. Thanks, Alex.
manager: My pleasure, Lisa. Have a great day and we’ll talk to you tomorrow.
client: Thanks, bye!"
0,84,gwenshap_nexiv-solutions__0_w001_004,nexiv-solutions__0,1,4,avoid_early_presentation,actionable_coaching_needed,open_concern_rule,1,0,0.0,"manager: Good afternoon! My name is Kelly from Nexiv Solutions. How are you today?
client: Hi Kelly, I’m doing well, thanks. How about you?
manager: I'm great, thanks for asking! I wanted to take a few minutes to discuss how Nexiv Solutions might be able to help streamline your tech operations. Do you have some time right now?
client: Sure, I have a few minutes."
0,85,gwenshap_nexiv-solutions__0_w003_006,nexiv-solutions__0,3,6,anchor_value,actionable_coaching_needed,open_concern_rule,1,1,1.0,"manager: I'm great, thanks for asking! I wanted to take a few minutes to discuss how Nexiv Solutions might be able to help streamline your tech operations. Do you have some time right now?
client: Sure, I have a few minutes.
manager: Fantastic. Can you tell me a bit about your current tech setup and any challenges you’re facing?
client: Well, we are currently using multiple platforms to manage our customer data, and it's becoming increasingly difficult to keep everything synchronized. We often have data discrepancies and it's a real pain point for us."
0,86,gwenshap_nexiv-solutions__0_w005_008,nexiv-solutions__0,5,8,anchor_value,actionable_coaching_needed,open_concern_rule,1,0,0.0,"manager: Fantastic. Can you tell me a bit about your current tech setup and any challenges you’re facing?
client: Well, we are currently using multiple platforms to manage our customer data, and it's becoming increasingly difficult to keep everything synchronized. We often have data discrepancies and it's a real pain point for us.
manager: I understand. Data inconsistencies can be very frustrating. How much time do you think your team spends dealing with these issues?
client: Honestly, we’re spending several hours each week just trying to reconcile data from different sources. It's not just time-consuming but also affects our productivity."
0,87,gwenshap_nexiv-solutions__0_w007_010,nexiv-solutions__0,7,10,anchor_value,actionable_coaching_needed,open_concern_rule,1,0,0.0,"manager: I understand. Data inconsistencies can be very frustrating. How much time do you think your team spends dealing with these issues?
client: Honestly, we’re spending several hours each week just trying to reconcile data from different sources. It's not just time-consuming but also affects our productivity.
manager: That sounds really tough. What have you tried so far to address this issue?
client: We've tried using third-party integration tools, but they have their own limitations and often create more problems than they solve."
0,88,gwenshap_nexiv-solutions__0_w009_012,nexiv-solutions__0,9,12,handle_objection,actionable_coaching_needed,open_concern_rule,1,1,1.0,"manager: That sounds really tough. What have you tried so far to address this issue?
client: We've tried using third-party integration tools, but they have their own limitations and often create more problems than they solve.
manager: I see. It's crucial to have a reliable solution. At Nexiv Solutions, we offer a unified platform that can integrate seamlessly with your existing systems and centralize your customer data to ensure consistency. Would that be something you’re interested in?
client: It sounds promising, but we’re concerned about the implementation process. We can’t afford much downtime."
0,89,gwenshap_nexiv-solutions__0_w011_014,nexiv-solutions__0,11,14,handle_objection,actionable_coaching_needed,open_concern_rule,1,1,1.0,"manager: I see. It's crucial to have a reliable solution. At Nexiv Solutions, we offer a unified platform that can integrate seamlessly with your existing systems and centralize your customer data to ensure consistency. Would that be something you’re interested in?
client: It sounds promising, but we’re concerned about the implementation process. We can’t afford much downtime.
manager: That’s a valid concern. Our solution is designed to integrate with minimal disruption to your operations. We also provide comprehensive support during the implementation process to ensure a smooth transition. How does that align with your needs?
client: It does sound reassuring, but we’re also on a tight budget. Can you give me an idea of the cost?"
0,90,gwenshap_nexiv-solutions__0_w013_016,nexiv-solutions__0,13,16,fix_next_step,actionable_coaching_needed,open_concern_rule,1,0,0.0,"manager: That’s a valid concern. Our solution is designed to integrate with minimal disruption to your operations. We also provide comprehensive support during the implementation process to ensure a smooth transition. How does that align with your needs?
client: It does sound reassuring, but we’re also on a tight budget. Can you give me an idea of the cost?
manager: Absolutely. While it varies based on the specific package and the size of your operation, I'd be happy to provide a detailed quote after understanding more about your requirements. We often find that the efficiency gained offsets the initial investment quite quickly.
client: Okay, that makes sense. Can you send over some more information?"
0,91,gwenshap_nexiv-solutions__0_w015_018,nexiv-solutions__0,15,18,no_action,actionable_coaching_needed,open_concern_rule,0,0,0.0,"manager: Absolutely. While it varies based on the specific package and the size of your operation, I'd be happy to provide a detailed quote after understanding more about your requirements. We often find that the efficiency gained offsets the initial investment quite quickly.
client: Okay, that makes sense. Can you send over some more information?
manager: Of course. I’ll email you a detailed proposal along with case studies that demonstrate how we've helped similar companies. Can we schedule a follow-up call for later this week to discuss any questions you might have?
client: Sure, I am available on Thursday afternoon."
0,92,gwenshap_nexiv-solutions__0_w017_020,nexiv-solutions__0,17,20,no_action,actionable_coaching_needed,open_concern_rule,0,0,0.0,"manager: Of course. I’ll email you a detailed proposal along with case studies that demonstrate how we've helped similar companies. Can we schedule a follow-up call for later this week to discuss any questions you might have?
client: Sure, I am available on Thursday afternoon.
manager: Perfect! I'll set up a meeting for Thursday at 2 PM. I’ll send a calendar invite shortly. Is there anything else you’d like to discuss today?
client: No, that covers it for now. Thanks, Kelly."
0,93,gwenshap_nexiv-solutions__0_w019_022,nexiv-solutions__0,19,22,no_action,actionable_coaching_needed,open_concern_rule,0,0,0.0,"manager: Perfect! I'll set up a meeting for Thursday at 2 PM. I’ll send a calendar invite shortly. Is there anything else you’d like to discuss today?
client: No, that covers it for now. Thanks, Kelly.
manager: You're welcome! Looking forward to our call on Thursday. Have a great day.
client: You too, bye."
1,26,gwenshap_modamart__3_w001_004,modamart__3,1,4,handle_objection,actionable_coaching_needed,open_concern_rule,1,1,1.0,"manager: Good afternoon! Thank you for calling ModaMart. My name is Alex. How can I assist you today?
client: Hi, Alex. I'm looking to revamp my wardrobe and I've heard good things about ModaMart, but I've had some bad experiences with online shopping in the past. I'm not sure if I should give it another try.
manager: I understand your concerns. Online shopping can be tricky sometimes. Could you tell me more about what issues you've faced before?
client: Well, the last few times, the clothes didn't fit right and returning them was such a hassle. Plus, the quality wasn't as good as advertised."
1,27,gwenshap_modamart__3_w003_006,modamart__3,3,6,handle_objection,actionable_coaching_needed,open_concern_rule,1,1,1.0,"manager: I understand your concerns. Online shopping can be tricky sometimes. Could you tell me more about what issues you've faced before?
client: Well, the last few times, the clothes didn't fit right and returning them was such a hassle. Plus, the quality wasn't as good as advertised.
manager: I'm really sorry to hear that. At ModaMart, we offer a detailed sizing guide to help with the fit, and our return process is designed to be hassle-free. You can return items within 30 days for a full refund. As for quality, all our products go through rigorous quality checks before being shipped.
client: That sounds better, but I'm still skeptical about the fit. How accurate are your sizing charts?"
1,28,gwenshap_modamart__3_w005_008,modamart__3,5,8,handle_objection,actionable_coaching_needed,open_concern_rule,1,1,1.0,"manager: I'm really sorry to hear that. At ModaMart, we offer a detailed sizing guide to help with the fit, and our return process is designed to be hassle-free. You can return items within 30 days for a full refund. As for quality, all our products go through rigorous quality checks before being shipped.
client: That sounds better, but I'm still skeptical about the fit. How accurate are your sizing charts?
manager: Our sizing charts are updated regularly based on customer feedback and measurements. Additionally, we offer a virtual fitting room feature where you can input your measurements and see how different sizes might fit you.
client: Hmm. That sounds helpful, but it's still a leap of faith for me. I hate dealing with returns."
1,29,gwenshap_modamart__3_w007_010,modamart__3,7,10,handle_objection,actionable_coaching_needed,open_concern_rule,1,1,1.0,"manager: Our sizing charts are updated regularly based on customer feedback and measurements. Additionally, we offer a virtual fitting room feature where you can input your measurements and see how different sizes might fit you.
client: Hmm. That sounds helpful, but it's still a leap of faith for me. I hate dealing with returns.
manager: I completely understand. To make it even easier, we can provide you with a prepaid return label along with your order, so you don't have to worry about shipping costs if something doesn't fit.
client: That’s a nice touch. I’m also concerned about the pricing. I want good quality but at a reasonable price."
1,30,gwenshap_modamart__3_w009_012,modamart__3,9,12,fix_next_step,actionable_coaching_needed,open_concern_rule,1,1,1.0,"manager: I completely understand. To make it even easier, we can provide you with a prepaid return label along with your order, so you don't have to worry about shipping costs if something doesn't fit.
client: That’s a nice touch. I’m also concerned about the pricing. I want good quality but at a reasonable price.
manager: We strive to offer quality products at competitive prices. Plus, if you sign up for our ModaMart Rewards program, you’ll receive exclusive discounts and early access to sales. As a new customer, we can offer you a 20% discount on your first purchase.
client: That’s pretty tempting. I might give it a try. What are the next steps?"
1,31,gwenshap_modamart__3_w011_014,modamart__3,11,14,no_action,actionable_coaching_needed,open_concern_rule,0,1,1.0,"manager: We strive to offer quality products at competitive prices. Plus, if you sign up for our ModaMart Rewards program, you’ll receive exclusive discounts and early access to sales. As a new customer, we can offer you a 20% discount on your first purchase.
client: That’s pretty tempting. I might give it a try. What are the next steps?
manager: Great to hear! You can visit our website and sign up for the ModaMart Rewards program right away. If you need any assistance with sizing or product details, feel free to reach out to our customer service team. They'll be more than happy to help.
client: Alright, I’ll check it out. Thank you for addressing my concerns, Alex."
1,32,gwenshap_modamart__3_w013_016,modamart__3,13,16,no_action,actionable_coaching_needed,open_concern_rule,0,0,0.0,"manager: Great to hear! You can visit our website and sign up for the ModaMart Rewards program right away. If you need any assistance with sizing or product details, feel free to reach out to our customer service team. They'll be more than happy to help.
client: Alright, I’ll check it out. Thank you for addressing my concerns, Alex.
manager: It’s my pleasure. Thank you for considering ModaMart. Have a great day, and happy shopping!
client: Thanks, you too. Bye."
1,42,gwenshap_modamart__5_w001_004,modamart__5,1,4,no_action,actionable_coaching_needed,open_concern_rule,0,0,0.0,"manager: Good afternoon! Thanks for calling ModaMart. My name is Jessica. How can I assist you today?
client: Hi Jessica. I'm considering buying some new clothes for the fall season, but I'm a bit overwhelmed by the options. I usually shop in-store, and online shopping's got me confused with sizing and returns.
manager: I completely understand. Finding the right fit online can be tricky. Are there specific items or styles you're looking for?
client: Yes, I'm looking for some casual and business-casual pieces like sweaters, blouses, and maybe a new pair of jeans."
1,43,gwenshap_modamart__5_w003_006,modamart__5,3,6,handle_objection,actionable_coaching_needed,open_concern_rule,1,1,1.0,"manager: I completely understand. Finding the right fit online can be tricky. Are there specific items or styles you're looking for?
client: Yes, I'm looking for some casual and business-casual pieces like sweaters, blouses, and maybe a new pair of jeans.
manager: Great choice for the fall season! At ModaMart, we have detailed size charts and fit guides that can help you determine the best size. Additionally, our return policy is pretty flexible. If something doesn't fit, you can return or exchange it within 30 days.
client: That sounds helpful. But what about the quality? Sometimes online products don’t match the pictures and descriptions."
1,44,gwenshap_modamart__5_w005_008,modamart__5,5,8,handle_objection,actionable_coaching_needed,open_concern_rule,1,1,1.0,"manager: Great choice for the fall season! At ModaMart, we have detailed size charts and fit guides that can help you determine the best size. Additionally, our return policy is pretty flexible. If something doesn't fit, you can return or exchange it within 30 days.
client: That sounds helpful. But what about the quality? Sometimes online products don’t match the pictures and descriptions.
manager: That's a common concern. ModaMart ensures high quality for all our products, and we provide customer reviews and ratings for most items. This way, you can see what other customers think before making a purchase. Our customer service team is also available to help with any issues you might have once you receive your order.
client: That’s reassuring. Still, I'm worried about the hassle of returns if I don’t like something. I've had bad experiences with other retailers."
1,45,gwenshap_modamart__5_w007_010,modamart__5,7,10,handle_objection,actionable_coaching_needed,open_concern_rule,1,0,0.0,"manager: That's a common concern. ModaMart ensures high quality for all our products, and we provide customer reviews and ratings for most items. This way, you can see what other customers think before making a purchase. Our customer service team is also available to help with any issues you might have once you receive your order.
client: That’s reassuring. Still, I'm worried about the hassle of returns if I don’t like something. I've had bad experiences with other retailers.
manager: I hear you. ModaMart aims to make the returns process as smooth as possible. You can initiate a return directly from your online account, and we provide a prepaid shipping label to send items back without any additional cost.
client: Okay, that does sound convenient. How long does the refund process usually take?"
1,46,gwenshap_modamart__5_w009_012,modamart__5,9,12,fix_next_step,actionable_coaching_needed,open_concern_rule,1,0,0.0,"manager: I hear you. ModaMart aims to make the returns process as smooth as possible. You can initiate a return directly from your online account, and we provide a prepaid shipping label to send items back without any additional cost.
client: Okay, that does sound convenient. How long does the refund process usually take?
manager: Once we receive the returned items, refunds are typically processed within 3 to 5 business days. You'll receive an email confirmation when the refund has been issued.
client: That sounds fair. I think I’ll give it a try. How do I get started?"
1,47,gwenshap_modamart__5_w011_014,modamart__5,11,14,no_action,actionable_coaching_needed,open_concern_rule,0,0,0.0,"manager: Once we receive the returned items, refunds are typically processed within 3 to 5 business days. You'll receive an email confirmation when the refund has been issued.
client: That sounds fair. I think I’ll give it a try. How do I get started?
manager: Fantastic! You can start by visiting our website and browsing the fall collection. If you have any questions at any point, feel free to contact us via chat, phone, or email. We’re here to help.
client: Thanks, Jessica. You've been very helpful."
1,48,gwenshap_modamart__5_w013_016,modamart__5,13,16,no_action,actionable_coaching_needed,open_concern_rule,0,0,0.0,"manager: Fantastic! You can start by visiting our website and browsing the fall collection. If you have any questions at any point, feel free to contact us via chat, phone, or email. We’re here to help.
client: Thanks, Jessica. You've been very helpful.
manager: It’s my pleasure! Have a great day shopping with ModaMart, and enjoy your new fall wardrobe!
client: Thanks again. Bye!"
1,65,gwenshap_modamart__8_w001_004,modamart__8,1,4,anchor_value,actionable_coaching_needed,open_concern_rule,1,0,0.0,"manager: Thank you for calling ModaMart! This is Sarah, how can I assist you today?
client: Hi, I'm looking for some information on your latest winter collection. I'm particularly interested in jackets.
manager: Absolutely! Our new winter collection just launched, and we have some great jackets in various styles. Are you looking for something more casual or formal?
client: I'm going to need something versatile. You know, something I can wear to work but also on weekends. And it has to be warm because the last jacket I bought from another store wasn’t warm enough."
1,66,gwenshap_modamart__8_w003_006,modamart__8,3,6,handle_objection,actionable_coaching_needed,open_concern_rule,1,1,1.0,"manager: Absolutely! Our new winter collection just launched, and we have some great jackets in various styles. Are you looking for something more casual or formal?
client: I'm going to need something versatile. You know, something I can wear to work but also on weekends. And it has to be warm because the last jacket I bought from another store wasn’t warm enough.
manager: I understand. Staying warm in winter is crucial. All our winter jackets are insulated, but for a versatile option, I recommend our ""Everest"" jacket. It's designed to be both work-appropriate and casual.
client: That sounds good, but I'm also concerned about the fit. I'm tall and often find it hard to get a good fit off the rack."
1,67,gwenshap_modamart__8_w005_008,modamart__8,5,8,no_action,actionable_coaching_needed,open_concern_rule,0,1,1.0,"manager: I understand. Staying warm in winter is crucial. All our winter jackets are insulated, but for a versatile option, I recommend our ""Everest"" jacket. It's designed to be both work-appropriate and casual.
client: That sounds good, but I'm also concerned about the fit. I'm tall and often find it hard to get a good fit off the rack.
manager: I hear you. Fit can be a tricky issue. The ""Everest"" jacket comes in a variety of sizes, including tall options. If you like, I can check the availability in your size and possibly suggest some alternatives.
client: Sure, that would be helpful."
1,68,gwenshap_modamart__8_w007_010,modamart__8,7,10,no_action,actionable_coaching_needed,open_concern_rule,0,0,0.0,"manager: I hear you. Fit can be a tricky issue. The ""Everest"" jacket comes in a variety of sizes, including tall options. If you like, I can check the availability in your size and possibly suggest some alternatives.
client: Sure, that would be helpful.
manager: Great, can you tell me your size? That will help me narrow it down.
client: I usually wear a large, but like I said, I need it in tall sizes."
1,69,gwenshap_modamart__8_w009_012,modamart__8,9,12,handle_objection,actionable_coaching_needed,open_concern_rule,1,1,1.0,"manager: Great, can you tell me your size? That will help me narrow it down.
client: I usually wear a large, but like I said, I need it in tall sizes.
manager: Understood. Let me check our inventory... Yes, we have the ""Everest"" in large tall. We also have a similar style called ""Alpine"" which is a bit more fitted but equally warm and versatile.
client: Okay, that sounds good. But what if it doesn't fit right? Can I return it easily?"
1,70,gwenshap_modamart__8_w011_014,modamart__8,11,14,fix_next_step,actionable_coaching_needed,open_concern_rule,1,1,1.0,"manager: Understood. Let me check our inventory... Yes, we have the ""Everest"" in large tall. We also have a similar style called ""Alpine"" which is a bit more fitted but equally warm and versatile.
client: Okay, that sounds good. But what if it doesn't fit right? Can I return it easily?
manager: Definitely, we have a hassle-free return policy. You can return or exchange any item within 30 days of purchase, no questions asked.
client: Alright. I think I'll go with the ""Everest"" jacket. Can you help me place the order?"
1,71,gwenshap_modamart__8_w013_016,modamart__8,13,16,no_action,actionable_coaching_needed,open_concern_rule,0,1,1.0,"manager: Definitely, we have a hassle-free return policy. You can return or exchange any item within 30 days of purchase, no questions asked.
client: Alright. I think I'll go with the ""Everest"" jacket. Can you help me place the order?
manager: Of course! I’ll need a few details to complete the order. How would you like to make the payment?
client: I’ll use my credit card."
1,72,gwenshap_modamart__8_w015_018,modamart__8,15,18,no_action,actionable_coaching_needed,open_concern_rule,0,1,1.0,"manager: Of course! I’ll need a few details to complete the order. How would you like to make the payment?
client: I’ll use my credit card.
manager: Perfect. I'll just need your shipping address and payment details to complete your order. Would you like an email confirmation?
client: Yes, please. How long will the shipping take?"
1,73,gwenshap_modamart__8_w017_020,modamart__8,17,20,no_action,actionable_coaching_needed,open_concern_rule,0,0,0.0,"manager: Perfect. I'll just need your shipping address and payment details to complete your order. Would you like an email confirmation?
client: Yes, please. How long will the shipping take?
manager: Standard shipping typically takes 3-5 business days. You’ll receive tracking information via email once the order has been shipped.
client: Great, I appreciate the help!"
1,74,gwenshap_modamart__8_w019_022,modamart__8,19,22,no_action,actionable_coaching_needed,open_concern_rule,0,0,0.0,"manager: Standard shipping typically takes 3-5 business days. You’ll receive tracking information via email once the order has been shipped.
client: Great, I appreciate the help!
manager: My pleasure! Your order will be processed shortly. If you have any other questions or need further assistance, don't hesitate to reach out.
client: Will do. Thanks again!"
2,17,gwenshap_modamart__2_w001_004,modamart__2,1,4,handle_objection,actionable_coaching_needed,open_concern_rule,1,1,1.0,"manager: Hi there, this is Jake from ModaMart. How are you today?
client: Hi Jake, I'm doing okay. Just busy with work. What can I help you with?
manager: I completely understand! I'll keep it brief. I wanted to touch base about your recent online browsing and see if you had any questions or needed assistance with anything.
client: Well, I have been looking at some of your new fall collection, but I'm honestly not sure about a few things."
2,18,gwenshap_modamart__2_w003_006,modamart__2,3,6,handle_objection,actionable_coaching_needed,open_concern_rule,1,1,1.0,"manager: I completely understand! I'll keep it brief. I wanted to touch base about your recent online browsing and see if you had any questions or needed assistance with anything.
client: Well, I have been looking at some of your new fall collection, but I'm honestly not sure about a few things.
manager: That's great to hear you've been checking out our new collection! What specifically has you unsure?
client: The main thing is sizing. I've found that with some brands, the sizes are all over the place. I'm worried about ordering something that doesn't fit right."
2,19,gwenshap_modamart__2_w005_008,modamart__2,5,8,handle_objection,actionable_coaching_needed,open_concern_rule,1,1,1.0,"manager: That's great to hear you've been checking out our new collection! What specifically has you unsure?
client: The main thing is sizing. I've found that with some brands, the sizes are all over the place. I'm worried about ordering something that doesn't fit right.
manager: Got it. Sizing can definitely be tricky. At ModaMart, we actually provide detailed sizing charts for each brand. Have you had a chance to look at those?
client: I saw them, but I'm still skeptical. Returning items is just such a hassle."
2,20,gwenshap_modamart__2_w007_010,modamart__2,7,10,handle_objection,actionable_coaching_needed,open_concern_rule,1,1,1.0,"manager: Got it. Sizing can definitely be tricky. At ModaMart, we actually provide detailed sizing charts for each brand. Have you had a chance to look at those?
client: I saw them, but I'm still skeptical. Returning items is just such a hassle.
manager: I hear you. To make the process easier, we offer free returns and exchanges within 30 days. We can even schedule a pickup for the return. Does that address your concern?
client: That does help, but I'm also a bit concerned about the quality. I've had bad experiences with online shopping before."
2,21,gwenshap_modamart__2_w009_012,modamart__2,9,12,no_action,actionable_coaching_needed,open_concern_rule,0,0,0.0,"manager: I hear you. To make the process easier, we offer free returns and exchanges within 30 days. We can even schedule a pickup for the return. Does that address your concern?
client: That does help, but I'm also a bit concerned about the quality. I've had bad experiences with online shopping before.
manager: I understand your concerns. At ModaMart, we pride ourselves on offering high-quality products, but we also have customer reviews for most items. Reading them might give you a better sense of the quality. Have you checked those out?
client: No, I haven't really looked at the reviews yet."
2,22,gwenshap_modamart__2_w011_014,modamart__2,11,14,handle_objection,actionable_coaching_needed,open_concern_rule,1,0,0.0,"manager: I understand your concerns. At ModaMart, we pride ourselves on offering high-quality products, but we also have customer reviews for most items. Reading them might give you a better sense of the quality. Have you checked those out?
client: No, I haven't really looked at the reviews yet.
manager: I highly recommend it. They can be very informative. Plus, if you find that you're still not satisfied with the product, our customer service team is here to ensure you have a positive experience.
client: Alright, I'll take a look at the reviews. One more thing—do you have any promotions or discounts going on right now?"
2,23,gwenshap_modamart__2_w013_016,modamart__2,13,16,no_action,actionable_coaching_needed,open_concern_rule,0,1,1.0,"manager: I highly recommend it. They can be very informative. Plus, if you find that you're still not satisfied with the product, our customer service team is here to ensure you have a positive experience.
client: Alright, I'll take a look at the reviews. One more thing—do you have any promotions or discounts going on right now?
manager: I'm glad you asked! We currently have a 15% off promotion for first-time online customers. I can send you a discount code if you're interested.
client: That sounds good. Yeah, please send me the code."
2,24,gwenshap_modamart__2_w015_018,modamart__2,15,18,no_action,actionable_coaching_needed,open_concern_rule,0,1,1.0,"manager: I'm glad you asked! We currently have a 15% off promotion for first-time online customers. I can send you a discount code if you're interested.
client: That sounds good. Yeah, please send me the code.
manager: Will do! I'll email the discount code to you right after this call. Is there anything else I can assist you with today?
client: No, I think that covers my questions for now. Thanks for your help."
2,25,gwenshap_modamart__2_w017_020,modamart__2,17,20,no_action,actionable_coaching_needed,open_concern_rule,0,0,0.0,"manager: Will do! I'll email the discount code to you right after this call. Is there anything else I can assist you with today?
client: No, I think that covers my questions for now. Thanks for your help.
manager: You're welcome! Don't hesitate to reach out if you have any more questions, and enjoy shopping at ModaMart. Have a great day!
client: Thanks, Jake. You too."
2,75,gwenshap_modamart__9_w001_004,modamart__9,1,4,no_action,actionable_coaching_needed,open_concern_rule,0,0,0.0,"manager: Hi, thank you for calling ModaMart. This is Jamie, how can I assist you today?
client: Hi Jamie, I’ve been having some issues with an order I recently placed.
manager: I’m sorry to hear that. Could you provide me with your order number so I can look into it?
client: Sure, it’s 56789."
2,76,gwenshap_modamart__9_w003_006,modamart__9,3,6,no_action,actionable_coaching_needed,open_concern_rule,0,1,1.0,"manager: I’m sorry to hear that. Could you provide me with your order number so I can look into it?
client: Sure, it’s 56789.
manager: Alright, let me pull that up. While I'm doing that, can you tell me exactly what's been going wrong?
client: The main thing is that the dress I received is a different color than what was shown online. Also, it doesn’t fit as expected."
2,77,gwenshap_modamart__9_w005_008,modamart__9,5,8,no_action,actionable_coaching_needed,open_concern_rule,0,0,0.0,"manager: Alright, let me pull that up. While I'm doing that, can you tell me exactly what's been going wrong?
client: The main thing is that the dress I received is a different color than what was shown online. Also, it doesn’t fit as expected.
manager: I see. I apologize for that inconvenience. Let me first address the color issue. Can you describe the discrepancy between the color you saw online and the one you received?
client: The dress was supposed to be a light blue, but what I got is more of a teal."
2,78,gwenshap_modamart__9_w007_010,modamart__9,7,10,handle_objection,actionable_coaching_needed,open_concern_rule,1,0,0.0,"manager: I see. I apologize for that inconvenience. Let me first address the color issue. Can you describe the discrepancy between the color you saw online and the one you received?
client: The dress was supposed to be a light blue, but what I got is more of a teal.
manager: Thank you for pointing that out. Sometimes colors can appear differently due to screen settings. We can certainly look into that for you. Regarding the fit, did you use our sizing guide when you placed the order?
client: Yes, I did, but it’s still too tight around the waist."
2,79,gwenshap_modamart__9_w009_012,modamart__9,9,12,handle_objection,actionable_coaching_needed,open_concern_rule,1,1,1.0,"manager: Thank you for pointing that out. Sometimes colors can appear differently due to screen settings. We can certainly look into that for you. Regarding the fit, did you use our sizing guide when you placed the order?
client: Yes, I did, but it’s still too tight around the waist.
manager: I'm really sorry to hear that. We do our best to create accurate sizing guides, but it sounds like this one didn't match up for you. We can process an exchange for a different size or even a return if you prefer.
client: I think I’d rather return it. But what about the return shipping, do I have to pay for that?"
2,80,gwenshap_modamart__9_w011_014,modamart__9,11,14,fix_next_step,actionable_coaching_needed,open_concern_rule,1,1,1.0,"manager: I'm really sorry to hear that. We do our best to create accurate sizing guides, but it sounds like this one didn't match up for you. We can process an exchange for a different size or even a return if you prefer.
client: I think I’d rather return it. But what about the return shipping, do I have to pay for that?
manager: For cases where the item is not as described or doesn't fit as expected despite following our sizing guide, we cover the return shipping costs. I'll email you a prepaid return label and instructions on how to send it back.
client: Okay, that sounds good. What’s the next step after I send it back?"
2,81,gwenshap_modamart__9_w013_016,modamart__9,13,16,handle_objection,actionable_coaching_needed,open_concern_rule,1,1,1.0,"manager: For cases where the item is not as described or doesn't fit as expected despite following our sizing guide, we cover the return shipping costs. I'll email you a prepaid return label and instructions on how to send it back.
client: Okay, that sounds good. What’s the next step after I send it back?
manager: Once we receive the returned dress, we’ll process your refund within 3-5 business days and send you a confirmation email. Is there anything else I can help you with today?
client: Actually, I was looking at another dress on your website. Can you tell me about your exchange policy?"
2,82,gwenshap_modamart__9_w015_018,modamart__9,15,18,no_action,actionable_coaching_needed,open_concern_rule,0,0,0.0,"manager: Once we receive the returned dress, we’ll process your refund within 3-5 business days and send you a confirmation email. Is there anything else I can help you with today?
client: Actually, I was looking at another dress on your website. Can you tell me about your exchange policy?
manager: Certainly! If you decide on another dress and it ends up not being right, you have a 30-day window to return or exchange it. Just keep the tags on and bring the original receipt.
client: Alright, that covers everything. Thanks for your help."
2,83,gwenshap_modamart__9_w017_020,modamart__9,17,20,no_action,actionable_coaching_needed,open_concern_rule,0,0,0.0,"manager: Certainly! If you decide on another dress and it ends up not being right, you have a 30-day window to return or exchange it. Just keep the tags on and bring the original receipt.
client: Alright, that covers everything. Thanks for your help.
manager: You’re welcome! I'll send that return label shortly. Have a great day, and feel free to contact us if you have any more questions.
client: Will do, thanks."
3,0,gwenshap_modamart__0_w001_004,modamart__0,1,4,handle_objection,actionable_coaching_needed,open_concern_rule,1,1,1.0,"manager: Hi there! Thank you for taking the time to speak with me today. My name is Jamie, and I’m a sales representative from ModaMart. How are you today?
client: Hi Jamie. I'm doing well, thanks. How about you?
manager: I’m great, thank you! So, I understand you’ve been browsing our online store. Is there anything specific you’re looking for today?
client: Well, I've been looking at some winter jackets, but I'm not sure about the quality and if they're worth the price."
3,1,gwenshap_modamart__0_w003_006,modamart__0,3,6,no_action,actionable_coaching_needed,open_concern_rule,0,0,0.0,"manager: I’m great, thank you! So, I understand you’ve been browsing our online store. Is there anything specific you’re looking for today?
client: Well, I've been looking at some winter jackets, but I'm not sure about the quality and if they're worth the price.
manager: I completely understand your concerns. Our winter jackets are made from high-quality materials designed to keep you warm even in the harshest conditions. May I ask what specifically you’re looking for in a jacket?
client: I mostly need something that’s really warm but also lightweight. I don’t want to feel like I'm carrying a heavy blanket around."
3,2,gwenshap_modamart__0_w005_008,modamart__0,5,8,handle_objection,actionable_coaching_needed,open_concern_rule,1,1,1.0,"manager: I completely understand your concerns. Our winter jackets are made from high-quality materials designed to keep you warm even in the harshest conditions. May I ask what specifically you’re looking for in a jacket?
client: I mostly need something that’s really warm but also lightweight. I don’t want to feel like I'm carrying a heavy blanket around.
manager: That makes total sense. Nobody likes to feel weighed down. We have a range of jackets filled with high-loft down, which is incredibly warm yet very lightweight. Have you had a chance to read any reviews or check out our customer ratings?
client: I did see some reviews, but I’m always a bit skeptical. Sometimes reviews can be misleading."
3,3,gwenshap_modamart__0_w007_010,modamart__0,7,10,handle_objection,actionable_coaching_needed,open_concern_rule,1,1,1.0,"manager: That makes total sense. Nobody likes to feel weighed down. We have a range of jackets filled with high-loft down, which is incredibly warm yet very lightweight. Have you had a chance to read any reviews or check out our customer ratings?
client: I did see some reviews, but I’m always a bit skeptical. Sometimes reviews can be misleading.
manager: That’s a valid point. If you’re interested, I can send you a few detailed testimonials from customers who specifically mentioned how lightweight and warm our jackets are. Would that help?
client: Yeah, that would be helpful. But I'm also concerned about sizing. I’ve had issues with ordering clothes online that don’t fit well."
3,4,gwenshap_modamart__0_w009_012,modamart__0,9,12,no_action,actionable_coaching_needed,open_concern_rule,0,0,0.0,"manager: That’s a valid point. If you’re interested, I can send you a few detailed testimonials from customers who specifically mentioned how lightweight and warm our jackets are. Would that help?
client: Yeah, that would be helpful. But I'm also concerned about sizing. I’ve had issues with ordering clothes online that don’t fit well.
manager: I hear you. Getting the right fit is crucial. We offer detailed sizing charts on our website, and we also have a very flexible return and exchange policy. If the size isn’t quite right, you can easily exchange it. Plus, I can guide you through finding the right size now. What size do you usually wear?
client: I normally wear a medium, but sometimes I need a large depending on the brand."
3,5,gwenshap_modamart__0_w011_014,modamart__0,11,14,fix_next_step,actionable_coaching_needed,open_concern_rule,1,1,1.0,"manager: I hear you. Getting the right fit is crucial. We offer detailed sizing charts on our website, and we also have a very flexible return and exchange policy. If the size isn’t quite right, you can easily exchange it. Plus, I can guide you through finding the right size now. What size do you usually wear?
client: I normally wear a medium, but sometimes I need a large depending on the brand.
manager: Understood. Our sizing tends to be true to fit, but I’d recommend measuring yourself using our online guide to ensure accuracy. I can also offer you a 10% discount on your first purchase, which might make taking the plunge a bit easier. How does that sound?
client: That sounds pretty good. I definitely feel more comfortable with the return policy and the discount."
3,6,gwenshap_modamart__0_w013_016,modamart__0,13,16,no_action,actionable_coaching_needed,open_concern_rule,0,1,1.0,"manager: Understood. Our sizing tends to be true to fit, but I’d recommend measuring yourself using our online guide to ensure accuracy. I can also offer you a 10% discount on your first purchase, which might make taking the plunge a bit easier. How does that sound?
client: That sounds pretty good. I definitely feel more comfortable with the return policy and the discount.
manager: I’m glad to hear that. I’ll send you the testimonials and the sizing guide right after our call. Is there anything else you’d like to know about our winter jackets?
client: No, I think that covers it."
3,7,gwenshap_modamart__0_w015_018,modamart__0,15,18,no_action,actionable_coaching_needed,open_concern_rule,0,0,0.0,"manager: I’m glad to hear that. I’ll send you the testimonials and the sizing guide right after our call. Is there anything else you’d like to know about our winter jackets?
client: No, I think that covers it.
manager: Fantastic. I’ll email you the information, and if you have any more questions or need further assistance, feel free to reach out. We’re here to help. Thank you for your time and have a great day!
client: Thank you, Jamie. I appreciate your help. Take care!"
3,33,gwenshap_modamart__4_w001_004,modamart__4,1,4,handle_objection,actionable_coaching_needed,open_concern_rule,1,1,1.0,"manager: Good afternoon, thank you for calling ModaMart. My name is Sarah, how can I assist you today?
client: Hi Sarah, I'm considering making a big purchase, but I have some concerns. Can you help me with that?
manager: Of course! What products are you looking at, and what concerns do you have?
client: I'm looking at the winter jackets, specifically the Model X. It seems a bit pricey, and I'm not sure if it's worth the investment."
3,34,gwenshap_modamart__4_w003_006,modamart__4,3,6,handle_objection,actionable_coaching_needed,open_concern_rule,1,0,0.0,"manager: Of course! What products are you looking at, and what concerns do you have?
client: I'm looking at the winter jackets, specifically the Model X. It seems a bit pricey, and I'm not sure if it's worth the investment.
manager: I understand your concern. The Model X jacket is one of our premium products made with high-quality insulation and weather-resistant materials. It’s designed to keep you warm and dry in extreme conditions. Are you planning on using it for everyday wear, or just for specific activities?
client: Mostly for commuting to work, but I also do some hiking on the weekends. My main issue is that I bought a different jacket last winter, and it didn't hold up well at all."
3,35,gwenshap_modamart__4_w005_008,modamart__4,5,8,handle_objection,actionable_coaching_needed,open_concern_rule,1,0,0.0,"manager: I understand your concern. The Model X jacket is one of our premium products made with high-quality insulation and weather-resistant materials. It’s designed to keep you warm and dry in extreme conditions. Are you planning on using it for everyday wear, or just for specific activities?
client: Mostly for commuting to work, but I also do some hiking on the weekends. My main issue is that I bought a different jacket last winter, and it didn't hold up well at all.
manager: I'm sorry to hear that. Do you remember what brand or model it was? Maybe I can understand better what went wrong last time.
client: It was another brand's mid-tier model. It started to lose its warmth after a couple of months and the zipper broke."
3,36,gwenshap_modamart__4_w007_010,modamart__4,7,10,handle_objection,actionable_coaching_needed,open_concern_rule,1,0,0.0,"manager: I'm sorry to hear that. Do you remember what brand or model it was? Maybe I can understand better what went wrong last time.
client: It was another brand's mid-tier model. It started to lose its warmth after a couple of months and the zipper broke.
manager: That’s definitely frustrating. The Model X jacket has a reinforced zipper and double-stitched seams for durability. Plus, it comes with a one-year warranty that covers any manufacturing defects, so you won’t have to worry about those issues again.
client: That sounds reassuring, but it's still quite a lot of money. Do you offer any payment plans?"
3,37,gwenshap_modamart__4_w009_012,modamart__4,9,12,handle_objection,actionable_coaching_needed,open_concern_rule,1,1,1.0,"manager: That’s definitely frustrating. The Model X jacket has a reinforced zipper and double-stitched seams for durability. Plus, it comes with a one-year warranty that covers any manufacturing defects, so you won’t have to worry about those issues again.
client: That sounds reassuring, but it's still quite a lot of money. Do you offer any payment plans?
manager: Yes, we do offer financing options. You can break down the cost into manageable monthly payments at 0% interest if paid within 6 months. We also have a 30-day return policy if you’re not completely satisfied with your purchase.
client: That definitely helps. Another thing, how do I know if it will fit well? I have a hard time finding jackets that fit just right."
3,38,gwenshap_modamart__4_w011_014,modamart__4,11,14,no_action,actionable_coaching_needed,open_concern_rule,0,0,0.0,"manager: Yes, we do offer financing options. You can break down the cost into manageable monthly payments at 0% interest if paid within 6 months. We also have a 30-day return policy if you’re not completely satisfied with your purchase.
client: That definitely helps. Another thing, how do I know if it will fit well? I have a hard time finding jackets that fit just right.
manager: We offer a comprehensive size guide on our website, but I can also help you over the phone. Could you provide me with your measurements? Additionally, if the size you choose doesn’t fit, you can exchange it free of charge.
client: Great. I’m about 5'8"" and around 160 pounds."
3,39,gwenshap_modamart__4_w013_016,modamart__4,13,16,fix_next_step,actionable_coaching_needed,open_concern_rule,1,0,0.0,"manager: We offer a comprehensive size guide on our website, but I can also help you over the phone. Could you provide me with your measurements? Additionally, if the size you choose doesn’t fit, you can exchange it free of charge.
client: Great. I’m about 5'8"" and around 160 pounds.
manager: Based on that, I would recommend a size Medium. However, it might be a good idea to check our size guide online for more detailed measurements.
client: Okay, I'll check the size guide and think it over. Can I call back if I decide to make the purchase?"
3,40,gwenshap_modamart__4_w015_018,modamart__4,15,18,fix_next_step,actionable_coaching_needed,open_concern_rule,1,0,0.0,"manager: Based on that, I would recommend a size Medium. However, it might be a good idea to check our size guide online for more detailed measurements.
client: Okay, I'll check the size guide and think it over. Can I call back if I decide to make the purchase?
manager: Absolutely, you can call us anytime, or you can order directly through our website at your convenience. Is there anything else I can assist you with right now?
client: No, I think that's it for now. Thanks for all the information, Sarah. You've been very helpful."
3,41,gwenshap_modamart__4_w017_020,modamart__4,17,20,no_action,actionable_coaching_needed,open_concern_rule,0,0,0.0,"manager: Absolutely, you can call us anytime, or you can order directly through our website at your convenience. Is there anything else I can assist you with right now?
client: No, I think that's it for now. Thanks for all the information, Sarah. You've been very helpful.
manager: My pleasure! Feel free to reach out if you have any more questions. Have a great day!
client: You too, thanks!"
3,94,gwenshap_nexiv-solutions__1_w001_004,nexiv-solutions__1,1,4,avoid_early_presentation,actionable_coaching_needed,open_concern_rule,1,1,1.0,"manager: Hi, this is Alex from Nexiv Solutions. Am I speaking with Jamie?
client: Yes, this is Jamie. How can I help you?
manager: Great to speak with you, Jamie. I wanted to introduce you to some of the solutions Nexiv offers. We're helping companies like yours streamline their operations with our integrated software suite. Could I ask, what are some of the challenges you're facing with your current tech setup?
client: Honestly, we're struggling with data consolidation. We have different systems for inventory, sales, and customer management, and it's a hassle to get a clear view of everything."
3,95,gwenshap_nexiv-solutions__1_w003_006,nexiv-solutions__1,3,6,anchor_value,actionable_coaching_needed,open_concern_rule,1,0,0.0,"manager: Great to speak with you, Jamie. I wanted to introduce you to some of the solutions Nexiv offers. We're helping companies like yours streamline their operations with our integrated software suite. Could I ask, what are some of the challenges you're facing with your current tech setup?
client: Honestly, we're struggling with data consolidation. We have different systems for inventory, sales, and customer management, and it's a hassle to get a clear view of everything.
manager: I hear that a lot. Data fragmentation can be a real headache. How much time would you say your team spends on manual data reconciliation each week?
client: Probably around ten hours or more. It's really inefficient."
3,96,gwenshap_nexiv-solutions__1_w005_008,nexiv-solutions__1,5,8,handle_objection,actionable_coaching_needed,open_concern_rule,1,1,1.0,"manager: I hear that a lot. Data fragmentation can be a real headache. How much time would you say your team spends on manual data reconciliation each week?
client: Probably around ten hours or more. It's really inefficient.
manager: That sounds frustrating. Our platform offers a unified dashboard that brings all your data into one place, reducing the need for manual efforts. Could that help reduce those ten hours for your team?
client: It sounds promising, but we’ve tried new systems before, and the transition is always difficult. We're worried about the downtime and the learning curve."
3,97,gwenshap_nexiv-solutions__1_w007_010,nexiv-solutions__1,7,10,handle_objection,actionable_coaching_needed,open_concern_rule,1,1,1.0,"manager: That sounds frustrating. Our platform offers a unified dashboard that brings all your data into one place, reducing the need for manual efforts. Could that help reduce those ten hours for your team?
client: It sounds promising, but we’ve tried new systems before, and the transition is always difficult. We're worried about the downtime and the learning curve.
manager: I understand your concern. Rolling out new software can be challenging. At Nexiv, we provide dedicated onboarding and training support to ensure a smooth transition. Plus, our customer success team is always on hand to assist with any issues. Would that help alleviate some of your concerns?
client: It might, but we're also cautious about the cost. Budget is a big factor for us right now."
3,98,gwenshap_nexiv-solutions__1_w009_012,nexiv-solutions__1,9,12,fix_next_step,actionable_coaching_needed,open_concern_rule,1,1,1.0,"manager: I understand your concern. Rolling out new software can be challenging. At Nexiv, we provide dedicated onboarding and training support to ensure a smooth transition. Plus, our customer success team is always on hand to assist with any issues. Would that help alleviate some of your concerns?
client: It might, but we're also cautious about the cost. Budget is a big factor for us right now.
manager: Absolutely, cost is a key consideration. Our solutions are scalable, and we can tailor a package that fits both your needs and your budget. More often than not, our customers find that the efficiencies they gain actually save them money in the long run. How does that sound?
client: It's worth exploring. What would be the next steps if we were interested in finding out more?"
3,99,gwenshap_nexiv-solutions__1_w011_014,nexiv-solutions__1,11,14,no_action,actionable_coaching_needed,open_concern_rule,0,1,1.0,"manager: Absolutely, cost is a key consideration. Our solutions are scalable, and we can tailor a package that fits both your needs and your budget. More often than not, our customers find that the efficiencies they gain actually save them money in the long run. How does that sound?
client: It's worth exploring. What would be the next steps if we were interested in finding out more?
manager: Great to hear! We can set up a demo tailored to your specific processes and pain points. From there, we would scope out a custom plan and provide a detailed quote. Could we schedule a time for the demo this week?
client: Sure, I have some availability on Thursday afternoon."
4,8,gwenshap_modamart__1_w001_004,modamart__1,1,4,handle_objection,actionable_coaching_needed,open_concern_rule,1,1,1.0,"manager: ** Good morning, this is Sarah from ModaMart. How can I assist you today?
client: ** Hi, this is John. I’ve been looking at some jackets on your website, but I’m not sure which one to choose. They all look pretty similar.
manager: ** Hi John! Thanks for reaching out. I’d be happy to help you find the perfect jacket. Are you looking for something specific, like a certain material or style?
client: ** Well, I’m mainly looking for something warm and stylish for the winter. I noticed some of the jackets say they're insulated, but I’m not sure how warm they really are."
4,9,gwenshap_modamart__1_w003_006,modamart__1,3,6,handle_objection,actionable_coaching_needed,open_concern_rule,1,1,1.0,"manager: ** Hi John! Thanks for reaching out. I’d be happy to help you find the perfect jacket. Are you looking for something specific, like a certain material or style?
client: ** Well, I’m mainly looking for something warm and stylish for the winter. I noticed some of the jackets say they're insulated, but I’m not sure how warm they really are.
manager: ** I understand. Our insulated jackets are designed to keep you warm even in very cold temperatures. We use high-quality down and synthetic materials. Do you have any preferences between down or synthetic insulation?
client: ** I’ve heard down is warmer, but I’m worried about how it holds up in wet weather."
4,10,gwenshap_modamart__1_w005_008,modamart__1,5,8,handle_objection,actionable_coaching_needed,open_concern_rule,1,1,1.0,"manager: ** I understand. Our insulated jackets are designed to keep you warm even in very cold temperatures. We use high-quality down and synthetic materials. Do you have any preferences between down or synthetic insulation?
client: ** I’ve heard down is warmer, but I’m worried about how it holds up in wet weather.
manager: ** That’s a great point. Down is incredibly warm, but it can lose its insulating properties when wet. Synthetic insulation, on the other hand, retains warmth even when damp. If you’re expecting to face wet conditions, I’d recommend going with a synthetic option.
client: ** Got it. Also, some of the reviews mention sizing issues. I don’t want to go through the hassle of returning something that doesn’t fit."
4,11,gwenshap_modamart__1_w007_010,modamart__1,7,10,no_action,actionable_coaching_needed,open_concern_rule,0,0,0.0,"manager: ** That’s a great point. Down is incredibly warm, but it can lose its insulating properties when wet. Synthetic insulation, on the other hand, retains warmth even when damp. If you’re expecting to face wet conditions, I’d recommend going with a synthetic option.
client: ** Got it. Also, some of the reviews mention sizing issues. I don’t want to go through the hassle of returning something that doesn’t fit.
manager: ** Understandable. Our jackets tend to run true to size, but I can give you more precise advice if you can tell me your typical jacket size and any specific measurements.
client: ** I'm usually a medium, but sometimes jackets feel tight around my shoulders."
4,12,gwenshap_modamart__1_w009_012,modamart__1,9,12,handle_objection,actionable_coaching_needed,open_concern_rule,1,1,1.0,"manager: ** Understandable. Our jackets tend to run true to size, but I can give you more precise advice if you can tell me your typical jacket size and any specific measurements.
client: ** I'm usually a medium, but sometimes jackets feel tight around my shoulders.
manager: ** Thanks for that info. If you’re concerned about the fit around the shoulders, I’d suggest going for a medium with a relaxed fit, or possibly sizing up to a large, especially with brands like NordicEdge that we carry. They offer more room in the shoulder area without making the jacket look oversized.
client: ** That sounds like a good idea. I'll also need the jacket relatively soon. How long does shipping usually take?"
4,13,gwenshap_modamart__1_w011_014,modamart__1,11,14,no_action,actionable_coaching_needed,open_concern_rule,0,0,0.0,"manager: ** Thanks for that info. If you’re concerned about the fit around the shoulders, I’d suggest going for a medium with a relaxed fit, or possibly sizing up to a large, especially with brands like NordicEdge that we carry. They offer more room in the shoulder area without making the jacket look oversized.
client: ** That sounds like a good idea. I'll also need the jacket relatively soon. How long does shipping usually take?
manager: ** Our standard shipping typically takes 3-5 business days, and we offer expedited options if you need it sooner. Are you looking to receive it by a particular date?
client: ** I'd like to have it within the next week if possible."
4,14,gwenshap_modamart__1_w013_016,modamart__1,13,16,fix_next_step,actionable_coaching_needed,open_concern_rule,1,0,0.0,"manager: ** Our standard shipping typically takes 3-5 business days, and we offer expedited options if you need it sooner. Are you looking to receive it by a particular date?
client: ** I'd like to have it within the next week if possible.
manager: ** In that case, I’d recommend our express shipping option. Let’s finalize your choice of jacket first. Are you leaning towards a specific model?
client: ** I think I’ll go with the NordicEdge Synthetic Insulated Jacket in large, like you mentioned."
4,15,gwenshap_modamart__1_w015_018,modamart__1,15,18,no_action,actionable_coaching_needed,open_concern_rule,0,0,0.0,"manager: ** In that case, I’d recommend our express shipping option. Let’s finalize your choice of jacket first. Are you leaning towards a specific model?
client: ** I think I’ll go with the NordicEdge Synthetic Insulated Jacket in large, like you mentioned.
manager: ** Great choice! I’ll get that set up for you with express shipping. You should receive it within 2-3 business days. Can I assist you with anything else today?
client: ** No, that's all for now. Thanks for your help!"
4,16,gwenshap_modamart__1_w017_020,modamart__1,17,20,no_action,actionable_coaching_needed,open_concern_rule,0,0,0.0,"manager: ** Great choice! I’ll get that set up for you with express shipping. You should receive it within 2-3 business days. Can I assist you with anything else today?
client: ** No, that's all for now. Thanks for your help!
manager: ** You're welcome, John! If you have any other questions, feel free to contact us. Have a great day!
client: ** Thanks, you too."
4,57,gwenshap_modamart__7_w001_004,modamart__7,1,4,anchor_value,actionable_coaching_needed,open_concern_rule,1,1,1.0,"manager: Good afternoon, this is Alex from ModaMart. How can I help you today?
client: Hi, Alex. I'm looking to update my wardrobe for the upcoming season, but I'm having trouble finding items that fit well and are in my budget.
manager: I understand. Finding the perfect fit and staying within budget can be challenging. Could you tell me a bit more about what you're specifically looking for?
client: Sure. I'm looking for casual clothes like jeans and tops, but I also want a couple of more formal outfits for work. My budget is around $300."
4,58,gwenshap_modamart__7_w003_006,modamart__7,3,6,no_action,actionable_coaching_needed,open_concern_rule,0,0,0.0,"manager: I understand. Finding the perfect fit and staying within budget can be challenging. Could you tell me a bit more about what you're specifically looking for?
client: Sure. I'm looking for casual clothes like jeans and tops, but I also want a couple of more formal outfits for work. My budget is around $300.
manager: Great, thanks for sharing that. At ModaMart, we specialize in high-quality, affordable fashion. What sizes are you requiring, and do you have any particular styles or colors in mind?
client: I'm a size 12 for jeans and medium for tops. I prefer neutral colors like black, white, and navy. As for style, I like classic, timeless pieces."
4,59,gwenshap_modamart__7_w005_008,modamart__7,5,8,handle_objection,actionable_coaching_needed,open_concern_rule,1,1,1.0,"manager: Great, thanks for sharing that. At ModaMart, we specialize in high-quality, affordable fashion. What sizes are you requiring, and do you have any particular styles or colors in mind?
client: I'm a size 12 for jeans and medium for tops. I prefer neutral colors like black, white, and navy. As for style, I like classic, timeless pieces.
manager: Got it. We have a range of jeans that are known for their great fit, like our High-Waist Slim Jeans. For tops, we recently launched a line of classic blouses that would pair nicely with those jeans for both casual and formal settings.
client: That sounds good, but I'm worried about the quality. I’ve bought clothes online before that ended up looking cheap or falling apart after a few washes."
4,60,gwenshap_modamart__7_w007_010,modamart__7,7,10,handle_objection,actionable_coaching_needed,open_concern_rule,1,1,1.0,"manager: Got it. We have a range of jeans that are known for their great fit, like our High-Waist Slim Jeans. For tops, we recently launched a line of classic blouses that would pair nicely with those jeans for both casual and formal settings.
client: That sounds good, but I'm worried about the quality. I’ve bought clothes online before that ended up looking cheap or falling apart after a few washes.
manager: I completely understand your concern. What sets ModaMart apart is our commitment to quality. We offer a 90-day return policy and quality guarantees on all our items. Plus, we have thousands of customer reviews if you'd like to read about their experiences.
client: That’s reassuring. But how do I know if the fit will be right? Online shopping can be a bit hit or miss for me."
4,61,gwenshap_modamart__7_w009_012,modamart__7,9,12,fix_next_step,actionable_coaching_needed,open_concern_rule,1,0,0.0,"manager: I completely understand your concern. What sets ModaMart apart is our commitment to quality. We offer a 90-day return policy and quality guarantees on all our items. Plus, we have thousands of customer reviews if you'd like to read about their experiences.
client: That’s reassuring. But how do I know if the fit will be right? Online shopping can be a bit hit or miss for me.
manager: A good fit is crucial. Each of our product pages includes detailed sizing charts and customer reviews specifically mentioning fit. Additionally, we offer free returns, so you can try on items risk-free and return or exchange anything that doesn't work.
client: That’s helpful to know. It sounds pretty good, but I’d like to think it over and maybe browse your site before making a decision."
4,62,gwenshap_modamart__7_w011_014,modamart__7,11,14,no_action,actionable_coaching_needed,open_concern_rule,0,0,0.0,"manager: A good fit is crucial. Each of our product pages includes detailed sizing charts and customer reviews specifically mentioning fit. Additionally, we offer free returns, so you can try on items risk-free and return or exchange anything that doesn't work.
client: That’s helpful to know. It sounds pretty good, but I’d like to think it over and maybe browse your site before making a decision.
manager: Of course, take all the time you need. If you’d like, I can also send you an email with direct links to our bestsellers within your criteria. That way, you can easily find what you’re looking for.
client: Yes, please do. That would make it easier for me to browse."
4,63,gwenshap_modamart__7_w013_016,modamart__7,13,16,no_action,actionable_coaching_needed,open_concern_rule,0,0,0.0,"manager: Of course, take all the time you need. If you’d like, I can also send you an email with direct links to our bestsellers within your criteria. That way, you can easily find what you’re looking for.
client: Yes, please do. That would make it easier for me to browse.
manager: Absolutely. I'll get that email over to you right after we hang up. If you have any other questions, feel free to reach out to me directly. My contact information will also be in the email.
client: Thank you, Alex. You've been very helpful."
4,64,gwenshap_modamart__7_w015_018,modamart__7,15,18,no_action,actionable_coaching_needed,open_concern_rule,0,0,0.0,"manager: Absolutely. I'll get that email over to you right after we hang up. If you have any other questions, feel free to reach out to me directly. My contact information will also be in the email.
client: Thank you, Alex. You've been very helpful.
manager: You’re welcome! Have a great day, and I look forward to helping you find the perfect outfits at ModaMart.
client: Thanks, you too."
0,49,gwenshap_modamart__6_w001_004,modamart__6,1,4,handle_objection,actionable_coaching_needed,tfidf_logreg,1,1,0.5664626146287528,"manager: Thank you for calling ModaMart. This is Alex. How can I help you today?
client: Hi Alex. I’m Lisa. I’ve been looking at your website, but I’m not sure about the sizes for a few items. They seem to vary a lot.
manager: I understand, Lisa. Sizes can be tricky. Are there specific items you’re concerned about?
client: Yes, the summer dresses. I’m usually a medium, but sometimes a small fits better. It’s confusing."
0,50,gwenshap_modamart__6_w003_006,modamart__6,3,6,handle_objection,actionable_coaching_needed,tfidf_logreg,1,1,0.5997371069757345,"manager: I understand, Lisa. Sizes can be tricky. Are there specific items you’re concerned about?
client: Yes, the summer dresses. I’m usually a medium, but sometimes a small fits better. It’s confusing.
manager: Got it. We actually have a detailed size chart for each product. Have you had a chance to look at those?
client: I saw the size chart but I’ve had problems with online size charts before. They don't always match up with the actual fit."
0,51,gwenshap_modamart__6_w005_008,modamart__6,5,8,handle_objection,actionable_coaching_needed,tfidf_logreg,1,1,0.6273921960754764,"manager: Got it. We actually have a detailed size chart for each product. Have you had a chance to look at those?
client: I saw the size chart but I’ve had problems with online size charts before. They don't always match up with the actual fit.
manager: That's a common issue. One thing we offer is a virtual stylist service. Would you be interested in setting up a quick consultation to get the best fit recommendations?
client: That sounds helpful, but I’m also worried about the return policy if things don’t fit. Is it easy to return items?"
0,52,gwenshap_modamart__6_w007_010,modamart__6,7,10,handle_objection,actionable_coaching_needed,tfidf_logreg,1,1,0.567268038288705,"manager: That's a common issue. One thing we offer is a virtual stylist service. Would you be interested in setting up a quick consultation to get the best fit recommendations?
client: That sounds helpful, but I’m also worried about the return policy if things don’t fit. Is it easy to return items?
manager: Absolutely. You have a 30-day window to return items for a full refund. We also offer free return shipping for all online purchases.
client: That sounds good. But I'm also hesitant because I’ve had bad experiences with slow shipping."
0,53,gwenshap_modamart__6_w009_012,modamart__6,9,12,fix_next_step,actionable_coaching_needed,tfidf_logreg,1,1,0.5073295691732488,"manager: Absolutely. You have a 30-day window to return items for a full refund. We also offer free return shipping for all online purchases.
client: That sounds good. But I'm also hesitant because I’ve had bad experiences with slow shipping.
manager: We hear you, Lisa. At ModaMart, we prioritize fast and reliable shipping. Most of our orders arrive within 5 business days. Plus, we offer expedited shipping if you need your items sooner.
client: Alright, that’s reassuring. How do I set up the virtual stylist consultation?"
0,54,gwenshap_modamart__6_w011_014,modamart__6,11,14,no_action,actionable_coaching_needed,tfidf_logreg,0,0,0.4527731571053261,"manager: We hear you, Lisa. At ModaMart, we prioritize fast and reliable shipping. Most of our orders arrive within 5 business days. Plus, we offer expedited shipping if you need your items sooner.
client: Alright, that’s reassuring. How do I set up the virtual stylist consultation?
manager: You can easily schedule it on our website or I can set it up for you right now. What’s your preferred time and date?
client: I’m free tomorrow afternoon. Maybe around 2 PM?"
0,55,gwenshap_modamart__6_w013_016,modamart__6,13,16,no_action,actionable_coaching_needed,tfidf_logreg,0,0,0.378679144287994,"manager: You can easily schedule it on our website or I can set it up for you right now. What’s your preferred time and date?
client: I’m free tomorrow afternoon. Maybe around 2 PM?
manager: Perfect. I’ve scheduled your virtual stylist consultation for tomorrow at 2 PM. You’ll receive a confirmation email shortly. Is there anything else I can assist you with?
client: No, that’s all for now. Thanks, Alex."
0,56,gwenshap_modamart__6_w015_018,modamart__6,15,18,no_action,actionable_coaching_needed,tfidf_logreg,0,0,0.33377587662701147,"manager: Perfect. I’ve scheduled your virtual stylist consultation for tomorrow at 2 PM. You’ll receive a confirmation email shortly. Is there anything else I can assist you with?
client: No, that’s all for now. Thanks, Alex.
manager: My pleasure, Lisa. Have a great day and we’ll talk to you tomorrow.
client: Thanks, bye!"
0,84,gwenshap_nexiv-solutions__0_w001_004,nexiv-solutions__0,1,4,avoid_early_presentation,actionable_coaching_needed,tfidf_logreg,1,1,0.5410788897316628,"manager: Good afternoon! My name is Kelly from Nexiv Solutions. How are you today?
client: Hi Kelly, I’m doing well, thanks. How about you?
manager: I'm great, thanks for asking! I wanted to take a few minutes to discuss how Nexiv Solutions might be able to help streamline your tech operations. Do you have some time right now?
client: Sure, I have a few minutes."
0,85,gwenshap_nexiv-solutions__0_w003_006,nexiv-solutions__0,3,6,anchor_value,actionable_coaching_needed,tfidf_logreg,1,1,0.5354746112037567,"manager: I'm great, thanks for asking! I wanted to take a few minutes to discuss how Nexiv Solutions might be able to help streamline your tech operations. Do you have some time right now?
client: Sure, I have a few minutes.
manager: Fantastic. Can you tell me a bit about your current tech setup and any challenges you’re facing?
client: Well, we are currently using multiple platforms to manage our customer data, and it's becoming increasingly difficult to keep everything synchronized. We often have data discrepancies and it's a real pain point for us."
0,86,gwenshap_nexiv-solutions__0_w005_008,nexiv-solutions__0,5,8,anchor_value,actionable_coaching_needed,tfidf_logreg,1,1,0.5892751068529152,"manager: Fantastic. Can you tell me a bit about your current tech setup and any challenges you’re facing?
client: Well, we are currently using multiple platforms to manage our customer data, and it's becoming increasingly difficult to keep everything synchronized. We often have data discrepancies and it's a real pain point for us.
manager: I understand. Data inconsistencies can be very frustrating. How much time do you think your team spends dealing with these issues?
client: Honestly, we’re spending several hours each week just trying to reconcile data from different sources. It's not just time-consuming but also affects our productivity."
0,87,gwenshap_nexiv-solutions__0_w007_010,nexiv-solutions__0,7,10,anchor_value,actionable_coaching_needed,tfidf_logreg,1,1,0.5975597466116401,"manager: I understand. Data inconsistencies can be very frustrating. How much time do you think your team spends dealing with these issues?
client: Honestly, we’re spending several hours each week just trying to reconcile data from different sources. It's not just time-consuming but also affects our productivity.
manager: That sounds really tough. What have you tried so far to address this issue?
client: We've tried using third-party integration tools, but they have their own limitations and often create more problems than they solve."
0,88,gwenshap_nexiv-solutions__0_w009_012,nexiv-solutions__0,9,12,handle_objection,actionable_coaching_needed,tfidf_logreg,1,1,0.587320898039143,"manager: That sounds really tough. What have you tried so far to address this issue?
client: We've tried using third-party integration tools, but they have their own limitations and often create more problems than they solve.
manager: I see. It's crucial to have a reliable solution. At Nexiv Solutions, we offer a unified platform that can integrate seamlessly with your existing systems and centralize your customer data to ensure consistency. Would that be something you’re interested in?
client: It sounds promising, but we’re concerned about the implementation process. We can’t afford much downtime."
0,89,gwenshap_nexiv-solutions__0_w011_014,nexiv-solutions__0,11,14,handle_objection,actionable_coaching_needed,tfidf_logreg,1,1,0.5938431259078341,"manager: I see. It's crucial to have a reliable solution. At Nexiv Solutions, we offer a unified platform that can integrate seamlessly with your existing systems and centralize your customer data to ensure consistency. Would that be something you’re interested in?
client: It sounds promising, but we’re concerned about the implementation process. We can’t afford much downtime.
manager: That’s a valid concern. Our solution is designed to integrate with minimal disruption to your operations. We also provide comprehensive support during the implementation process to ensure a smooth transition. How does that align with your needs?
client: It does sound reassuring, but we’re also on a tight budget. Can you give me an idea of the cost?"
0,90,gwenshap_nexiv-solutions__0_w013_016,nexiv-solutions__0,13,16,fix_next_step,actionable_coaching_needed,tfidf_logreg,1,1,0.5784789261798884,"manager: That’s a valid concern. Our solution is designed to integrate with minimal disruption to your operations. We also provide comprehensive support during the implementation process to ensure a smooth transition. How does that align with your needs?
client: It does sound reassuring, but we’re also on a tight budget. Can you give me an idea of the cost?
manager: Absolutely. While it varies based on the specific package and the size of your operation, I'd be happy to provide a detailed quote after understanding more about your requirements. We often find that the efficiency gained offsets the initial investment quite quickly.
client: Okay, that makes sense. Can you send over some more information?"
0,91,gwenshap_nexiv-solutions__0_w015_018,nexiv-solutions__0,15,18,no_action,actionable_coaching_needed,tfidf_logreg,0,1,0.5277834043197828,"manager: Absolutely. While it varies based on the specific package and the size of your operation, I'd be happy to provide a detailed quote after understanding more about your requirements. We often find that the efficiency gained offsets the initial investment quite quickly.
client: Okay, that makes sense. Can you send over some more information?
manager: Of course. I’ll email you a detailed proposal along with case studies that demonstrate how we've helped similar companies. Can we schedule a follow-up call for later this week to discuss any questions you might have?
client: Sure, I am available on Thursday afternoon."
0,92,gwenshap_nexiv-solutions__0_w017_020,nexiv-solutions__0,17,20,no_action,actionable_coaching_needed,tfidf_logreg,0,0,0.39323396735913735,"manager: Of course. I’ll email you a detailed proposal along with case studies that demonstrate how we've helped similar companies. Can we schedule a follow-up call for later this week to discuss any questions you might have?
client: Sure, I am available on Thursday afternoon.
manager: Perfect! I'll set up a meeting for Thursday at 2 PM. I’ll send a calendar invite shortly. Is there anything else you’d like to discuss today?
client: No, that covers it for now. Thanks, Kelly."
0,93,gwenshap_nexiv-solutions__0_w019_022,nexiv-solutions__0,19,22,no_action,actionable_coaching_needed,tfidf_logreg,0,0,0.3160675145951792,"manager: Perfect! I'll set up a meeting for Thursday at 2 PM. I’ll send a calendar invite shortly. Is there anything else you’d like to discuss today?
client: No, that covers it for now. Thanks, Kelly.
manager: You're welcome! Looking forward to our call on Thursday. Have a great day.
client: You too, bye."
1,26,gwenshap_modamart__3_w001_004,modamart__3,1,4,handle_objection,actionable_coaching_needed,tfidf_logreg,1,1,0.5946401235107569,"manager: Good afternoon! Thank you for calling ModaMart. My name is Alex. How can I assist you today?
client: Hi, Alex. I'm looking to revamp my wardrobe and I've heard good things about ModaMart, but I've had some bad experiences with online shopping in the past. I'm not sure if I should give it another try.
manager: I understand your concerns. Online shopping can be tricky sometimes. Could you tell me more about what issues you've faced before?
client: Well, the last few times, the clothes didn't fit right and returning them was such a hassle. Plus, the quality wasn't as good as advertised."
1,27,gwenshap_modamart__3_w003_006,modamart__3,3,6,handle_objection,actionable_coaching_needed,tfidf_logreg,1,1,0.5999323091330707,"manager: I understand your concerns. Online shopping can be tricky sometimes. Could you tell me more about what issues you've faced before?
client: Well, the last few times, the clothes didn't fit right and returning them was such a hassle. Plus, the quality wasn't as good as advertised.
manager: I'm really sorry to hear that. At ModaMart, we offer a detailed sizing guide to help with the fit, and our return process is designed to be hassle-free. You can return items within 30 days for a full refund. As for quality, all our products go through rigorous quality checks before being shipped.
client: That sounds better, but I'm still skeptical about the fit. How accurate are your sizing charts?"
1,28,gwenshap_modamart__3_w005_008,modamart__3,5,8,handle_objection,actionable_coaching_needed,tfidf_logreg,1,1,0.6023129820541478,"manager: I'm really sorry to hear that. At ModaMart, we offer a detailed sizing guide to help with the fit, and our return process is designed to be hassle-free. You can return items within 30 days for a full refund. As for quality, all our products go through rigorous quality checks before being shipped.
client: That sounds better, but I'm still skeptical about the fit. How accurate are your sizing charts?
manager: Our sizing charts are updated regularly based on customer feedback and measurements. Additionally, we offer a virtual fitting room feature where you can input your measurements and see how different sizes might fit you.
client: Hmm. That sounds helpful, but it's still a leap of faith for me. I hate dealing with returns."
1,29,gwenshap_modamart__3_w007_010,modamart__3,7,10,handle_objection,actionable_coaching_needed,tfidf_logreg,1,1,0.5744009884752476,"manager: Our sizing charts are updated regularly based on customer feedback and measurements. Additionally, we offer a virtual fitting room feature where you can input your measurements and see how different sizes might fit you.
client: Hmm. That sounds helpful, but it's still a leap of faith for me. I hate dealing with returns.
manager: I completely understand. To make it even easier, we can provide you with a prepaid return label along with your order, so you don't have to worry about shipping costs if something doesn't fit.
client: That’s a nice touch. I’m also concerned about the pricing. I want good quality but at a reasonable price."
1,30,gwenshap_modamart__3_w009_012,modamart__3,9,12,fix_next_step,actionable_coaching_needed,tfidf_logreg,1,1,0.525118350290468,"manager: I completely understand. To make it even easier, we can provide you with a prepaid return label along with your order, so you don't have to worry about shipping costs if something doesn't fit.
client: That’s a nice touch. I’m also concerned about the pricing. I want good quality but at a reasonable price.
manager: We strive to offer quality products at competitive prices. Plus, if you sign up for our ModaMart Rewards program, you’ll receive exclusive discounts and early access to sales. As a new customer, we can offer you a 20% discount on your first purchase.
client: That’s pretty tempting. I might give it a try. What are the next steps?"
1,31,gwenshap_modamart__3_w011_014,modamart__3,11,14,no_action,actionable_coaching_needed,tfidf_logreg,0,0,0.4574902649014822,"manager: We strive to offer quality products at competitive prices. Plus, if you sign up for our ModaMart Rewards program, you’ll receive exclusive discounts and early access to sales. As a new customer, we can offer you a 20% discount on your first purchase.
client: That’s pretty tempting. I might give it a try. What are the next steps?
manager: Great to hear! You can visit our website and sign up for the ModaMart Rewards program right away. If you need any assistance with sizing or product details, feel free to reach out to our customer service team. They'll be more than happy to help.
client: Alright, I’ll check it out. Thank you for addressing my concerns, Alex."
1,32,gwenshap_modamart__3_w013_016,modamart__3,13,16,no_action,actionable_coaching_needed,tfidf_logreg,0,0,0.41175814668751853,"manager: Great to hear! You can visit our website and sign up for the ModaMart Rewards program right away. If you need any assistance with sizing or product details, feel free to reach out to our customer service team. They'll be more than happy to help.
client: Alright, I’ll check it out. Thank you for addressing my concerns, Alex.
manager: It’s my pleasure. Thank you for considering ModaMart. Have a great day, and happy shopping!
client: Thanks, you too. Bye."
1,42,gwenshap_modamart__5_w001_004,modamart__5,1,4,no_action,actionable_coaching_needed,tfidf_logreg,0,1,0.5791470315846736,"manager: Good afternoon! Thanks for calling ModaMart. My name is Jessica. How can I assist you today?
client: Hi Jessica. I'm considering buying some new clothes for the fall season, but I'm a bit overwhelmed by the options. I usually shop in-store, and online shopping's got me confused with sizing and returns.
manager: I completely understand. Finding the right fit online can be tricky. Are there specific items or styles you're looking for?
client: Yes, I'm looking for some casual and business-casual pieces like sweaters, blouses, and maybe a new pair of jeans."
1,43,gwenshap_modamart__5_w003_006,modamart__5,3,6,handle_objection,actionable_coaching_needed,tfidf_logreg,1,1,0.5729913276915373,"manager: I completely understand. Finding the right fit online can be tricky. Are there specific items or styles you're looking for?
client: Yes, I'm looking for some casual and business-casual pieces like sweaters, blouses, and maybe a new pair of jeans.
manager: Great choice for the fall season! At ModaMart, we have detailed size charts and fit guides that can help you determine the best size. Additionally, our return policy is pretty flexible. If something doesn't fit, you can return or exchange it within 30 days.
client: That sounds helpful. But what about the quality? Sometimes online products don’t match the pictures and descriptions."
1,44,gwenshap_modamart__5_w005_008,modamart__5,5,8,handle_objection,actionable_coaching_needed,tfidf_logreg,1,1,0.5628173682220114,"manager: Great choice for the fall season! At ModaMart, we have detailed size charts and fit guides that can help you determine the best size. Additionally, our return policy is pretty flexible. If something doesn't fit, you can return or exchange it within 30 days.
client: That sounds helpful. But what about the quality? Sometimes online products don’t match the pictures and descriptions.
manager: That's a common concern. ModaMart ensures high quality for all our products, and we provide customer reviews and ratings for most items. This way, you can see what other customers think before making a purchase. Our customer service team is also available to help with any issues you might have once you receive your order.
client: That’s reassuring. Still, I'm worried about the hassle of returns if I don’t like something. I've had bad experiences with other retailers."
1,45,gwenshap_modamart__5_w007_010,modamart__5,7,10,handle_objection,actionable_coaching_needed,tfidf_logreg,1,1,0.5602375822717685,"manager: That's a common concern. ModaMart ensures high quality for all our products, and we provide customer reviews and ratings for most items. This way, you can see what other customers think before making a purchase. Our customer service team is also available to help with any issues you might have once you receive your order.
client: That’s reassuring. Still, I'm worried about the hassle of returns if I don’t like something. I've had bad experiences with other retailers.
manager: I hear you. ModaMart aims to make the returns process as smooth as possible. You can initiate a return directly from your online account, and we provide a prepaid shipping label to send items back without any additional cost.
client: Okay, that does sound convenient. How long does the refund process usually take?"
1,46,gwenshap_modamart__5_w009_012,modamart__5,9,12,fix_next_step,actionable_coaching_needed,tfidf_logreg,1,1,0.5210824341313399,"manager: I hear you. ModaMart aims to make the returns process as smooth as possible. You can initiate a return directly from your online account, and we provide a prepaid shipping label to send items back without any additional cost.
client: Okay, that does sound convenient. How long does the refund process usually take?
manager: Once we receive the returned items, refunds are typically processed within 3 to 5 business days. You'll receive an email confirmation when the refund has been issued.
client: That sounds fair. I think I’ll give it a try. How do I get started?"
1,47,gwenshap_modamart__5_w011_014,modamart__5,11,14,no_action,actionable_coaching_needed,tfidf_logreg,0,0,0.4387833225677452,"manager: Once we receive the returned items, refunds are typically processed within 3 to 5 business days. You'll receive an email confirmation when the refund has been issued.
client: That sounds fair. I think I’ll give it a try. How do I get started?
manager: Fantastic! You can start by visiting our website and browsing the fall collection. If you have any questions at any point, feel free to contact us via chat, phone, or email. We’re here to help.
client: Thanks, Jessica. You've been very helpful."
1,48,gwenshap_modamart__5_w013_016,modamart__5,13,16,no_action,actionable_coaching_needed,tfidf_logreg,0,0,0.42578819391532424,"manager: Fantastic! You can start by visiting our website and browsing the fall collection. If you have any questions at any point, feel free to contact us via chat, phone, or email. We’re here to help.
client: Thanks, Jessica. You've been very helpful.
manager: It’s my pleasure! Have a great day shopping with ModaMart, and enjoy your new fall wardrobe!
client: Thanks again. Bye!"
1,65,gwenshap_modamart__8_w001_004,modamart__8,1,4,anchor_value,actionable_coaching_needed,tfidf_logreg,1,1,0.5829428272182804,"manager: Thank you for calling ModaMart! This is Sarah, how can I assist you today?
client: Hi, I'm looking for some information on your latest winter collection. I'm particularly interested in jackets.
manager: Absolutely! Our new winter collection just launched, and we have some great jackets in various styles. Are you looking for something more casual or formal?
client: I'm going to need something versatile. You know, something I can wear to work but also on weekends. And it has to be warm because the last jacket I bought from another store wasn’t warm enough."
1,66,gwenshap_modamart__8_w003_006,modamart__8,3,6,handle_objection,actionable_coaching_needed,tfidf_logreg,1,1,0.6139126776334124,"manager: Absolutely! Our new winter collection just launched, and we have some great jackets in various styles. Are you looking for something more casual or formal?
client: I'm going to need something versatile. You know, something I can wear to work but also on weekends. And it has to be warm because the last jacket I bought from another store wasn’t warm enough.
manager: I understand. Staying warm in winter is crucial. All our winter jackets are insulated, but for a versatile option, I recommend our ""Everest"" jacket. It's designed to be both work-appropriate and casual.
client: That sounds good, but I'm also concerned about the fit. I'm tall and often find it hard to get a good fit off the rack."
1,67,gwenshap_modamart__8_w005_008,modamart__8,5,8,no_action,actionable_coaching_needed,tfidf_logreg,0,1,0.5862073463367082,"manager: I understand. Staying warm in winter is crucial. All our winter jackets are insulated, but for a versatile option, I recommend our ""Everest"" jacket. It's designed to be both work-appropriate and casual.
client: That sounds good, but I'm also concerned about the fit. I'm tall and often find it hard to get a good fit off the rack.
manager: I hear you. Fit can be a tricky issue. The ""Everest"" jacket comes in a variety of sizes, including tall options. If you like, I can check the availability in your size and possibly suggest some alternatives.
client: Sure, that would be helpful."
1,68,gwenshap_modamart__8_w007_010,modamart__8,7,10,no_action,actionable_coaching_needed,tfidf_logreg,0,1,0.5165619786507288,"manager: I hear you. Fit can be a tricky issue. The ""Everest"" jacket comes in a variety of sizes, including tall options. If you like, I can check the availability in your size and possibly suggest some alternatives.
client: Sure, that would be helpful.
manager: Great, can you tell me your size? That will help me narrow it down.
client: I usually wear a large, but like I said, I need it in tall sizes."
1,69,gwenshap_modamart__8_w009_012,modamart__8,9,12,handle_objection,actionable_coaching_needed,tfidf_logreg,1,1,0.551243197165306,"manager: Great, can you tell me your size? That will help me narrow it down.
client: I usually wear a large, but like I said, I need it in tall sizes.
manager: Understood. Let me check our inventory... Yes, we have the ""Everest"" in large tall. We also have a similar style called ""Alpine"" which is a bit more fitted but equally warm and versatile.
client: Okay, that sounds good. But what if it doesn't fit right? Can I return it easily?"
1,70,gwenshap_modamart__8_w011_014,modamart__8,11,14,fix_next_step,actionable_coaching_needed,tfidf_logreg,1,1,0.5314034993575435,"manager: Understood. Let me check our inventory... Yes, we have the ""Everest"" in large tall. We also have a similar style called ""Alpine"" which is a bit more fitted but equally warm and versatile.
client: Okay, that sounds good. But what if it doesn't fit right? Can I return it easily?
manager: Definitely, we have a hassle-free return policy. You can return or exchange any item within 30 days of purchase, no questions asked.
client: Alright. I think I'll go with the ""Everest"" jacket. Can you help me place the order?"
1,71,gwenshap_modamart__8_w013_016,modamart__8,13,16,no_action,actionable_coaching_needed,tfidf_logreg,0,0,0.48143812377748624,"manager: Definitely, we have a hassle-free return policy. You can return or exchange any item within 30 days of purchase, no questions asked.
client: Alright. I think I'll go with the ""Everest"" jacket. Can you help me place the order?
manager: Of course! I’ll need a few details to complete the order. How would you like to make the payment?
client: I’ll use my credit card."
1,72,gwenshap_modamart__8_w015_018,modamart__8,15,18,no_action,actionable_coaching_needed,tfidf_logreg,0,0,0.4724952078422708,"manager: Of course! I’ll need a few details to complete the order. How would you like to make the payment?
client: I’ll use my credit card.
manager: Perfect. I'll just need your shipping address and payment details to complete your order. Would you like an email confirmation?
client: Yes, please. How long will the shipping take?"
1,73,gwenshap_modamart__8_w017_020,modamart__8,17,20,no_action,actionable_coaching_needed,tfidf_logreg,0,0,0.44568472551404875,"manager: Perfect. I'll just need your shipping address and payment details to complete your order. Would you like an email confirmation?
client: Yes, please. How long will the shipping take?
manager: Standard shipping typically takes 3-5 business days. You’ll receive tracking information via email once the order has been shipped.
client: Great, I appreciate the help!"
1,74,gwenshap_modamart__8_w019_022,modamart__8,19,22,no_action,actionable_coaching_needed,tfidf_logreg,0,0,0.4053938549543338,"manager: Standard shipping typically takes 3-5 business days. You’ll receive tracking information via email once the order has been shipped.
client: Great, I appreciate the help!
manager: My pleasure! Your order will be processed shortly. If you have any other questions or need further assistance, don't hesitate to reach out.
client: Will do. Thanks again!"
2,17,gwenshap_modamart__2_w001_004,modamart__2,1,4,handle_objection,actionable_coaching_needed,tfidf_logreg,1,1,0.5903203083767383,"manager: Hi there, this is Jake from ModaMart. How are you today?
client: Hi Jake, I'm doing okay. Just busy with work. What can I help you with?
manager: I completely understand! I'll keep it brief. I wanted to touch base about your recent online browsing and see if you had any questions or needed assistance with anything.
client: Well, I have been looking at some of your new fall collection, but I'm honestly not sure about a few things."
2,18,gwenshap_modamart__2_w003_006,modamart__2,3,6,handle_objection,actionable_coaching_needed,tfidf_logreg,1,1,0.5340199062928463,"manager: I completely understand! I'll keep it brief. I wanted to touch base about your recent online browsing and see if you had any questions or needed assistance with anything.
client: Well, I have been looking at some of your new fall collection, but I'm honestly not sure about a few things.
manager: That's great to hear you've been checking out our new collection! What specifically has you unsure?
client: The main thing is sizing. I've found that with some brands, the sizes are all over the place. I'm worried about ordering something that doesn't fit right."
2,19,gwenshap_modamart__2_w005_008,modamart__2,5,8,handle_objection,actionable_coaching_needed,tfidf_logreg,1,1,0.5920448590050187,"manager: That's great to hear you've been checking out our new collection! What specifically has you unsure?
client: The main thing is sizing. I've found that with some brands, the sizes are all over the place. I'm worried about ordering something that doesn't fit right.
manager: Got it. Sizing can definitely be tricky. At ModaMart, we actually provide detailed sizing charts for each brand. Have you had a chance to look at those?
client: I saw them, but I'm still skeptical. Returning items is just such a hassle."
2,20,gwenshap_modamart__2_w007_010,modamart__2,7,10,handle_objection,actionable_coaching_needed,tfidf_logreg,1,1,0.6538204878004077,"manager: Got it. Sizing can definitely be tricky. At ModaMart, we actually provide detailed sizing charts for each brand. Have you had a chance to look at those?
client: I saw them, but I'm still skeptical. Returning items is just such a hassle.
manager: I hear you. To make the process easier, we offer free returns and exchanges within 30 days. We can even schedule a pickup for the return. Does that address your concern?
client: That does help, but I'm also a bit concerned about the quality. I've had bad experiences with online shopping before."
2,21,gwenshap_modamart__2_w009_012,modamart__2,9,12,no_action,actionable_coaching_needed,tfidf_logreg,0,1,0.6514822678313978,"manager: I hear you. To make the process easier, we offer free returns and exchanges within 30 days. We can even schedule a pickup for the return. Does that address your concern?
client: That does help, but I'm also a bit concerned about the quality. I've had bad experiences with online shopping before.
manager: I understand your concerns. At ModaMart, we pride ourselves on offering high-quality products, but we also have customer reviews for most items. Reading them might give you a better sense of the quality. Have you checked those out?
client: No, I haven't really looked at the reviews yet."
2,22,gwenshap_modamart__2_w011_014,modamart__2,11,14,handle_objection,actionable_coaching_needed,tfidf_logreg,1,1,0.5701009950734894,"manager: I understand your concerns. At ModaMart, we pride ourselves on offering high-quality products, but we also have customer reviews for most items. Reading them might give you a better sense of the quality. Have you checked those out?
client: No, I haven't really looked at the reviews yet.
manager: I highly recommend it. They can be very informative. Plus, if you find that you're still not satisfied with the product, our customer service team is here to ensure you have a positive experience.
client: Alright, I'll take a look at the reviews. One more thing—do you have any promotions or discounts going on right now?"
2,23,gwenshap_modamart__2_w013_016,modamart__2,13,16,no_action,actionable_coaching_needed,tfidf_logreg,0,0,0.49097435252504795,"manager: I highly recommend it. They can be very informative. Plus, if you find that you're still not satisfied with the product, our customer service team is here to ensure you have a positive experience.
client: Alright, I'll take a look at the reviews. One more thing—do you have any promotions or discounts going on right now?
manager: I'm glad you asked! We currently have a 15% off promotion for first-time online customers. I can send you a discount code if you're interested.
client: That sounds good. Yeah, please send me the code."
2,24,gwenshap_modamart__2_w015_018,modamart__2,15,18,no_action,actionable_coaching_needed,tfidf_logreg,0,0,0.3549182602180945,"manager: I'm glad you asked! We currently have a 15% off promotion for first-time online customers. I can send you a discount code if you're interested.
client: That sounds good. Yeah, please send me the code.
manager: Will do! I'll email the discount code to you right after this call. Is there anything else I can assist you with today?
client: No, I think that covers my questions for now. Thanks for your help."
2,25,gwenshap_modamart__2_w017_020,modamart__2,17,20,no_action,actionable_coaching_needed,tfidf_logreg,0,0,0.2673150616606819,"manager: Will do! I'll email the discount code to you right after this call. Is there anything else I can assist you with today?
client: No, I think that covers my questions for now. Thanks for your help.
manager: You're welcome! Don't hesitate to reach out if you have any more questions, and enjoy shopping at ModaMart. Have a great day!
client: Thanks, Jake. You too."
2,75,gwenshap_modamart__9_w001_004,modamart__9,1,4,no_action,actionable_coaching_needed,tfidf_logreg,0,1,0.5657540494859019,"manager: Hi, thank you for calling ModaMart. This is Jamie, how can I assist you today?
client: Hi Jamie, I’ve been having some issues with an order I recently placed.
manager: I’m sorry to hear that. Could you provide me with your order number so I can look into it?
client: Sure, it’s 56789."
2,76,gwenshap_modamart__9_w003_006,modamart__9,3,6,no_action,actionable_coaching_needed,tfidf_logreg,0,1,0.5722942316795662,"manager: I’m sorry to hear that. Could you provide me with your order number so I can look into it?
client: Sure, it’s 56789.
manager: Alright, let me pull that up. While I'm doing that, can you tell me exactly what's been going wrong?
client: The main thing is that the dress I received is a different color than what was shown online. Also, it doesn’t fit as expected."
2,77,gwenshap_modamart__9_w005_008,modamart__9,5,8,no_action,actionable_coaching_needed,tfidf_logreg,0,1,0.5899933969723868,"manager: Alright, let me pull that up. While I'm doing that, can you tell me exactly what's been going wrong?
client: The main thing is that the dress I received is a different color than what was shown online. Also, it doesn’t fit as expected.
manager: I see. I apologize for that inconvenience. Let me first address the color issue. Can you describe the discrepancy between the color you saw online and the one you received?
client: The dress was supposed to be a light blue, but what I got is more of a teal."
2,78,gwenshap_modamart__9_w007_010,modamart__9,7,10,handle_objection,actionable_coaching_needed,tfidf_logreg,1,1,0.5339693917640712,"manager: I see. I apologize for that inconvenience. Let me first address the color issue. Can you describe the discrepancy between the color you saw online and the one you received?
client: The dress was supposed to be a light blue, but what I got is more of a teal.
manager: Thank you for pointing that out. Sometimes colors can appear differently due to screen settings. We can certainly look into that for you. Regarding the fit, did you use our sizing guide when you placed the order?
client: Yes, I did, but it’s still too tight around the waist."
2,79,gwenshap_modamart__9_w009_012,modamart__9,9,12,handle_objection,actionable_coaching_needed,tfidf_logreg,1,1,0.5568445124511255,"manager: Thank you for pointing that out. Sometimes colors can appear differently due to screen settings. We can certainly look into that for you. Regarding the fit, did you use our sizing guide when you placed the order?
client: Yes, I did, but it’s still too tight around the waist.
manager: I'm really sorry to hear that. We do our best to create accurate sizing guides, but it sounds like this one didn't match up for you. We can process an exchange for a different size or even a return if you prefer.
client: I think I’d rather return it. But what about the return shipping, do I have to pay for that?"
2,80,gwenshap_modamart__9_w011_014,modamart__9,11,14,fix_next_step,actionable_coaching_needed,tfidf_logreg,1,1,0.6005102980904379,"manager: I'm really sorry to hear that. We do our best to create accurate sizing guides, but it sounds like this one didn't match up for you. We can process an exchange for a different size or even a return if you prefer.
client: I think I’d rather return it. But what about the return shipping, do I have to pay for that?
manager: For cases where the item is not as described or doesn't fit as expected despite following our sizing guide, we cover the return shipping costs. I'll email you a prepaid return label and instructions on how to send it back.
client: Okay, that sounds good. What’s the next step after I send it back?"
2,81,gwenshap_modamart__9_w013_016,modamart__9,13,16,handle_objection,actionable_coaching_needed,tfidf_logreg,1,1,0.5105826926080511,"manager: For cases where the item is not as described or doesn't fit as expected despite following our sizing guide, we cover the return shipping costs. I'll email you a prepaid return label and instructions on how to send it back.
client: Okay, that sounds good. What’s the next step after I send it back?
manager: Once we receive the returned dress, we’ll process your refund within 3-5 business days and send you a confirmation email. Is there anything else I can help you with today?
client: Actually, I was looking at another dress on your website. Can you tell me about your exchange policy?"
2,82,gwenshap_modamart__9_w015_018,modamart__9,15,18,no_action,actionable_coaching_needed,tfidf_logreg,0,0,0.4698009317338158,"manager: Once we receive the returned dress, we’ll process your refund within 3-5 business days and send you a confirmation email. Is there anything else I can help you with today?
client: Actually, I was looking at another dress on your website. Can you tell me about your exchange policy?
manager: Certainly! If you decide on another dress and it ends up not being right, you have a 30-day window to return or exchange it. Just keep the tags on and bring the original receipt.
client: Alright, that covers everything. Thanks for your help."
2,83,gwenshap_modamart__9_w017_020,modamart__9,17,20,no_action,actionable_coaching_needed,tfidf_logreg,0,0,0.396138732070425,"manager: Certainly! If you decide on another dress and it ends up not being right, you have a 30-day window to return or exchange it. Just keep the tags on and bring the original receipt.
client: Alright, that covers everything. Thanks for your help.
manager: You’re welcome! I'll send that return label shortly. Have a great day, and feel free to contact us if you have any more questions.
client: Will do, thanks."
3,0,gwenshap_modamart__0_w001_004,modamart__0,1,4,handle_objection,actionable_coaching_needed,tfidf_logreg,1,1,0.5567331707284503,"manager: Hi there! Thank you for taking the time to speak with me today. My name is Jamie, and I’m a sales representative from ModaMart. How are you today?
client: Hi Jamie. I'm doing well, thanks. How about you?
manager: I’m great, thank you! So, I understand you’ve been browsing our online store. Is there anything specific you’re looking for today?
client: Well, I've been looking at some winter jackets, but I'm not sure about the quality and if they're worth the price."
3,1,gwenshap_modamart__0_w003_006,modamart__0,3,6,no_action,actionable_coaching_needed,tfidf_logreg,0,1,0.5934972705944315,"manager: I’m great, thank you! So, I understand you’ve been browsing our online store. Is there anything specific you’re looking for today?
client: Well, I've been looking at some winter jackets, but I'm not sure about the quality and if they're worth the price.
manager: I completely understand your concerns. Our winter jackets are made from high-quality materials designed to keep you warm even in the harshest conditions. May I ask what specifically you’re looking for in a jacket?
client: I mostly need something that’s really warm but also lightweight. I don’t want to feel like I'm carrying a heavy blanket around."
3,2,gwenshap_modamart__0_w005_008,modamart__0,5,8,handle_objection,actionable_coaching_needed,tfidf_logreg,1,1,0.6241635657953877,"manager: I completely understand your concerns. Our winter jackets are made from high-quality materials designed to keep you warm even in the harshest conditions. May I ask what specifically you’re looking for in a jacket?
client: I mostly need something that’s really warm but also lightweight. I don’t want to feel like I'm carrying a heavy blanket around.
manager: That makes total sense. Nobody likes to feel weighed down. We have a range of jackets filled with high-loft down, which is incredibly warm yet very lightweight. Have you had a chance to read any reviews or check out our customer ratings?
client: I did see some reviews, but I’m always a bit skeptical. Sometimes reviews can be misleading."
3,3,gwenshap_modamart__0_w007_010,modamart__0,7,10,handle_objection,actionable_coaching_needed,tfidf_logreg,1,1,0.6079135286192067,"manager: That makes total sense. Nobody likes to feel weighed down. We have a range of jackets filled with high-loft down, which is incredibly warm yet very lightweight. Have you had a chance to read any reviews or check out our customer ratings?
client: I did see some reviews, but I’m always a bit skeptical. Sometimes reviews can be misleading.
manager: That’s a valid point. If you’re interested, I can send you a few detailed testimonials from customers who specifically mentioned how lightweight and warm our jackets are. Would that help?
client: Yeah, that would be helpful. But I'm also concerned about sizing. I’ve had issues with ordering clothes online that don’t fit well."
3,4,gwenshap_modamart__0_w009_012,modamart__0,9,12,no_action,actionable_coaching_needed,tfidf_logreg,0,1,0.5634031197085067,"manager: That’s a valid point. If you’re interested, I can send you a few detailed testimonials from customers who specifically mentioned how lightweight and warm our jackets are. Would that help?
client: Yeah, that would be helpful. But I'm also concerned about sizing. I’ve had issues with ordering clothes online that don’t fit well.
manager: I hear you. Getting the right fit is crucial. We offer detailed sizing charts on our website, and we also have a very flexible return and exchange policy. If the size isn’t quite right, you can easily exchange it. Plus, I can guide you through finding the right size now. What size do you usually wear?
client: I normally wear a medium, but sometimes I need a large depending on the brand."
3,5,gwenshap_modamart__0_w011_014,modamart__0,11,14,fix_next_step,actionable_coaching_needed,tfidf_logreg,1,1,0.5755129986379509,"manager: I hear you. Getting the right fit is crucial. We offer detailed sizing charts on our website, and we also have a very flexible return and exchange policy. If the size isn’t quite right, you can easily exchange it. Plus, I can guide you through finding the right size now. What size do you usually wear?
client: I normally wear a medium, but sometimes I need a large depending on the brand.
manager: Understood. Our sizing tends to be true to fit, but I’d recommend measuring yourself using our online guide to ensure accuracy. I can also offer you a 10% discount on your first purchase, which might make taking the plunge a bit easier. How does that sound?
client: That sounds pretty good. I definitely feel more comfortable with the return policy and the discount."
3,6,gwenshap_modamart__0_w013_016,modamart__0,13,16,no_action,actionable_coaching_needed,tfidf_logreg,0,1,0.5035198480034625,"manager: Understood. Our sizing tends to be true to fit, but I’d recommend measuring yourself using our online guide to ensure accuracy. I can also offer you a 10% discount on your first purchase, which might make taking the plunge a bit easier. How does that sound?
client: That sounds pretty good. I definitely feel more comfortable with the return policy and the discount.
manager: I’m glad to hear that. I’ll send you the testimonials and the sizing guide right after our call. Is there anything else you’d like to know about our winter jackets?
client: No, I think that covers it."
3,7,gwenshap_modamart__0_w015_018,modamart__0,15,18,no_action,actionable_coaching_needed,tfidf_logreg,0,0,0.3236699312591001,"manager: I’m glad to hear that. I’ll send you the testimonials and the sizing guide right after our call. Is there anything else you’d like to know about our winter jackets?
client: No, I think that covers it.
manager: Fantastic. I’ll email you the information, and if you have any more questions or need further assistance, feel free to reach out. We’re here to help. Thank you for your time and have a great day!
client: Thank you, Jamie. I appreciate your help. Take care!"
3,33,gwenshap_modamart__4_w001_004,modamart__4,1,4,handle_objection,actionable_coaching_needed,tfidf_logreg,1,1,0.5163378758453604,"manager: Good afternoon, thank you for calling ModaMart. My name is Sarah, how can I assist you today?
client: Hi Sarah, I'm considering making a big purchase, but I have some concerns. Can you help me with that?
manager: Of course! What products are you looking at, and what concerns do you have?
client: I'm looking at the winter jackets, specifically the Model X. It seems a bit pricey, and I'm not sure if it's worth the investment."
3,34,gwenshap_modamart__4_w003_006,modamart__4,3,6,handle_objection,actionable_coaching_needed,tfidf_logreg,1,1,0.5891273598711017,"manager: Of course! What products are you looking at, and what concerns do you have?
client: I'm looking at the winter jackets, specifically the Model X. It seems a bit pricey, and I'm not sure if it's worth the investment.
manager: I understand your concern. The Model X jacket is one of our premium products made with high-quality insulation and weather-resistant materials. It’s designed to keep you warm and dry in extreme conditions. Are you planning on using it for everyday wear, or just for specific activities?
client: Mostly for commuting to work, but I also do some hiking on the weekends. My main issue is that I bought a different jacket last winter, and it didn't hold up well at all."
3,35,gwenshap_modamart__4_w005_008,modamart__4,5,8,handle_objection,actionable_coaching_needed,tfidf_logreg,1,1,0.5694124395582332,"manager: I understand your concern. The Model X jacket is one of our premium products made with high-quality insulation and weather-resistant materials. It’s designed to keep you warm and dry in extreme conditions. Are you planning on using it for everyday wear, or just for specific activities?
client: Mostly for commuting to work, but I also do some hiking on the weekends. My main issue is that I bought a different jacket last winter, and it didn't hold up well at all.
manager: I'm sorry to hear that. Do you remember what brand or model it was? Maybe I can understand better what went wrong last time.
client: It was another brand's mid-tier model. It started to lose its warmth after a couple of months and the zipper broke."
3,36,gwenshap_modamart__4_w007_010,modamart__4,7,10,handle_objection,actionable_coaching_needed,tfidf_logreg,1,1,0.5378613730250509,"manager: I'm sorry to hear that. Do you remember what brand or model it was? Maybe I can understand better what went wrong last time.
client: It was another brand's mid-tier model. It started to lose its warmth after a couple of months and the zipper broke.
manager: That’s definitely frustrating. The Model X jacket has a reinforced zipper and double-stitched seams for durability. Plus, it comes with a one-year warranty that covers any manufacturing defects, so you won’t have to worry about those issues again.
client: That sounds reassuring, but it's still quite a lot of money. Do you offer any payment plans?"
3,37,gwenshap_modamart__4_w009_012,modamart__4,9,12,handle_objection,actionable_coaching_needed,tfidf_logreg,1,1,0.5797833821351438,"manager: That’s definitely frustrating. The Model X jacket has a reinforced zipper and double-stitched seams for durability. Plus, it comes with a one-year warranty that covers any manufacturing defects, so you won’t have to worry about those issues again.
client: That sounds reassuring, but it's still quite a lot of money. Do you offer any payment plans?
manager: Yes, we do offer financing options. You can break down the cost into manageable monthly payments at 0% interest if paid within 6 months. We also have a 30-day return policy if you’re not completely satisfied with your purchase.
client: That definitely helps. Another thing, how do I know if it will fit well? I have a hard time finding jackets that fit just right."
3,38,gwenshap_modamart__4_w011_014,modamart__4,11,14,no_action,actionable_coaching_needed,tfidf_logreg,0,1,0.5512242543762421,"manager: Yes, we do offer financing options. You can break down the cost into manageable monthly payments at 0% interest if paid within 6 months. We also have a 30-day return policy if you’re not completely satisfied with your purchase.
client: That definitely helps. Another thing, how do I know if it will fit well? I have a hard time finding jackets that fit just right.
manager: We offer a comprehensive size guide on our website, but I can also help you over the phone. Could you provide me with your measurements? Additionally, if the size you choose doesn’t fit, you can exchange it free of charge.
client: Great. I’m about 5'8"" and around 160 pounds."
3,39,gwenshap_modamart__4_w013_016,modamart__4,13,16,fix_next_step,actionable_coaching_needed,tfidf_logreg,1,1,0.5207875899989467,"manager: We offer a comprehensive size guide on our website, but I can also help you over the phone. Could you provide me with your measurements? Additionally, if the size you choose doesn’t fit, you can exchange it free of charge.
client: Great. I’m about 5'8"" and around 160 pounds.
manager: Based on that, I would recommend a size Medium. However, it might be a good idea to check our size guide online for more detailed measurements.
client: Okay, I'll check the size guide and think it over. Can I call back if I decide to make the purchase?"
3,40,gwenshap_modamart__4_w015_018,modamart__4,15,18,fix_next_step,actionable_coaching_needed,tfidf_logreg,1,0,0.41269553745068965,"manager: Based on that, I would recommend a size Medium. However, it might be a good idea to check our size guide online for more detailed measurements.
client: Okay, I'll check the size guide and think it over. Can I call back if I decide to make the purchase?
manager: Absolutely, you can call us anytime, or you can order directly through our website at your convenience. Is there anything else I can assist you with right now?
client: No, I think that's it for now. Thanks for all the information, Sarah. You've been very helpful."
3,41,gwenshap_modamart__4_w017_020,modamart__4,17,20,no_action,actionable_coaching_needed,tfidf_logreg,0,0,0.28286255760800577,"manager: Absolutely, you can call us anytime, or you can order directly through our website at your convenience. Is there anything else I can assist you with right now?
client: No, I think that's it for now. Thanks for all the information, Sarah. You've been very helpful.
manager: My pleasure! Feel free to reach out if you have any more questions. Have a great day!
client: You too, thanks!"
3,94,gwenshap_nexiv-solutions__1_w001_004,nexiv-solutions__1,1,4,avoid_early_presentation,actionable_coaching_needed,tfidf_logreg,1,1,0.6080791051680463,"manager: Hi, this is Alex from Nexiv Solutions. Am I speaking with Jamie?
client: Yes, this is Jamie. How can I help you?
manager: Great to speak with you, Jamie. I wanted to introduce you to some of the solutions Nexiv offers. We're helping companies like yours streamline their operations with our integrated software suite. Could I ask, what are some of the challenges you're facing with your current tech setup?
client: Honestly, we're struggling with data consolidation. We have different systems for inventory, sales, and customer management, and it's a hassle to get a clear view of everything."
3,95,gwenshap_nexiv-solutions__1_w003_006,nexiv-solutions__1,3,6,anchor_value,actionable_coaching_needed,tfidf_logreg,1,1,0.5950119417547945,"manager: Great to speak with you, Jamie. I wanted to introduce you to some of the solutions Nexiv offers. We're helping companies like yours streamline their operations with our integrated software suite. Could I ask, what are some of the challenges you're facing with your current tech setup?
client: Honestly, we're struggling with data consolidation. We have different systems for inventory, sales, and customer management, and it's a hassle to get a clear view of everything.
manager: I hear that a lot. Data fragmentation can be a real headache. How much time would you say your team spends on manual data reconciliation each week?
client: Probably around ten hours or more. It's really inefficient."
3,96,gwenshap_nexiv-solutions__1_w005_008,nexiv-solutions__1,5,8,handle_objection,actionable_coaching_needed,tfidf_logreg,1,1,0.6047190886212188,"manager: I hear that a lot. Data fragmentation can be a real headache. How much time would you say your team spends on manual data reconciliation each week?
client: Probably around ten hours or more. It's really inefficient.
manager: That sounds frustrating. Our platform offers a unified dashboard that brings all your data into one place, reducing the need for manual efforts. Could that help reduce those ten hours for your team?
client: It sounds promising, but we’ve tried new systems before, and the transition is always difficult. We're worried about the downtime and the learning curve."
3,97,gwenshap_nexiv-solutions__1_w007_010,nexiv-solutions__1,7,10,handle_objection,actionable_coaching_needed,tfidf_logreg,1,1,0.6242049818992043,"manager: That sounds frustrating. Our platform offers a unified dashboard that brings all your data into one place, reducing the need for manual efforts. Could that help reduce those ten hours for your team?
client: It sounds promising, but we’ve tried new systems before, and the transition is always difficult. We're worried about the downtime and the learning curve.
manager: I understand your concern. Rolling out new software can be challenging. At Nexiv, we provide dedicated onboarding and training support to ensure a smooth transition. Plus, our customer success team is always on hand to assist with any issues. Would that help alleviate some of your concerns?
client: It might, but we're also cautious about the cost. Budget is a big factor for us right now."
3,98,gwenshap_nexiv-solutions__1_w009_012,nexiv-solutions__1,9,12,fix_next_step,actionable_coaching_needed,tfidf_logreg,1,1,0.6073569105459884,"manager: I understand your concern. Rolling out new software can be challenging. At Nexiv, we provide dedicated onboarding and training support to ensure a smooth transition. Plus, our customer success team is always on hand to assist with any issues. Would that help alleviate some of your concerns?
client: It might, but we're also cautious about the cost. Budget is a big factor for us right now.
manager: Absolutely, cost is a key consideration. Our solutions are scalable, and we can tailor a package that fits both your needs and your budget. More often than not, our customers find that the efficiencies they gain actually save them money in the long run. How does that sound?
client: It's worth exploring. What would be the next steps if we were interested in finding out more?"
3,99,gwenshap_nexiv-solutions__1_w011_014,nexiv-solutions__1,11,14,no_action,actionable_coaching_needed,tfidf_logreg,0,1,0.5372657223875172,"manager: Absolutely, cost is a key consideration. Our solutions are scalable, and we can tailor a package that fits both your needs and your budget. More often than not, our customers find that the efficiencies they gain actually save them money in the long run. How does that sound?
client: It's worth exploring. What would be the next steps if we were interested in finding out more?
manager: Great to hear! We can set up a demo tailored to your specific processes and pain points. From there, we would scope out a custom plan and provide a detailed quote. Could we schedule a time for the demo this week?
client: Sure, I have some availability on Thursday afternoon."
4,8,gwenshap_modamart__1_w001_004,modamart__1,1,4,handle_objection,actionable_coaching_needed,tfidf_logreg,1,1,0.5766189994244123,"manager: ** Good morning, this is Sarah from ModaMart. How can I assist you today?
client: ** Hi, this is John. I’ve been looking at some jackets on your website, but I’m not sure which one to choose. They all look pretty similar.
manager: ** Hi John! Thanks for reaching out. I’d be happy to help you find the perfect jacket. Are you looking for something specific, like a certain material or style?
client: ** Well, I’m mainly looking for something warm and stylish for the winter. I noticed some of the jackets say they're insulated, but I’m not sure how warm they really are."
4,9,gwenshap_modamart__1_w003_006,modamart__1,3,6,handle_objection,actionable_coaching_needed,tfidf_logreg,1,1,0.5718555743390259,"manager: ** Hi John! Thanks for reaching out. I’d be happy to help you find the perfect jacket. Are you looking for something specific, like a certain material or style?
client: ** Well, I’m mainly looking for something warm and stylish for the winter. I noticed some of the jackets say they're insulated, but I’m not sure how warm they really are.
manager: ** I understand. Our insulated jackets are designed to keep you warm even in very cold temperatures. We use high-quality down and synthetic materials. Do you have any preferences between down or synthetic insulation?
client: ** I’ve heard down is warmer, but I’m worried about how it holds up in wet weather."
4,10,gwenshap_modamart__1_w005_008,modamart__1,5,8,handle_objection,actionable_coaching_needed,tfidf_logreg,1,1,0.6012984694421025,"manager: ** I understand. Our insulated jackets are designed to keep you warm even in very cold temperatures. We use high-quality down and synthetic materials. Do you have any preferences between down or synthetic insulation?
client: ** I’ve heard down is warmer, but I’m worried about how it holds up in wet weather.
manager: ** That’s a great point. Down is incredibly warm, but it can lose its insulating properties when wet. Synthetic insulation, on the other hand, retains warmth even when damp. If you’re expecting to face wet conditions, I’d recommend going with a synthetic option.
client: ** Got it. Also, some of the reviews mention sizing issues. I don’t want to go through the hassle of returning something that doesn’t fit."
4,11,gwenshap_modamart__1_w007_010,modamart__1,7,10,no_action,actionable_coaching_needed,tfidf_logreg,0,1,0.585871125387637,"manager: ** That’s a great point. Down is incredibly warm, but it can lose its insulating properties when wet. Synthetic insulation, on the other hand, retains warmth even when damp. If you’re expecting to face wet conditions, I’d recommend going with a synthetic option.
client: ** Got it. Also, some of the reviews mention sizing issues. I don’t want to go through the hassle of returning something that doesn’t fit.
manager: ** Understandable. Our jackets tend to run true to size, but I can give you more precise advice if you can tell me your typical jacket size and any specific measurements.
client: ** I'm usually a medium, but sometimes jackets feel tight around my shoulders."
4,12,gwenshap_modamart__1_w009_012,modamart__1,9,12,handle_objection,actionable_coaching_needed,tfidf_logreg,1,1,0.5378213778375874,"manager: ** Understandable. Our jackets tend to run true to size, but I can give you more precise advice if you can tell me your typical jacket size and any specific measurements.
client: ** I'm usually a medium, but sometimes jackets feel tight around my shoulders.
manager: ** Thanks for that info. If you’re concerned about the fit around the shoulders, I’d suggest going for a medium with a relaxed fit, or possibly sizing up to a large, especially with brands like NordicEdge that we carry. They offer more room in the shoulder area without making the jacket look oversized.
client: ** That sounds like a good idea. I'll also need the jacket relatively soon. How long does shipping usually take?"
4,13,gwenshap_modamart__1_w011_014,modamart__1,11,14,no_action,actionable_coaching_needed,tfidf_logreg,0,0,0.4965713108868104,"manager: ** Thanks for that info. If you’re concerned about the fit around the shoulders, I’d suggest going for a medium with a relaxed fit, or possibly sizing up to a large, especially with brands like NordicEdge that we carry. They offer more room in the shoulder area without making the jacket look oversized.
client: ** That sounds like a good idea. I'll also need the jacket relatively soon. How long does shipping usually take?
manager: ** Our standard shipping typically takes 3-5 business days, and we offer expedited options if you need it sooner. Are you looking to receive it by a particular date?
client: ** I'd like to have it within the next week if possible."
4,14,gwenshap_modamart__1_w013_016,modamart__1,13,16,fix_next_step,actionable_coaching_needed,tfidf_logreg,1,0,0.47415214705405034,"manager: ** Our standard shipping typically takes 3-5 business days, and we offer expedited options if you need it sooner. Are you looking to receive it by a particular date?
client: ** I'd like to have it within the next week if possible.
manager: ** In that case, I’d recommend our express shipping option. Let’s finalize your choice of jacket first. Are you leaning towards a specific model?
client: ** I think I’ll go with the NordicEdge Synthetic Insulated Jacket in large, like you mentioned."
4,15,gwenshap_modamart__1_w015_018,modamart__1,15,18,no_action,actionable_coaching_needed,tfidf_logreg,0,0,0.4128199096072639,"manager: ** In that case, I’d recommend our express shipping option. Let’s finalize your choice of jacket first. Are you leaning towards a specific model?
client: ** I think I’ll go with the NordicEdge Synthetic Insulated Jacket in large, like you mentioned.
manager: ** Great choice! I’ll get that set up for you with express shipping. You should receive it within 2-3 business days. Can I assist you with anything else today?
client: ** No, that's all for now. Thanks for your help!"
4,16,gwenshap_modamart__1_w017_020,modamart__1,17,20,no_action,actionable_coaching_needed,tfidf_logreg,0,0,0.2956048791387127,"manager: ** Great choice! I’ll get that set up for you with express shipping. You should receive it within 2-3 business days. Can I assist you with anything else today?
client: ** No, that's all for now. Thanks for your help!
manager: ** You're welcome, John! If you have any other questions, feel free to contact us. Have a great day!
client: ** Thanks, you too."
4,57,gwenshap_modamart__7_w001_004,modamart__7,1,4,anchor_value,actionable_coaching_needed,tfidf_logreg,1,1,0.5547210683711886,"manager: Good afternoon, this is Alex from ModaMart. How can I help you today?
client: Hi, Alex. I'm looking to update my wardrobe for the upcoming season, but I'm having trouble finding items that fit well and are in my budget.
manager: I understand. Finding the perfect fit and staying within budget can be challenging. Could you tell me a bit more about what you're specifically looking for?
client: Sure. I'm looking for casual clothes like jeans and tops, but I also want a couple of more formal outfits for work. My budget is around $300."
4,58,gwenshap_modamart__7_w003_006,modamart__7,3,6,no_action,actionable_coaching_needed,tfidf_logreg,0,1,0.5417321496982466,"manager: I understand. Finding the perfect fit and staying within budget can be challenging. Could you tell me a bit more about what you're specifically looking for?
client: Sure. I'm looking for casual clothes like jeans and tops, but I also want a couple of more formal outfits for work. My budget is around $300.
manager: Great, thanks for sharing that. At ModaMart, we specialize in high-quality, affordable fashion. What sizes are you requiring, and do you have any particular styles or colors in mind?
client: I'm a size 12 for jeans and medium for tops. I prefer neutral colors like black, white, and navy. As for style, I like classic, timeless pieces."
4,59,gwenshap_modamart__7_w005_008,modamart__7,5,8,handle_objection,actionable_coaching_needed,tfidf_logreg,1,1,0.5830649245690209,"manager: Great, thanks for sharing that. At ModaMart, we specialize in high-quality, affordable fashion. What sizes are you requiring, and do you have any particular styles or colors in mind?
client: I'm a size 12 for jeans and medium for tops. I prefer neutral colors like black, white, and navy. As for style, I like classic, timeless pieces.
manager: Got it. We have a range of jeans that are known for their great fit, like our High-Waist Slim Jeans. For tops, we recently launched a line of classic blouses that would pair nicely with those jeans for both casual and formal settings.
client: That sounds good, but I'm worried about the quality. I’ve bought clothes online before that ended up looking cheap or falling apart after a few washes."
4,60,gwenshap_modamart__7_w007_010,modamart__7,7,10,handle_objection,actionable_coaching_needed,tfidf_logreg,1,1,0.5977759548333702,"manager: Got it. We have a range of jeans that are known for their great fit, like our High-Waist Slim Jeans. For tops, we recently launched a line of classic blouses that would pair nicely with those jeans for both casual and formal settings.
client: That sounds good, but I'm worried about the quality. I’ve bought clothes online before that ended up looking cheap or falling apart after a few washes.
manager: I completely understand your concern. What sets ModaMart apart is our commitment to quality. We offer a 90-day return policy and quality guarantees on all our items. Plus, we have thousands of customer reviews if you'd like to read about their experiences.
client: That’s reassuring. But how do I know if the fit will be right? Online shopping can be a bit hit or miss for me."
4,61,gwenshap_modamart__7_w009_012,modamart__7,9,12,fix_next_step,actionable_coaching_needed,tfidf_logreg,1,1,0.5878044256047291,"manager: I completely understand your concern. What sets ModaMart apart is our commitment to quality. We offer a 90-day return policy and quality guarantees on all our items. Plus, we have thousands of customer reviews if you'd like to read about their experiences.
client: That’s reassuring. But how do I know if the fit will be right? Online shopping can be a bit hit or miss for me.
manager: A good fit is crucial. Each of our product pages includes detailed sizing charts and customer reviews specifically mentioning fit. Additionally, we offer free returns, so you can try on items risk-free and return or exchange anything that doesn't work.
client: That’s helpful to know. It sounds pretty good, but I’d like to think it over and maybe browse your site before making a decision."
4,62,gwenshap_modamart__7_w011_014,modamart__7,11,14,no_action,actionable_coaching_needed,tfidf_logreg,0,1,0.509668730543079,"manager: A good fit is crucial. Each of our product pages includes detailed sizing charts and customer reviews specifically mentioning fit. Additionally, we offer free returns, so you can try on items risk-free and return or exchange anything that doesn't work.
client: That’s helpful to know. It sounds pretty good, but I’d like to think it over and maybe browse your site before making a decision.
manager: Of course, take all the time you need. If you’d like, I can also send you an email with direct links to our bestsellers within your criteria. That way, you can easily find what you’re looking for.
client: Yes, please do. That would make it easier for me to browse."
4,63,gwenshap_modamart__7_w013_016,modamart__7,13,16,no_action,actionable_coaching_needed,tfidf_logreg,0,0,0.347943843037273,"manager: Of course, take all the time you need. If you’d like, I can also send you an email with direct links to our bestsellers within your criteria. That way, you can easily find what you’re looking for.
client: Yes, please do. That would make it easier for me to browse.
manager: Absolutely. I'll get that email over to you right after we hang up. If you have any other questions, feel free to reach out to me directly. My contact information will also be in the email.
client: Thank you, Alex. You've been very helpful."
4,64,gwenshap_modamart__7_w015_018,modamart__7,15,18,no_action,actionable_coaching_needed,tfidf_logreg,0,0,0.31438889644347584,"manager: Absolutely. I'll get that email over to you right after we hang up. If you have any other questions, feel free to reach out to me directly. My contact information will also be in the email.
client: Thank you, Alex. You've been very helpful.
manager: You’re welcome! Have a great day, and I look forward to helping you find the perfect outfits at ModaMart.
client: Thanks, you too."
0,49,gwenshap_modamart__6_w001_004,modamart__6,1,4,handle_objection,actionable_coaching_needed,tfidf_linear_svm,1,1,0.35435257390722585,"manager: Thank you for calling ModaMart. This is Alex. How can I help you today?
client: Hi Alex. I’m Lisa. I’ve been looking at your website, but I’m not sure about the sizes for a few items. They seem to vary a lot.
manager: I understand, Lisa. Sizes can be tricky. Are there specific items you’re concerned about?
client: Yes, the summer dresses. I’m usually a medium, but sometimes a small fits better. It’s confusing."
0,50,gwenshap_modamart__6_w003_006,modamart__6,3,6,handle_objection,actionable_coaching_needed,tfidf_linear_svm,1,1,0.5731901033272887,"manager: I understand, Lisa. Sizes can be tricky. Are there specific items you’re concerned about?
client: Yes, the summer dresses. I’m usually a medium, but sometimes a small fits better. It’s confusing.
manager: Got it. We actually have a detailed size chart for each product. Have you had a chance to look at those?
client: I saw the size chart but I’ve had problems with online size charts before. They don't always match up with the actual fit."
0,51,gwenshap_modamart__6_w005_008,modamart__6,5,8,handle_objection,actionable_coaching_needed,tfidf_linear_svm,1,1,0.6734569860069756,"manager: Got it. We actually have a detailed size chart for each product. Have you had a chance to look at those?
client: I saw the size chart but I’ve had problems with online size charts before. They don't always match up with the actual fit.
manager: That's a common issue. One thing we offer is a virtual stylist service. Would you be interested in setting up a quick consultation to get the best fit recommendations?
client: That sounds helpful, but I’m also worried about the return policy if things don’t fit. Is it easy to return items?"
0,52,gwenshap_modamart__6_w007_010,modamart__6,7,10,handle_objection,actionable_coaching_needed,tfidf_linear_svm,1,1,0.22087060413035176,"manager: That's a common issue. One thing we offer is a virtual stylist service. Would you be interested in setting up a quick consultation to get the best fit recommendations?
client: That sounds helpful, but I’m also worried about the return policy if things don’t fit. Is it easy to return items?
manager: Absolutely. You have a 30-day window to return items for a full refund. We also offer free return shipping for all online purchases.
client: That sounds good. But I'm also hesitant because I’ve had bad experiences with slow shipping."
0,53,gwenshap_modamart__6_w009_012,modamart__6,9,12,fix_next_step,actionable_coaching_needed,tfidf_linear_svm,1,0,-0.06422684857726056,"manager: Absolutely. You have a 30-day window to return items for a full refund. We also offer free return shipping for all online purchases.
client: That sounds good. But I'm also hesitant because I’ve had bad experiences with slow shipping.
manager: We hear you, Lisa. At ModaMart, we prioritize fast and reliable shipping. Most of our orders arrive within 5 business days. Plus, we offer expedited shipping if you need your items sooner.
client: Alright, that’s reassuring. How do I set up the virtual stylist consultation?"
0,54,gwenshap_modamart__6_w011_014,modamart__6,11,14,no_action,actionable_coaching_needed,tfidf_linear_svm,0,0,-0.31092995542973567,"manager: We hear you, Lisa. At ModaMart, we prioritize fast and reliable shipping. Most of our orders arrive within 5 business days. Plus, we offer expedited shipping if you need your items sooner.
client: Alright, that’s reassuring. How do I set up the virtual stylist consultation?
manager: You can easily schedule it on our website or I can set it up for you right now. What’s your preferred time and date?
client: I’m free tomorrow afternoon. Maybe around 2 PM?"
0,55,gwenshap_modamart__6_w013_016,modamart__6,13,16,no_action,actionable_coaching_needed,tfidf_linear_svm,0,0,-0.5860307230182327,"manager: You can easily schedule it on our website or I can set it up for you right now. What’s your preferred time and date?
client: I’m free tomorrow afternoon. Maybe around 2 PM?
manager: Perfect. I’ve scheduled your virtual stylist consultation for tomorrow at 2 PM. You’ll receive a confirmation email shortly. Is there anything else I can assist you with?
client: No, that’s all for now. Thanks, Alex."
0,56,gwenshap_modamart__6_w015_018,modamart__6,15,18,no_action,actionable_coaching_needed,tfidf_linear_svm,0,0,-0.6745130491951297,"manager: Perfect. I’ve scheduled your virtual stylist consultation for tomorrow at 2 PM. You’ll receive a confirmation email shortly. Is there anything else I can assist you with?
client: No, that’s all for now. Thanks, Alex.
manager: My pleasure, Lisa. Have a great day and we’ll talk to you tomorrow.
client: Thanks, bye!"
0,84,gwenshap_nexiv-solutions__0_w001_004,nexiv-solutions__0,1,4,avoid_early_presentation,actionable_coaching_needed,tfidf_linear_svm,1,1,0.3358129865072208,"manager: Good afternoon! My name is Kelly from Nexiv Solutions. How are you today?
client: Hi Kelly, I’m doing well, thanks. How about you?
manager: I'm great, thanks for asking! I wanted to take a few minutes to discuss how Nexiv Solutions might be able to help streamline your tech operations. Do you have some time right now?
client: Sure, I have a few minutes."
0,85,gwenshap_nexiv-solutions__0_w003_006,nexiv-solutions__0,3,6,anchor_value,actionable_coaching_needed,tfidf_linear_svm,1,1,0.20320261086759026,"manager: I'm great, thanks for asking! I wanted to take a few minutes to discuss how Nexiv Solutions might be able to help streamline your tech operations. Do you have some time right now?
client: Sure, I have a few minutes.
manager: Fantastic. Can you tell me a bit about your current tech setup and any challenges you’re facing?
client: Well, we are currently using multiple platforms to manage our customer data, and it's becoming increasingly difficult to keep everything synchronized. We often have data discrepancies and it's a real pain point for us."
0,86,gwenshap_nexiv-solutions__0_w005_008,nexiv-solutions__0,5,8,anchor_value,actionable_coaching_needed,tfidf_linear_svm,1,1,0.44490080308476465,"manager: Fantastic. Can you tell me a bit about your current tech setup and any challenges you’re facing?
client: Well, we are currently using multiple platforms to manage our customer data, and it's becoming increasingly difficult to keep everything synchronized. We often have data discrepancies and it's a real pain point for us.
manager: I understand. Data inconsistencies can be very frustrating. How much time do you think your team spends dealing with these issues?
client: Honestly, we’re spending several hours each week just trying to reconcile data from different sources. It's not just time-consuming but also affects our productivity."
0,87,gwenshap_nexiv-solutions__0_w007_010,nexiv-solutions__0,7,10,anchor_value,actionable_coaching_needed,tfidf_linear_svm,1,1,0.46363965507569727,"manager: I understand. Data inconsistencies can be very frustrating. How much time do you think your team spends dealing with these issues?
client: Honestly, we’re spending several hours each week just trying to reconcile data from different sources. It's not just time-consuming but also affects our productivity.
manager: That sounds really tough. What have you tried so far to address this issue?
client: We've tried using third-party integration tools, but they have their own limitations and often create more problems than they solve."
0,88,gwenshap_nexiv-solutions__0_w009_012,nexiv-solutions__0,9,12,handle_objection,actionable_coaching_needed,tfidf_linear_svm,1,1,0.33305351629567903,"manager: That sounds really tough. What have you tried so far to address this issue?
client: We've tried using third-party integration tools, but they have their own limitations and often create more problems than they solve.
manager: I see. It's crucial to have a reliable solution. At Nexiv Solutions, we offer a unified platform that can integrate seamlessly with your existing systems and centralize your customer data to ensure consistency. Would that be something you’re interested in?
client: It sounds promising, but we’re concerned about the implementation process. We can’t afford much downtime."
0,89,gwenshap_nexiv-solutions__0_w011_014,nexiv-solutions__0,11,14,handle_objection,actionable_coaching_needed,tfidf_linear_svm,1,1,0.3672735446617632,"manager: I see. It's crucial to have a reliable solution. At Nexiv Solutions, we offer a unified platform that can integrate seamlessly with your existing systems and centralize your customer data to ensure consistency. Would that be something you’re interested in?
client: It sounds promising, but we’re concerned about the implementation process. We can’t afford much downtime.
manager: That’s a valid concern. Our solution is designed to integrate with minimal disruption to your operations. We also provide comprehensive support during the implementation process to ensure a smooth transition. How does that align with your needs?
client: It does sound reassuring, but we’re also on a tight budget. Can you give me an idea of the cost?"
0,90,gwenshap_nexiv-solutions__0_w013_016,nexiv-solutions__0,13,16,fix_next_step,actionable_coaching_needed,tfidf_linear_svm,1,1,0.3776662969078432,"manager: That’s a valid concern. Our solution is designed to integrate with minimal disruption to your operations. We also provide comprehensive support during the implementation process to ensure a smooth transition. How does that align with your needs?
client: It does sound reassuring, but we’re also on a tight budget. Can you give me an idea of the cost?
manager: Absolutely. While it varies based on the specific package and the size of your operation, I'd be happy to provide a detailed quote after understanding more about your requirements. We often find that the efficiency gained offsets the initial investment quite quickly.
client: Okay, that makes sense. Can you send over some more information?"
0,91,gwenshap_nexiv-solutions__0_w015_018,nexiv-solutions__0,15,18,no_action,actionable_coaching_needed,tfidf_linear_svm,0,1,0.18222710383852486,"manager: Absolutely. While it varies based on the specific package and the size of your operation, I'd be happy to provide a detailed quote after understanding more about your requirements. We often find that the efficiency gained offsets the initial investment quite quickly.
client: Okay, that makes sense. Can you send over some more information?
manager: Of course. I’ll email you a detailed proposal along with case studies that demonstrate how we've helped similar companies. Can we schedule a follow-up call for later this week to discuss any questions you might have?
client: Sure, I am available on Thursday afternoon."
0,92,gwenshap_nexiv-solutions__0_w017_020,nexiv-solutions__0,17,20,no_action,actionable_coaching_needed,tfidf_linear_svm,0,0,-0.5050079012300428,"manager: Of course. I’ll email you a detailed proposal along with case studies that demonstrate how we've helped similar companies. Can we schedule a follow-up call for later this week to discuss any questions you might have?
client: Sure, I am available on Thursday afternoon.
manager: Perfect! I'll set up a meeting for Thursday at 2 PM. I’ll send a calendar invite shortly. Is there anything else you’d like to discuss today?
client: No, that covers it for now. Thanks, Kelly."
0,93,gwenshap_nexiv-solutions__0_w019_022,nexiv-solutions__0,19,22,no_action,actionable_coaching_needed,tfidf_linear_svm,0,0,-0.8114837178755367,"manager: Perfect! I'll set up a meeting for Thursday at 2 PM. I’ll send a calendar invite shortly. Is there anything else you’d like to discuss today?
client: No, that covers it for now. Thanks, Kelly.
manager: You're welcome! Looking forward to our call on Thursday. Have a great day.
client: You too, bye."
1,26,gwenshap_modamart__3_w001_004,modamart__3,1,4,handle_objection,actionable_coaching_needed,tfidf_linear_svm,1,1,0.5312244447075203,"manager: Good afternoon! Thank you for calling ModaMart. My name is Alex. How can I assist you today?
client: Hi, Alex. I'm looking to revamp my wardrobe and I've heard good things about ModaMart, but I've had some bad experiences with online shopping in the past. I'm not sure if I should give it another try.
manager: I understand your concerns. Online shopping can be tricky sometimes. Could you tell me more about what issues you've faced before?
client: Well, the last few times, the clothes didn't fit right and returning them was such a hassle. Plus, the quality wasn't as good as advertised."
1,27,gwenshap_modamart__3_w003_006,modamart__3,3,6,handle_objection,actionable_coaching_needed,tfidf_linear_svm,1,1,0.4185044312654396,"manager: I understand your concerns. Online shopping can be tricky sometimes. Could you tell me more about what issues you've faced before?
client: Well, the last few times, the clothes didn't fit right and returning them was such a hassle. Plus, the quality wasn't as good as advertised.
manager: I'm really sorry to hear that. At ModaMart, we offer a detailed sizing guide to help with the fit, and our return process is designed to be hassle-free. You can return items within 30 days for a full refund. As for quality, all our products go through rigorous quality checks before being shipped.
client: That sounds better, but I'm still skeptical about the fit. How accurate are your sizing charts?"
1,28,gwenshap_modamart__3_w005_008,modamart__3,5,8,handle_objection,actionable_coaching_needed,tfidf_linear_svm,1,1,0.46383682448832675,"manager: I'm really sorry to hear that. At ModaMart, we offer a detailed sizing guide to help with the fit, and our return process is designed to be hassle-free. You can return items within 30 days for a full refund. As for quality, all our products go through rigorous quality checks before being shipped.
client: That sounds better, but I'm still skeptical about the fit. How accurate are your sizing charts?
manager: Our sizing charts are updated regularly based on customer feedback and measurements. Additionally, we offer a virtual fitting room feature where you can input your measurements and see how different sizes might fit you.
client: Hmm. That sounds helpful, but it's still a leap of faith for me. I hate dealing with returns."
1,29,gwenshap_modamart__3_w007_010,modamart__3,7,10,handle_objection,actionable_coaching_needed,tfidf_linear_svm,1,1,0.2640889409685745,"manager: Our sizing charts are updated regularly based on customer feedback and measurements. Additionally, we offer a virtual fitting room feature where you can input your measurements and see how different sizes might fit you.
client: Hmm. That sounds helpful, but it's still a leap of faith for me. I hate dealing with returns.
manager: I completely understand. To make it even easier, we can provide you with a prepaid return label along with your order, so you don't have to worry about shipping costs if something doesn't fit.
client: That’s a nice touch. I’m also concerned about the pricing. I want good quality but at a reasonable price."
1,30,gwenshap_modamart__3_w009_012,modamart__3,9,12,fix_next_step,actionable_coaching_needed,tfidf_linear_svm,1,1,0.04394550227721805,"manager: I completely understand. To make it even easier, we can provide you with a prepaid return label along with your order, so you don't have to worry about shipping costs if something doesn't fit.
client: That’s a nice touch. I’m also concerned about the pricing. I want good quality but at a reasonable price.
manager: We strive to offer quality products at competitive prices. Plus, if you sign up for our ModaMart Rewards program, you’ll receive exclusive discounts and early access to sales. As a new customer, we can offer you a 20% discount on your first purchase.
client: That’s pretty tempting. I might give it a try. What are the next steps?"
1,31,gwenshap_modamart__3_w011_014,modamart__3,11,14,no_action,actionable_coaching_needed,tfidf_linear_svm,0,0,-0.10178250891843643,"manager: We strive to offer quality products at competitive prices. Plus, if you sign up for our ModaMart Rewards program, you’ll receive exclusive discounts and early access to sales. As a new customer, we can offer you a 20% discount on your first purchase.
client: That’s pretty tempting. I might give it a try. What are the next steps?
manager: Great to hear! You can visit our website and sign up for the ModaMart Rewards program right away. If you need any assistance with sizing or product details, feel free to reach out to our customer service team. They'll be more than happy to help.
client: Alright, I’ll check it out. Thank you for addressing my concerns, Alex."
1,32,gwenshap_modamart__3_w013_016,modamart__3,13,16,no_action,actionable_coaching_needed,tfidf_linear_svm,0,0,-0.25155631906533626,"manager: Great to hear! You can visit our website and sign up for the ModaMart Rewards program right away. If you need any assistance with sizing or product details, feel free to reach out to our customer service team. They'll be more than happy to help.
client: Alright, I’ll check it out. Thank you for addressing my concerns, Alex.
manager: It’s my pleasure. Thank you for considering ModaMart. Have a great day, and happy shopping!
client: Thanks, you too. Bye."
1,42,gwenshap_modamart__5_w001_004,modamart__5,1,4,no_action,actionable_coaching_needed,tfidf_linear_svm,0,1,0.379030553051414,"manager: Good afternoon! Thanks for calling ModaMart. My name is Jessica. How can I assist you today?
client: Hi Jessica. I'm considering buying some new clothes for the fall season, but I'm a bit overwhelmed by the options. I usually shop in-store, and online shopping's got me confused with sizing and returns.
manager: I completely understand. Finding the right fit online can be tricky. Are there specific items or styles you're looking for?
client: Yes, I'm looking for some casual and business-casual pieces like sweaters, blouses, and maybe a new pair of jeans."
1,43,gwenshap_modamart__5_w003_006,modamart__5,3,6,handle_objection,actionable_coaching_needed,tfidf_linear_svm,1,1,0.19096577747783364,"manager: I completely understand. Finding the right fit online can be tricky. Are there specific items or styles you're looking for?
client: Yes, I'm looking for some casual and business-casual pieces like sweaters, blouses, and maybe a new pair of jeans.
manager: Great choice for the fall season! At ModaMart, we have detailed size charts and fit guides that can help you determine the best size. Additionally, our return policy is pretty flexible. If something doesn't fit, you can return or exchange it within 30 days.
client: That sounds helpful. But what about the quality? Sometimes online products don’t match the pictures and descriptions."
1,44,gwenshap_modamart__5_w005_008,modamart__5,5,8,handle_objection,actionable_coaching_needed,tfidf_linear_svm,1,1,0.17881359151305512,"manager: Great choice for the fall season! At ModaMart, we have detailed size charts and fit guides that can help you determine the best size. Additionally, our return policy is pretty flexible. If something doesn't fit, you can return or exchange it within 30 days.
client: That sounds helpful. But what about the quality? Sometimes online products don’t match the pictures and descriptions.
manager: That's a common concern. ModaMart ensures high quality for all our products, and we provide customer reviews and ratings for most items. This way, you can see what other customers think before making a purchase. Our customer service team is also available to help with any issues you might have once you receive your order.
client: That’s reassuring. Still, I'm worried about the hassle of returns if I don’t like something. I've had bad experiences with other retailers."
1,45,gwenshap_modamart__5_w007_010,modamart__5,7,10,handle_objection,actionable_coaching_needed,tfidf_linear_svm,1,1,0.2746190727056716,"manager: That's a common concern. ModaMart ensures high quality for all our products, and we provide customer reviews and ratings for most items. This way, you can see what other customers think before making a purchase. Our customer service team is also available to help with any issues you might have once you receive your order.
client: That’s reassuring. Still, I'm worried about the hassle of returns if I don’t like something. I've had bad experiences with other retailers.
manager: I hear you. ModaMart aims to make the returns process as smooth as possible. You can initiate a return directly from your online account, and we provide a prepaid shipping label to send items back without any additional cost.
client: Okay, that does sound convenient. How long does the refund process usually take?"
1,46,gwenshap_modamart__5_w009_012,modamart__5,9,12,fix_next_step,actionable_coaching_needed,tfidf_linear_svm,1,1,0.14303286461185133,"manager: I hear you. ModaMart aims to make the returns process as smooth as possible. You can initiate a return directly from your online account, and we provide a prepaid shipping label to send items back without any additional cost.
client: Okay, that does sound convenient. How long does the refund process usually take?
manager: Once we receive the returned items, refunds are typically processed within 3 to 5 business days. You'll receive an email confirmation when the refund has been issued.
client: That sounds fair. I think I’ll give it a try. How do I get started?"
1,47,gwenshap_modamart__5_w011_014,modamart__5,11,14,no_action,actionable_coaching_needed,tfidf_linear_svm,0,0,-0.15538014828543034,"manager: Once we receive the returned items, refunds are typically processed within 3 to 5 business days. You'll receive an email confirmation when the refund has been issued.
client: That sounds fair. I think I’ll give it a try. How do I get started?
manager: Fantastic! You can start by visiting our website and browsing the fall collection. If you have any questions at any point, feel free to contact us via chat, phone, or email. We’re here to help.
client: Thanks, Jessica. You've been very helpful."
1,48,gwenshap_modamart__5_w013_016,modamart__5,13,16,no_action,actionable_coaching_needed,tfidf_linear_svm,0,0,-0.21824241132598993,"manager: Fantastic! You can start by visiting our website and browsing the fall collection. If you have any questions at any point, feel free to contact us via chat, phone, or email. We’re here to help.
client: Thanks, Jessica. You've been very helpful.
manager: It’s my pleasure! Have a great day shopping with ModaMart, and enjoy your new fall wardrobe!
client: Thanks again. Bye!"
1,65,gwenshap_modamart__8_w001_004,modamart__8,1,4,anchor_value,actionable_coaching_needed,tfidf_linear_svm,1,1,0.3388398087727049,"manager: Thank you for calling ModaMart! This is Sarah, how can I assist you today?
client: Hi, I'm looking for some information on your latest winter collection. I'm particularly interested in jackets.
manager: Absolutely! Our new winter collection just launched, and we have some great jackets in various styles. Are you looking for something more casual or formal?
client: I'm going to need something versatile. You know, something I can wear to work but also on weekends. And it has to be warm because the last jacket I bought from another store wasn’t warm enough."
1,66,gwenshap_modamart__8_w003_006,modamart__8,3,6,handle_objection,actionable_coaching_needed,tfidf_linear_svm,1,1,0.4213737892759116,"manager: Absolutely! Our new winter collection just launched, and we have some great jackets in various styles. Are you looking for something more casual or formal?
client: I'm going to need something versatile. You know, something I can wear to work but also on weekends. And it has to be warm because the last jacket I bought from another store wasn’t warm enough.
manager: I understand. Staying warm in winter is crucial. All our winter jackets are insulated, but for a versatile option, I recommend our ""Everest"" jacket. It's designed to be both work-appropriate and casual.
client: That sounds good, but I'm also concerned about the fit. I'm tall and often find it hard to get a good fit off the rack."
1,67,gwenshap_modamart__8_w005_008,modamart__8,5,8,no_action,actionable_coaching_needed,tfidf_linear_svm,0,1,0.29924747519634043,"manager: I understand. Staying warm in winter is crucial. All our winter jackets are insulated, but for a versatile option, I recommend our ""Everest"" jacket. It's designed to be both work-appropriate and casual.
client: That sounds good, but I'm also concerned about the fit. I'm tall and often find it hard to get a good fit off the rack.
manager: I hear you. Fit can be a tricky issue. The ""Everest"" jacket comes in a variety of sizes, including tall options. If you like, I can check the availability in your size and possibly suggest some alternatives.
client: Sure, that would be helpful."
1,68,gwenshap_modamart__8_w007_010,modamart__8,7,10,no_action,actionable_coaching_needed,tfidf_linear_svm,0,1,0.013768267681090296,"manager: I hear you. Fit can be a tricky issue. The ""Everest"" jacket comes in a variety of sizes, including tall options. If you like, I can check the availability in your size and possibly suggest some alternatives.
client: Sure, that would be helpful.
manager: Great, can you tell me your size? That will help me narrow it down.
client: I usually wear a large, but like I said, I need it in tall sizes."
1,69,gwenshap_modamart__8_w009_012,modamart__8,9,12,handle_objection,actionable_coaching_needed,tfidf_linear_svm,1,1,0.27372932621480484,"manager: Great, can you tell me your size? That will help me narrow it down.
client: I usually wear a large, but like I said, I need it in tall sizes.
manager: Understood. Let me check our inventory... Yes, we have the ""Everest"" in large tall. We also have a similar style called ""Alpine"" which is a bit more fitted but equally warm and versatile.
client: Okay, that sounds good. But what if it doesn't fit right? Can I return it easily?"
1,70,gwenshap_modamart__8_w011_014,modamart__8,11,14,fix_next_step,actionable_coaching_needed,tfidf_linear_svm,1,1,0.20462370602612684,"manager: Understood. Let me check our inventory... Yes, we have the ""Everest"" in large tall. We also have a similar style called ""Alpine"" which is a bit more fitted but equally warm and versatile.
client: Okay, that sounds good. But what if it doesn't fit right? Can I return it easily?
manager: Definitely, we have a hassle-free return policy. You can return or exchange any item within 30 days of purchase, no questions asked.
client: Alright. I think I'll go with the ""Everest"" jacket. Can you help me place the order?"
1,71,gwenshap_modamart__8_w013_016,modamart__8,13,16,no_action,actionable_coaching_needed,tfidf_linear_svm,0,0,-0.0291864014210724,"manager: Definitely, we have a hassle-free return policy. You can return or exchange any item within 30 days of purchase, no questions asked.
client: Alright. I think I'll go with the ""Everest"" jacket. Can you help me place the order?
manager: Of course! I’ll need a few details to complete the order. How would you like to make the payment?
client: I’ll use my credit card."
1,72,gwenshap_modamart__8_w015_018,modamart__8,15,18,no_action,actionable_coaching_needed,tfidf_linear_svm,0,0,-0.07558302868787753,"manager: Of course! I’ll need a few details to complete the order. How would you like to make the payment?
client: I’ll use my credit card.
manager: Perfect. I'll just need your shipping address and payment details to complete your order. Would you like an email confirmation?
client: Yes, please. How long will the shipping take?"
1,73,gwenshap_modamart__8_w017_020,modamart__8,17,20,no_action,actionable_coaching_needed,tfidf_linear_svm,0,0,-0.22209253220817626,"manager: Perfect. I'll just need your shipping address and payment details to complete your order. Would you like an email confirmation?
client: Yes, please. How long will the shipping take?
manager: Standard shipping typically takes 3-5 business days. You’ll receive tracking information via email once the order has been shipped.
client: Great, I appreciate the help!"
1,74,gwenshap_modamart__8_w019_022,modamart__8,19,22,no_action,actionable_coaching_needed,tfidf_linear_svm,0,0,-0.32005130617147953,"manager: Standard shipping typically takes 3-5 business days. You’ll receive tracking information via email once the order has been shipped.
client: Great, I appreciate the help!
manager: My pleasure! Your order will be processed shortly. If you have any other questions or need further assistance, don't hesitate to reach out.
client: Will do. Thanks again!"
2,17,gwenshap_modamart__2_w001_004,modamart__2,1,4,handle_objection,actionable_coaching_needed,tfidf_linear_svm,1,1,0.524496685949069,"manager: Hi there, this is Jake from ModaMart. How are you today?
client: Hi Jake, I'm doing okay. Just busy with work. What can I help you with?
manager: I completely understand! I'll keep it brief. I wanted to touch base about your recent online browsing and see if you had any questions or needed assistance with anything.
client: Well, I have been looking at some of your new fall collection, but I'm honestly not sure about a few things."
2,18,gwenshap_modamart__2_w003_006,modamart__2,3,6,handle_objection,actionable_coaching_needed,tfidf_linear_svm,1,1,0.029189558369873247,"manager: I completely understand! I'll keep it brief. I wanted to touch base about your recent online browsing and see if you had any questions or needed assistance with anything.
client: Well, I have been looking at some of your new fall collection, but I'm honestly not sure about a few things.
manager: That's great to hear you've been checking out our new collection! What specifically has you unsure?
client: The main thing is sizing. I've found that with some brands, the sizes are all over the place. I'm worried about ordering something that doesn't fit right."
2,19,gwenshap_modamart__2_w005_008,modamart__2,5,8,handle_objection,actionable_coaching_needed,tfidf_linear_svm,1,1,0.29263432895451874,"manager: That's great to hear you've been checking out our new collection! What specifically has you unsure?
client: The main thing is sizing. I've found that with some brands, the sizes are all over the place. I'm worried about ordering something that doesn't fit right.
manager: Got it. Sizing can definitely be tricky. At ModaMart, we actually provide detailed sizing charts for each brand. Have you had a chance to look at those?
client: I saw them, but I'm still skeptical. Returning items is just such a hassle."
2,20,gwenshap_modamart__2_w007_010,modamart__2,7,10,handle_objection,actionable_coaching_needed,tfidf_linear_svm,1,1,0.6747370866024525,"manager: Got it. Sizing can definitely be tricky. At ModaMart, we actually provide detailed sizing charts for each brand. Have you had a chance to look at those?
client: I saw them, but I'm still skeptical. Returning items is just such a hassle.
manager: I hear you. To make the process easier, we offer free returns and exchanges within 30 days. We can even schedule a pickup for the return. Does that address your concern?
client: That does help, but I'm also a bit concerned about the quality. I've had bad experiences with online shopping before."
2,21,gwenshap_modamart__2_w009_012,modamart__2,9,12,no_action,actionable_coaching_needed,tfidf_linear_svm,0,1,0.713490314520915,"manager: I hear you. To make the process easier, we offer free returns and exchanges within 30 days. We can even schedule a pickup for the return. Does that address your concern?
client: That does help, but I'm also a bit concerned about the quality. I've had bad experiences with online shopping before.
manager: I understand your concerns. At ModaMart, we pride ourselves on offering high-quality products, but we also have customer reviews for most items. Reading them might give you a better sense of the quality. Have you checked those out?
client: No, I haven't really looked at the reviews yet."
2,22,gwenshap_modamart__2_w011_014,modamart__2,11,14,handle_objection,actionable_coaching_needed,tfidf_linear_svm,1,1,0.3601662470696388,"manager: I understand your concerns. At ModaMart, we pride ourselves on offering high-quality products, but we also have customer reviews for most items. Reading them might give you a better sense of the quality. Have you checked those out?
client: No, I haven't really looked at the reviews yet.
manager: I highly recommend it. They can be very informative. Plus, if you find that you're still not satisfied with the product, our customer service team is here to ensure you have a positive experience.
client: Alright, I'll take a look at the reviews. One more thing—do you have any promotions or discounts going on right now?"
2,23,gwenshap_modamart__2_w013_016,modamart__2,13,16,no_action,actionable_coaching_needed,tfidf_linear_svm,0,0,-0.0828487707870485,"manager: I highly recommend it. They can be very informative. Plus, if you find that you're still not satisfied with the product, our customer service team is here to ensure you have a positive experience.
client: Alright, I'll take a look at the reviews. One more thing—do you have any promotions or discounts going on right now?
manager: I'm glad you asked! We currently have a 15% off promotion for first-time online customers. I can send you a discount code if you're interested.
client: That sounds good. Yeah, please send me the code."
2,24,gwenshap_modamart__2_w015_018,modamart__2,15,18,no_action,actionable_coaching_needed,tfidf_linear_svm,0,0,-0.6799826460458243,"manager: I'm glad you asked! We currently have a 15% off promotion for first-time online customers. I can send you a discount code if you're interested.
client: That sounds good. Yeah, please send me the code.
manager: Will do! I'll email the discount code to you right after this call. Is there anything else I can assist you with today?
client: No, I think that covers my questions for now. Thanks for your help."
2,25,gwenshap_modamart__2_w017_020,modamart__2,17,20,no_action,actionable_coaching_needed,tfidf_linear_svm,0,0,-0.9594746185607521,"manager: Will do! I'll email the discount code to you right after this call. Is there anything else I can assist you with today?
client: No, I think that covers my questions for now. Thanks for your help.
manager: You're welcome! Don't hesitate to reach out if you have any more questions, and enjoy shopping at ModaMart. Have a great day!
client: Thanks, Jake. You too."
2,75,gwenshap_modamart__9_w001_004,modamart__9,1,4,no_action,actionable_coaching_needed,tfidf_linear_svm,0,1,0.328606398004615,"manager: Hi, thank you for calling ModaMart. This is Jamie, how can I assist you today?
client: Hi Jamie, I’ve been having some issues with an order I recently placed.
manager: I’m sorry to hear that. Could you provide me with your order number so I can look into it?
client: Sure, it’s 56789."
2,76,gwenshap_modamart__9_w003_006,modamart__9,3,6,no_action,actionable_coaching_needed,tfidf_linear_svm,0,1,0.2296484870072671,"manager: I’m sorry to hear that. Could you provide me with your order number so I can look into it?
client: Sure, it’s 56789.
manager: Alright, let me pull that up. While I'm doing that, can you tell me exactly what's been going wrong?
client: The main thing is that the dress I received is a different color than what was shown online. Also, it doesn’t fit as expected."
2,77,gwenshap_modamart__9_w005_008,modamart__9,5,8,no_action,actionable_coaching_needed,tfidf_linear_svm,0,1,0.38336811863946585,"manager: Alright, let me pull that up. While I'm doing that, can you tell me exactly what's been going wrong?
client: The main thing is that the dress I received is a different color than what was shown online. Also, it doesn’t fit as expected.
manager: I see. I apologize for that inconvenience. Let me first address the color issue. Can you describe the discrepancy between the color you saw online and the one you received?
client: The dress was supposed to be a light blue, but what I got is more of a teal."
2,78,gwenshap_modamart__9_w007_010,modamart__9,7,10,handle_objection,actionable_coaching_needed,tfidf_linear_svm,1,1,0.13581026939996801,"manager: I see. I apologize for that inconvenience. Let me first address the color issue. Can you describe the discrepancy between the color you saw online and the one you received?
client: The dress was supposed to be a light blue, but what I got is more of a teal.
manager: Thank you for pointing that out. Sometimes colors can appear differently due to screen settings. We can certainly look into that for you. Regarding the fit, did you use our sizing guide when you placed the order?
client: Yes, I did, but it’s still too tight around the waist."
2,79,gwenshap_modamart__9_w009_012,modamart__9,9,12,handle_objection,actionable_coaching_needed,tfidf_linear_svm,1,1,0.2530035892472898,"manager: Thank you for pointing that out. Sometimes colors can appear differently due to screen settings. We can certainly look into that for you. Regarding the fit, did you use our sizing guide when you placed the order?
client: Yes, I did, but it’s still too tight around the waist.
manager: I'm really sorry to hear that. We do our best to create accurate sizing guides, but it sounds like this one didn't match up for you. We can process an exchange for a different size or even a return if you prefer.
client: I think I’d rather return it. But what about the return shipping, do I have to pay for that?"
2,80,gwenshap_modamart__9_w011_014,modamart__9,11,14,fix_next_step,actionable_coaching_needed,tfidf_linear_svm,1,1,0.5311410943295294,"manager: I'm really sorry to hear that. We do our best to create accurate sizing guides, but it sounds like this one didn't match up for you. We can process an exchange for a different size or even a return if you prefer.
client: I think I’d rather return it. But what about the return shipping, do I have to pay for that?
manager: For cases where the item is not as described or doesn't fit as expected despite following our sizing guide, we cover the return shipping costs. I'll email you a prepaid return label and instructions on how to send it back.
client: Okay, that sounds good. What’s the next step after I send it back?"
2,81,gwenshap_modamart__9_w013_016,modamart__9,13,16,handle_objection,actionable_coaching_needed,tfidf_linear_svm,1,1,0.16318077727711597,"manager: For cases where the item is not as described or doesn't fit as expected despite following our sizing guide, we cover the return shipping costs. I'll email you a prepaid return label and instructions on how to send it back.
client: Okay, that sounds good. What’s the next step after I send it back?
manager: Once we receive the returned dress, we’ll process your refund within 3-5 business days and send you a confirmation email. Is there anything else I can help you with today?
client: Actually, I was looking at another dress on your website. Can you tell me about your exchange policy?"
2,82,gwenshap_modamart__9_w015_018,modamart__9,15,18,no_action,actionable_coaching_needed,tfidf_linear_svm,0,0,-0.07388667439416935,"manager: Once we receive the returned dress, we’ll process your refund within 3-5 business days and send you a confirmation email. Is there anything else I can help you with today?
client: Actually, I was looking at another dress on your website. Can you tell me about your exchange policy?
manager: Certainly! If you decide on another dress and it ends up not being right, you have a 30-day window to return or exchange it. Just keep the tags on and bring the original receipt.
client: Alright, that covers everything. Thanks for your help."
2,83,gwenshap_modamart__9_w017_020,modamart__9,17,20,no_action,actionable_coaching_needed,tfidf_linear_svm,0,0,-0.30729037454784175,"manager: Certainly! If you decide on another dress and it ends up not being right, you have a 30-day window to return or exchange it. Just keep the tags on and bring the original receipt.
client: Alright, that covers everything. Thanks for your help.
manager: You’re welcome! I'll send that return label shortly. Have a great day, and feel free to contact us if you have any more questions.
client: Will do, thanks."
3,0,gwenshap_modamart__0_w001_004,modamart__0,1,4,handle_objection,actionable_coaching_needed,tfidf_linear_svm,1,1,0.3039011393124547,"manager: Hi there! Thank you for taking the time to speak with me today. My name is Jamie, and I’m a sales representative from ModaMart. How are you today?
client: Hi Jamie. I'm doing well, thanks. How about you?
manager: I’m great, thank you! So, I understand you’ve been browsing our online store. Is there anything specific you’re looking for today?
client: Well, I've been looking at some winter jackets, but I'm not sure about the quality and if they're worth the price."
3,1,gwenshap_modamart__0_w003_006,modamart__0,3,6,no_action,actionable_coaching_needed,tfidf_linear_svm,0,1,0.4237937120083628,"manager: I’m great, thank you! So, I understand you’ve been browsing our online store. Is there anything specific you’re looking for today?
client: Well, I've been looking at some winter jackets, but I'm not sure about the quality and if they're worth the price.
manager: I completely understand your concerns. Our winter jackets are made from high-quality materials designed to keep you warm even in the harshest conditions. May I ask what specifically you’re looking for in a jacket?
client: I mostly need something that’s really warm but also lightweight. I don’t want to feel like I'm carrying a heavy blanket around."
3,2,gwenshap_modamart__0_w005_008,modamart__0,5,8,handle_objection,actionable_coaching_needed,tfidf_linear_svm,1,1,0.5822984550275246,"manager: I completely understand your concerns. Our winter jackets are made from high-quality materials designed to keep you warm even in the harshest conditions. May I ask what specifically you’re looking for in a jacket?
client: I mostly need something that’s really warm but also lightweight. I don’t want to feel like I'm carrying a heavy blanket around.
manager: That makes total sense. Nobody likes to feel weighed down. We have a range of jackets filled with high-loft down, which is incredibly warm yet very lightweight. Have you had a chance to read any reviews or check out our customer ratings?
client: I did see some reviews, but I’m always a bit skeptical. Sometimes reviews can be misleading."
3,3,gwenshap_modamart__0_w007_010,modamart__0,7,10,handle_objection,actionable_coaching_needed,tfidf_linear_svm,1,1,0.45640542508436355,"manager: That makes total sense. Nobody likes to feel weighed down. We have a range of jackets filled with high-loft down, which is incredibly warm yet very lightweight. Have you had a chance to read any reviews or check out our customer ratings?
client: I did see some reviews, but I’m always a bit skeptical. Sometimes reviews can be misleading.
manager: That’s a valid point. If you’re interested, I can send you a few detailed testimonials from customers who specifically mentioned how lightweight and warm our jackets are. Would that help?
client: Yeah, that would be helpful. But I'm also concerned about sizing. I’ve had issues with ordering clothes online that don’t fit well."
3,4,gwenshap_modamart__0_w009_012,modamart__0,9,12,no_action,actionable_coaching_needed,tfidf_linear_svm,0,1,0.18878525754124,"manager: That’s a valid point. If you’re interested, I can send you a few detailed testimonials from customers who specifically mentioned how lightweight and warm our jackets are. Would that help?
client: Yeah, that would be helpful. But I'm also concerned about sizing. I’ve had issues with ordering clothes online that don’t fit well.
manager: I hear you. Getting the right fit is crucial. We offer detailed sizing charts on our website, and we also have a very flexible return and exchange policy. If the size isn’t quite right, you can easily exchange it. Plus, I can guide you through finding the right size now. What size do you usually wear?
client: I normally wear a medium, but sometimes I need a large depending on the brand."
3,5,gwenshap_modamart__0_w011_014,modamart__0,11,14,fix_next_step,actionable_coaching_needed,tfidf_linear_svm,1,1,0.3143081636348628,"manager: I hear you. Getting the right fit is crucial. We offer detailed sizing charts on our website, and we also have a very flexible return and exchange policy. If the size isn’t quite right, you can easily exchange it. Plus, I can guide you through finding the right size now. What size do you usually wear?
client: I normally wear a medium, but sometimes I need a large depending on the brand.
manager: Understood. Our sizing tends to be true to fit, but I’d recommend measuring yourself using our online guide to ensure accuracy. I can also offer you a 10% discount on your first purchase, which might make taking the plunge a bit easier. How does that sound?
client: That sounds pretty good. I definitely feel more comfortable with the return policy and the discount."
3,6,gwenshap_modamart__0_w013_016,modamart__0,13,16,no_action,actionable_coaching_needed,tfidf_linear_svm,0,1,0.09293742757705725,"manager: Understood. Our sizing tends to be true to fit, but I’d recommend measuring yourself using our online guide to ensure accuracy. I can also offer you a 10% discount on your first purchase, which might make taking the plunge a bit easier. How does that sound?
client: That sounds pretty good. I definitely feel more comfortable with the return policy and the discount.
manager: I’m glad to hear that. I’ll send you the testimonials and the sizing guide right after our call. Is there anything else you’d like to know about our winter jackets?
client: No, I think that covers it."
3,7,gwenshap_modamart__0_w015_018,modamart__0,15,18,no_action,actionable_coaching_needed,tfidf_linear_svm,0,0,-0.6659061470955482,"manager: I’m glad to hear that. I’ll send you the testimonials and the sizing guide right after our call. Is there anything else you’d like to know about our winter jackets?
client: No, I think that covers it.
manager: Fantastic. I’ll email you the information, and if you have any more questions or need further assistance, feel free to reach out. We’re here to help. Thank you for your time and have a great day!
client: Thank you, Jamie. I appreciate your help. Take care!"
3,33,gwenshap_modamart__4_w001_004,modamart__4,1,4,handle_objection,actionable_coaching_needed,tfidf_linear_svm,1,1,0.019897165043667335,"manager: Good afternoon, thank you for calling ModaMart. My name is Sarah, how can I assist you today?
client: Hi Sarah, I'm considering making a big purchase, but I have some concerns. Can you help me with that?
manager: Of course! What products are you looking at, and what concerns do you have?
client: I'm looking at the winter jackets, specifically the Model X. It seems a bit pricey, and I'm not sure if it's worth the investment."
3,34,gwenshap_modamart__4_w003_006,modamart__4,3,6,handle_objection,actionable_coaching_needed,tfidf_linear_svm,1,1,0.39162196640057834,"manager: Of course! What products are you looking at, and what concerns do you have?
client: I'm looking at the winter jackets, specifically the Model X. It seems a bit pricey, and I'm not sure if it's worth the investment.
manager: I understand your concern. The Model X jacket is one of our premium products made with high-quality insulation and weather-resistant materials. It’s designed to keep you warm and dry in extreme conditions. Are you planning on using it for everyday wear, or just for specific activities?
client: Mostly for commuting to work, but I also do some hiking on the weekends. My main issue is that I bought a different jacket last winter, and it didn't hold up well at all."
3,35,gwenshap_modamart__4_w005_008,modamart__4,5,8,handle_objection,actionable_coaching_needed,tfidf_linear_svm,1,1,0.2616593099605044,"manager: I understand your concern. The Model X jacket is one of our premium products made with high-quality insulation and weather-resistant materials. It’s designed to keep you warm and dry in extreme conditions. Are you planning on using it for everyday wear, or just for specific activities?
client: Mostly for commuting to work, but I also do some hiking on the weekends. My main issue is that I bought a different jacket last winter, and it didn't hold up well at all.
manager: I'm sorry to hear that. Do you remember what brand or model it was? Maybe I can understand better what went wrong last time.
client: It was another brand's mid-tier model. It started to lose its warmth after a couple of months and the zipper broke."
3,36,gwenshap_modamart__4_w007_010,modamart__4,7,10,handle_objection,actionable_coaching_needed,tfidf_linear_svm,1,1,0.14679827742280252,"manager: I'm sorry to hear that. Do you remember what brand or model it was? Maybe I can understand better what went wrong last time.
client: It was another brand's mid-tier model. It started to lose its warmth after a couple of months and the zipper broke.
manager: That’s definitely frustrating. The Model X jacket has a reinforced zipper and double-stitched seams for durability. Plus, it comes with a one-year warranty that covers any manufacturing defects, so you won’t have to worry about those issues again.
client: That sounds reassuring, but it's still quite a lot of money. Do you offer any payment plans?"
3,37,gwenshap_modamart__4_w009_012,modamart__4,9,12,handle_objection,actionable_coaching_needed,tfidf_linear_svm,1,1,0.44226186534057166,"manager: That’s definitely frustrating. The Model X jacket has a reinforced zipper and double-stitched seams for durability. Plus, it comes with a one-year warranty that covers any manufacturing defects, so you won’t have to worry about those issues again.
client: That sounds reassuring, but it's still quite a lot of money. Do you offer any payment plans?
manager: Yes, we do offer financing options. You can break down the cost into manageable monthly payments at 0% interest if paid within 6 months. We also have a 30-day return policy if you’re not completely satisfied with your purchase.
client: That definitely helps. Another thing, how do I know if it will fit well? I have a hard time finding jackets that fit just right."
3,38,gwenshap_modamart__4_w011_014,modamart__4,11,14,no_action,actionable_coaching_needed,tfidf_linear_svm,0,1,0.25108715596551895,"manager: Yes, we do offer financing options. You can break down the cost into manageable monthly payments at 0% interest if paid within 6 months. We also have a 30-day return policy if you’re not completely satisfied with your purchase.
client: That definitely helps. Another thing, how do I know if it will fit well? I have a hard time finding jackets that fit just right.
manager: We offer a comprehensive size guide on our website, but I can also help you over the phone. Could you provide me with your measurements? Additionally, if the size you choose doesn’t fit, you can exchange it free of charge.
client: Great. I’m about 5'8"" and around 160 pounds."
3,39,gwenshap_modamart__4_w013_016,modamart__4,13,16,fix_next_step,actionable_coaching_needed,tfidf_linear_svm,1,1,0.037731831032106165,"manager: We offer a comprehensive size guide on our website, but I can also help you over the phone. Could you provide me with your measurements? Additionally, if the size you choose doesn’t fit, you can exchange it free of charge.
client: Great. I’m about 5'8"" and around 160 pounds.
manager: Based on that, I would recommend a size Medium. However, it might be a good idea to check our size guide online for more detailed measurements.
client: Okay, I'll check the size guide and think it over. Can I call back if I decide to make the purchase?"
3,40,gwenshap_modamart__4_w015_018,modamart__4,15,18,fix_next_step,actionable_coaching_needed,tfidf_linear_svm,1,0,-0.33351108122830664,"manager: Based on that, I would recommend a size Medium. However, it might be a good idea to check our size guide online for more detailed measurements.
client: Okay, I'll check the size guide and think it over. Can I call back if I decide to make the purchase?
manager: Absolutely, you can call us anytime, or you can order directly through our website at your convenience. Is there anything else I can assist you with right now?
client: No, I think that's it for now. Thanks for all the information, Sarah. You've been very helpful."
3,41,gwenshap_modamart__4_w017_020,modamart__4,17,20,no_action,actionable_coaching_needed,tfidf_linear_svm,0,0,-0.8237177584296062,"manager: Absolutely, you can call us anytime, or you can order directly through our website at your convenience. Is there anything else I can assist you with right now?
client: No, I think that's it for now. Thanks for all the information, Sarah. You've been very helpful.
manager: My pleasure! Feel free to reach out if you have any more questions. Have a great day!
client: You too, thanks!"
3,94,gwenshap_nexiv-solutions__1_w001_004,nexiv-solutions__1,1,4,avoid_early_presentation,actionable_coaching_needed,tfidf_linear_svm,1,1,0.5044927044804113,"manager: Hi, this is Alex from Nexiv Solutions. Am I speaking with Jamie?
client: Yes, this is Jamie. How can I help you?
manager: Great to speak with you, Jamie. I wanted to introduce you to some of the solutions Nexiv offers. We're helping companies like yours streamline their operations with our integrated software suite. Could I ask, what are some of the challenges you're facing with your current tech setup?
client: Honestly, we're struggling with data consolidation. We have different systems for inventory, sales, and customer management, and it's a hassle to get a clear view of everything."
3,95,gwenshap_nexiv-solutions__1_w003_006,nexiv-solutions__1,3,6,anchor_value,actionable_coaching_needed,tfidf_linear_svm,1,1,0.34835969015173285,"manager: Great to speak with you, Jamie. I wanted to introduce you to some of the solutions Nexiv offers. We're helping companies like yours streamline their operations with our integrated software suite. Could I ask, what are some of the challenges you're facing with your current tech setup?
client: Honestly, we're struggling with data consolidation. We have different systems for inventory, sales, and customer management, and it's a hassle to get a clear view of everything.
manager: I hear that a lot. Data fragmentation can be a real headache. How much time would you say your team spends on manual data reconciliation each week?
client: Probably around ten hours or more. It's really inefficient."
3,96,gwenshap_nexiv-solutions__1_w005_008,nexiv-solutions__1,5,8,handle_objection,actionable_coaching_needed,tfidf_linear_svm,1,1,0.39044142295327,"manager: I hear that a lot. Data fragmentation can be a real headache. How much time would you say your team spends on manual data reconciliation each week?
client: Probably around ten hours or more. It's really inefficient.
manager: That sounds frustrating. Our platform offers a unified dashboard that brings all your data into one place, reducing the need for manual efforts. Could that help reduce those ten hours for your team?
client: It sounds promising, but we’ve tried new systems before, and the transition is always difficult. We're worried about the downtime and the learning curve."
3,97,gwenshap_nexiv-solutions__1_w007_010,nexiv-solutions__1,7,10,handle_objection,actionable_coaching_needed,tfidf_linear_svm,1,1,0.5174701596507532,"manager: That sounds frustrating. Our platform offers a unified dashboard that brings all your data into one place, reducing the need for manual efforts. Could that help reduce those ten hours for your team?
client: It sounds promising, but we’ve tried new systems before, and the transition is always difficult. We're worried about the downtime and the learning curve.
manager: I understand your concern. Rolling out new software can be challenging. At Nexiv, we provide dedicated onboarding and training support to ensure a smooth transition. Plus, our customer success team is always on hand to assist with any issues. Would that help alleviate some of your concerns?
client: It might, but we're also cautious about the cost. Budget is a big factor for us right now."
3,98,gwenshap_nexiv-solutions__1_w009_012,nexiv-solutions__1,9,12,fix_next_step,actionable_coaching_needed,tfidf_linear_svm,1,1,0.4897425640493581,"manager: I understand your concern. Rolling out new software can be challenging. At Nexiv, we provide dedicated onboarding and training support to ensure a smooth transition. Plus, our customer success team is always on hand to assist with any issues. Would that help alleviate some of your concerns?
client: It might, but we're also cautious about the cost. Budget is a big factor for us right now.
manager: Absolutely, cost is a key consideration. Our solutions are scalable, and we can tailor a package that fits both your needs and your budget. More often than not, our customers find that the efficiencies they gain actually save them money in the long run. How does that sound?
client: It's worth exploring. What would be the next steps if we were interested in finding out more?"
3,99,gwenshap_nexiv-solutions__1_w011_014,nexiv-solutions__1,11,14,no_action,actionable_coaching_needed,tfidf_linear_svm,0,1,0.13169703335055427,"manager: Absolutely, cost is a key consideration. Our solutions are scalable, and we can tailor a package that fits both your needs and your budget. More often than not, our customers find that the efficiencies they gain actually save them money in the long run. How does that sound?
client: It's worth exploring. What would be the next steps if we were interested in finding out more?
manager: Great to hear! We can set up a demo tailored to your specific processes and pain points. From there, we would scope out a custom plan and provide a detailed quote. Could we schedule a time for the demo this week?
client: Sure, I have some availability on Thursday afternoon."
4,8,gwenshap_modamart__1_w001_004,modamart__1,1,4,handle_objection,actionable_coaching_needed,tfidf_linear_svm,1,1,0.3595786905728336,"manager: ** Good morning, this is Sarah from ModaMart. How can I assist you today?
client: ** Hi, this is John. I’ve been looking at some jackets on your website, but I’m not sure which one to choose. They all look pretty similar.
manager: ** Hi John! Thanks for reaching out. I’d be happy to help you find the perfect jacket. Are you looking for something specific, like a certain material or style?
client: ** Well, I’m mainly looking for something warm and stylish for the winter. I noticed some of the jackets say they're insulated, but I’m not sure how warm they really are."
4,9,gwenshap_modamart__1_w003_006,modamart__1,3,6,handle_objection,actionable_coaching_needed,tfidf_linear_svm,1,1,0.25419069497682323,"manager: ** Hi John! Thanks for reaching out. I’d be happy to help you find the perfect jacket. Are you looking for something specific, like a certain material or style?
client: ** Well, I’m mainly looking for something warm and stylish for the winter. I noticed some of the jackets say they're insulated, but I’m not sure how warm they really are.
manager: ** I understand. Our insulated jackets are designed to keep you warm even in very cold temperatures. We use high-quality down and synthetic materials. Do you have any preferences between down or synthetic insulation?
client: ** I’ve heard down is warmer, but I’m worried about how it holds up in wet weather."
4,10,gwenshap_modamart__1_w005_008,modamart__1,5,8,handle_objection,actionable_coaching_needed,tfidf_linear_svm,1,1,0.37930372102445464,"manager: ** I understand. Our insulated jackets are designed to keep you warm even in very cold temperatures. We use high-quality down and synthetic materials. Do you have any preferences between down or synthetic insulation?
client: ** I’ve heard down is warmer, but I’m worried about how it holds up in wet weather.
manager: ** That’s a great point. Down is incredibly warm, but it can lose its insulating properties when wet. Synthetic insulation, on the other hand, retains warmth even when damp. If you’re expecting to face wet conditions, I’d recommend going with a synthetic option.
client: ** Got it. Also, some of the reviews mention sizing issues. I don’t want to go through the hassle of returning something that doesn’t fit."
4,11,gwenshap_modamart__1_w007_010,modamart__1,7,10,no_action,actionable_coaching_needed,tfidf_linear_svm,0,1,0.3651905332877625,"manager: ** That’s a great point. Down is incredibly warm, but it can lose its insulating properties when wet. Synthetic insulation, on the other hand, retains warmth even when damp. If you’re expecting to face wet conditions, I’d recommend going with a synthetic option.
client: ** Got it. Also, some of the reviews mention sizing issues. I don’t want to go through the hassle of returning something that doesn’t fit.
manager: ** Understandable. Our jackets tend to run true to size, but I can give you more precise advice if you can tell me your typical jacket size and any specific measurements.
client: ** I'm usually a medium, but sometimes jackets feel tight around my shoulders."
4,12,gwenshap_modamart__1_w009_012,modamart__1,9,12,handle_objection,actionable_coaching_needed,tfidf_linear_svm,1,1,0.14618943188311992,"manager: ** Understandable. Our jackets tend to run true to size, but I can give you more precise advice if you can tell me your typical jacket size and any specific measurements.
client: ** I'm usually a medium, but sometimes jackets feel tight around my shoulders.
manager: ** Thanks for that info. If you’re concerned about the fit around the shoulders, I’d suggest going for a medium with a relaxed fit, or possibly sizing up to a large, especially with brands like NordicEdge that we carry. They offer more room in the shoulder area without making the jacket look oversized.
client: ** That sounds like a good idea. I'll also need the jacket relatively soon. How long does shipping usually take?"
4,13,gwenshap_modamart__1_w011_014,modamart__1,11,14,no_action,actionable_coaching_needed,tfidf_linear_svm,0,0,-0.05573696530845601,"manager: ** Thanks for that info. If you’re concerned about the fit around the shoulders, I’d suggest going for a medium with a relaxed fit, or possibly sizing up to a large, especially with brands like NordicEdge that we carry. They offer more room in the shoulder area without making the jacket look oversized.
client: ** That sounds like a good idea. I'll also need the jacket relatively soon. How long does shipping usually take?
manager: ** Our standard shipping typically takes 3-5 business days, and we offer expedited options if you need it sooner. Are you looking to receive it by a particular date?
client: ** I'd like to have it within the next week if possible."
4,14,gwenshap_modamart__1_w013_016,modamart__1,13,16,fix_next_step,actionable_coaching_needed,tfidf_linear_svm,1,0,-0.15754881990191638,"manager: ** Our standard shipping typically takes 3-5 business days, and we offer expedited options if you need it sooner. Are you looking to receive it by a particular date?
client: ** I'd like to have it within the next week if possible.
manager: ** In that case, I’d recommend our express shipping option. Let’s finalize your choice of jacket first. Are you leaning towards a specific model?
client: ** I think I’ll go with the NordicEdge Synthetic Insulated Jacket in large, like you mentioned."
4,15,gwenshap_modamart__1_w015_018,modamart__1,15,18,no_action,actionable_coaching_needed,tfidf_linear_svm,0,0,-0.28857753066215114,"manager: ** In that case, I’d recommend our express shipping option. Let’s finalize your choice of jacket first. Are you leaning towards a specific model?
client: ** I think I’ll go with the NordicEdge Synthetic Insulated Jacket in large, like you mentioned.
manager: ** Great choice! I’ll get that set up for you with express shipping. You should receive it within 2-3 business days. Can I assist you with anything else today?
client: ** No, that's all for now. Thanks for your help!"
4,16,gwenshap_modamart__1_w017_020,modamart__1,17,20,no_action,actionable_coaching_needed,tfidf_linear_svm,0,0,-0.7457101988179491,"manager: ** Great choice! I’ll get that set up for you with express shipping. You should receive it within 2-3 business days. Can I assist you with anything else today?
client: ** No, that's all for now. Thanks for your help!
manager: ** You're welcome, John! If you have any other questions, feel free to contact us. Have a great day!
client: ** Thanks, you too."
4,57,gwenshap_modamart__7_w001_004,modamart__7,1,4,anchor_value,actionable_coaching_needed,tfidf_linear_svm,1,1,0.18980219783716992,"manager: Good afternoon, this is Alex from ModaMart. How can I help you today?
client: Hi, Alex. I'm looking to update my wardrobe for the upcoming season, but I'm having trouble finding items that fit well and are in my budget.
manager: I understand. Finding the perfect fit and staying within budget can be challenging. Could you tell me a bit more about what you're specifically looking for?
client: Sure. I'm looking for casual clothes like jeans and tops, but I also want a couple of more formal outfits for work. My budget is around $300."
4,58,gwenshap_modamart__7_w003_006,modamart__7,3,6,no_action,actionable_coaching_needed,tfidf_linear_svm,0,1,0.13742248462355783,"manager: I understand. Finding the perfect fit and staying within budget can be challenging. Could you tell me a bit more about what you're specifically looking for?
client: Sure. I'm looking for casual clothes like jeans and tops, but I also want a couple of more formal outfits for work. My budget is around $300.
manager: Great, thanks for sharing that. At ModaMart, we specialize in high-quality, affordable fashion. What sizes are you requiring, and do you have any particular styles or colors in mind?
client: I'm a size 12 for jeans and medium for tops. I prefer neutral colors like black, white, and navy. As for style, I like classic, timeless pieces."
4,59,gwenshap_modamart__7_w005_008,modamart__7,5,8,handle_objection,actionable_coaching_needed,tfidf_linear_svm,1,1,0.3456167394547503,"manager: Great, thanks for sharing that. At ModaMart, we specialize in high-quality, affordable fashion. What sizes are you requiring, and do you have any particular styles or colors in mind?
client: I'm a size 12 for jeans and medium for tops. I prefer neutral colors like black, white, and navy. As for style, I like classic, timeless pieces.
manager: Got it. We have a range of jeans that are known for their great fit, like our High-Waist Slim Jeans. For tops, we recently launched a line of classic blouses that would pair nicely with those jeans for both casual and formal settings.
client: That sounds good, but I'm worried about the quality. I’ve bought clothes online before that ended up looking cheap or falling apart after a few washes."
4,60,gwenshap_modamart__7_w007_010,modamart__7,7,10,handle_objection,actionable_coaching_needed,tfidf_linear_svm,1,1,0.3566367875713421,"manager: Got it. We have a range of jeans that are known for their great fit, like our High-Waist Slim Jeans. For tops, we recently launched a line of classic blouses that would pair nicely with those jeans for both casual and formal settings.
client: That sounds good, but I'm worried about the quality. I’ve bought clothes online before that ended up looking cheap or falling apart after a few washes.
manager: I completely understand your concern. What sets ModaMart apart is our commitment to quality. We offer a 90-day return policy and quality guarantees on all our items. Plus, we have thousands of customer reviews if you'd like to read about their experiences.
client: That’s reassuring. But how do I know if the fit will be right? Online shopping can be a bit hit or miss for me."
4,61,gwenshap_modamart__7_w009_012,modamart__7,9,12,fix_next_step,actionable_coaching_needed,tfidf_linear_svm,1,1,0.3339900514133239,"manager: I completely understand your concern. What sets ModaMart apart is our commitment to quality. We offer a 90-day return policy and quality guarantees on all our items. Plus, we have thousands of customer reviews if you'd like to read about their experiences.
client: That’s reassuring. But how do I know if the fit will be right? Online shopping can be a bit hit or miss for me.
manager: A good fit is crucial. Each of our product pages includes detailed sizing charts and customer reviews specifically mentioning fit. Additionally, we offer free returns, so you can try on items risk-free and return or exchange anything that doesn't work.
client: That’s helpful to know. It sounds pretty good, but I’d like to think it over and maybe browse your site before making a decision."
4,62,gwenshap_modamart__7_w011_014,modamart__7,11,14,no_action,actionable_coaching_needed,tfidf_linear_svm,0,0,-0.04317349481349364,"manager: A good fit is crucial. Each of our product pages includes detailed sizing charts and customer reviews specifically mentioning fit. Additionally, we offer free returns, so you can try on items risk-free and return or exchange anything that doesn't work.
client: That’s helpful to know. It sounds pretty good, but I’d like to think it over and maybe browse your site before making a decision.
manager: Of course, take all the time you need. If you’d like, I can also send you an email with direct links to our bestsellers within your criteria. That way, you can easily find what you’re looking for.
client: Yes, please do. That would make it easier for me to browse."
4,63,gwenshap_modamart__7_w013_016,modamart__7,13,16,no_action,actionable_coaching_needed,tfidf_linear_svm,0,0,-0.7072586415839306,"manager: Of course, take all the time you need. If you’d like, I can also send you an email with direct links to our bestsellers within your criteria. That way, you can easily find what you’re looking for.
client: Yes, please do. That would make it easier for me to browse.
manager: Absolutely. I'll get that email over to you right after we hang up. If you have any other questions, feel free to reach out to me directly. My contact information will also be in the email.
client: Thank you, Alex. You've been very helpful."
4,64,gwenshap_modamart__7_w015_018,modamart__7,15,18,no_action,actionable_coaching_needed,tfidf_linear_svm,0,0,-0.7151333688657868,"manager: Absolutely. I'll get that email over to you right after we hang up. If you have any other questions, feel free to reach out to me directly. My contact information will also be in the email.
client: Thank you, Alex. You've been very helpful.
manager: You’re welcome! Have a great day, and I look forward to helping you find the perfect outfits at ModaMart.
client: Thanks, you too."
